{"type": "FeatureCollection", "features": [{"type": "Feature", "properties": {"place_id": "386231ROpu", "name": "Opuntia"}, "geometry": {"type": "Polygon", "coordinates": [[[23.2865277239419, 38.5646395156272, 0], [23.2904447237464, 38.5594445155146, 0], [23.2978607234011, 38.5666385153496, 0], [23.3039167234034, 38.5696945159189, 0], [23.3106377240687, 38.5686105154702, 0], [23.3187497237359, 38.570998515969, 0], [23.3205277233426, 38.568973515199, 0], [23.3186107237068, 38.5627515152647, 0], [23.3210557237108, 38.5579985156206, 0], [23.3296657242638, 38.5505295152508, 0], [23.329749723508, 38.5502765157645, 0], [23.3336937243493, 38.5384445159251, 0], [23.3378327235599, 38.5364455151629, 0], [23.3470547237253, 38.5404435153833, 0], [23.3686937238343, 38.5370285151709, 0], [23.3805557235289, 38.5264165157311, 0], [23.3793597240522, 38.5234715155831, 0], [23.3791677241285, 38.5229715155682, 0], [23.3754157243668, 38.5215255156657, 0], [23.3547227234244, 38.5219725152798, 0], [23.3503887235326, 38.519637515465, 0], [23.3416667239874, 38.5193055159048, 0], [23.3350277239879, 38.5169175157921, 0], [23.3305549540944, 38.5074729906926, 0], [23.3061287682315, 38.5047654984202, 0], [23.2951676349718, 38.5035504915339, 0], [23.2810941048316, 38.505508423661, 0], [23.2683049080966, 38.5072876303747, 0], [23.2659093304279, 38.507620893815, 0], [23.2617068182686, 38.508804769965, 0], [23.2572412844079, 38.5100627199353, 0], [23.249654716664, 38.5121998210415, 0], [23.2442218777969, 38.5152166416704, 0], [23.2379288214295, 38.5187109778291, 0], [23.2294989957818, 38.5233915289813, 0], [23.2158243895178, 38.5309926099255, 0], [23.2047919824907, 38.5371244288128, 0], [23.202485884263, 38.5384928470385, 0], [23.1965577135196, 38.5420104502566, 0], [23.1859366298773, 38.5483122608844, 0], [23.2015410595068, 38.5666158681362, 0], [23.2171454891363, 38.5798322409728, 0], [23.237951394153, 38.5940625398301, 0], [23.2637728408792, 38.6071294051591, 0], [23.3107720646012, 38.6169267528492, 0], [23.3341429479008, 38.6292100482414, 0], [23.3422217242365, 38.6187205157144, 0], [23.3442227242724, 38.607528515636, 0], [23.341109724004, 38.6019705159805, 0], [23.332721724013, 38.5986665158543, 0], [23.3235547234766, 38.5912205152921, 0], [23.3122497237654, 38.588111515548, 0], [23.2927227239733, 38.5750275154264, 0], [23.2916947241409, 38.5733335151115, 0], [23.2873327233452, 38.566001515687, 0], [23.2865277239419, 38.5646395156272, 0]]]}}, {"type": "Feature", "properties": {"place_id": "382162PLoc", "name": "Locris"}, "geometry": {"type": "MultiPolygon", "coordinates": [[[[22.0893897222036, 38.3596645149155, 0], [22.088277723127, 38.3582495156654, 0], [22.071916722342, 38.3606375150183, 0], [22.0629437226195, 38.375110515708, 0], [22.0675557225694, 38.3763345153319, 0], [22.0819437230665, 38.3720815157598, 0], [22.0836387221403, 38.3654705149235, 0], [22.0893897222036, 38.3596645149155, 0]]], [[[22.4119599996152, 38.5093799998464, 0], [22.4219499994755, 38.4929599997404, 0], [22.4319500003192, 38.4829699998435, 0], [22.4333700000922, 38.4758100001183, 0], [22.4336711277134, 38.4577034487371, 0], [22.4345578087497, 38.4466355117445, 0], [22.4331874648069, 38.4363554036433, 0], [22.434778212992, 38.4292488095919, 0], [22.4347780812176, 38.429248308841, 0], [22.4347777228837, 38.4292485152989, 0], [22.43005572252, 38.4314455151268, 0], [22.4230557230853, 38.4319985153348, 0], [22.4203337228904, 38.4349175155373, 0], [22.4189447224669, 38.4417495150212, 0], [22.416583722863, 38.4430845151667, 0], [22.4099157232483, 38.4418065155727, 0], [22.4098047229673, 38.4363055154558, 0], [22.4134447225808, 38.4233315152909, 0], [22.4117507233742, 38.4127495157974, 0], [22.4095267229092, 38.4097205152271, 0], [22.4038047224611, 38.4070815155066, 0], [22.3964997230874, 38.4073905149974, 0], [22.3910557226975, 38.4056925155141, 0], [22.3848057230371, 38.4007485152965, 0], [22.3814717232298, 38.394164515241, 0], [22.3798887231483, 38.3910285150569, 0], [22.3818047229169, 38.3862495151793, 0], [22.3865277231477, 38.3842765152514, 0], [22.389583722897, 38.3797755156787, 0], [22.3989717229723, 38.3771935155231, 0], [22.4003327224918, 38.3710555154506, 0], [22.4048327234494, 38.3665535156785, 0], [22.4031657229678, 38.3646925153427, 0], [22.3906937233952, 38.3635285152335, 0], [22.3825547226912, 38.3544155155068, 0], [22.3821107227231, 38.3509705154454, 0], [22.3916397225618, 38.3525275154951, 0], [22.3954997230031, 38.3500815149338, 0], [22.395305723345, 38.346889515461, 0], [22.3878057232903, 38.3451385152406, 0], [22.379332723032, 38.3376385153369, 0], [22.3736107225839, 38.335445515312, 0], [22.3604157231179, 38.3386115149329, 0], [22.3588617226516, 38.3422505150181, 0], [22.360471722614, 38.3457215149207, 0], [22.3574707224938, 38.3486405150504, 0], [22.3529717225593, 38.3484145157339, 0], [22.3348327233234, 38.3474995150721, 0], [22.3150557232212, 38.3482505152588, 0], [22.3015267230451, 38.3532215155222, 0], [22.2999167230826, 38.3493035149527, 0], [22.2942497234194, 38.3450545150695, 0], [22.2935557231413, 38.3397785149563, 0], [22.2889177231777, 38.3392215153525, 0], [22.273833722668, 38.3471375150577, 0], [22.265916722526, 38.3485825154375, 0], [22.2600557232048, 38.3585545154014, 0], [22.252915722718, 38.3636665154116, 0], [22.2468597227157, 38.3619455153428, 0], [22.2444717232309, 38.355693515457, 0], [22.2287217233471, 38.3569715155104, 0], [22.2182497227872, 38.3496085152061, 0], [22.212277723185, 38.3453895152256, 0], [22.1973607224525, 38.3395535152119, 0], [22.1934447225151, 38.3353615156879, 0], [22.1900267223077, 38.3256675150658, 0], [22.1871397232258, 38.3246955150895, 0], [22.1836107227374, 38.3259735152994, 0], [22.176944722857, 38.3338615152016, 0], [22.1669157223981, 38.3492235155504, 0], [22.158277723253, 38.351554515177, 0], [22.1532777228312, 38.3454705151797, 0], [22.1454157223181, 38.3460005156203, 0], [22.1433047230243, 38.3475565156382, 0], [22.1439717222657, 38.3533055152858, 0], [22.139998722965, 38.358722515147, 0], [22.137137722741, 38.3591385156015, 0], [22.1294727226434, 38.3603055157265, 0], [22.1278317221755, 38.3655545149768, 0], [22.1185837231523, 38.3644175155979, 0], [22.1140557224466, 38.3686935155569, 0], [22.1097767221839, 38.3660545155211, 0], [22.0967497223622, 38.3724175155077, 0], [22.0885557231851, 38.3740845157555, 0], [22.0822767227536, 38.3787495157311, 0], [22.0744167231308, 38.3788065152541, 0], [22.0703047226452, 38.3805275157908, 0], [22.0665277227369, 38.3880005150104, 0], [22.0597497227084, 38.3906095151309, 0], [22.0537217224541, 38.3957475151145, 0], [22.0508057226011, 38.3959155154864, 0], [22.0384997229385, 38.3910285150569, 0], [22.0253327220646, 38.3930275151665, 0], [22.01816672272, 38.390334515127, 0], [22.0097497231138, 38.3901405156944, 0], [22.0047227228111, 38.3918605154368, 0], [21.9896387223014, 38.3986395150488, 0], [21.9872227230685, 38.398692515655, 0], [21.9753607222181, 38.3989715151114, 0], [21.9658047224985, 38.4053875151883, 0], [21.9506657223598, 38.4057235151217, 0], [21.9456387220571, 38.408137515177, 0], [21.9407217221682, 38.4075545155213, 0], [21.9328327229302, 38.4005005154872, 0], [21.9253877225044, 38.3980285150663, 0], [21.9174437224815, 38.3854705158124, 0], [21.9121107223726, 38.3805275157908, 0], [21.9083607223452, 38.3795275155182, 0], [21.902499723024, 38.3734165157217, 0], [21.892220722255, 38.36883151495, 0], [21.885993723007, 38.368974515797, 0], [21.8776657219807, 38.3691665156724, 0], [21.8558877229985, 38.3759725154037, 0], [21.8482227229009, 38.3854175154808, 0], [21.8419987220984, 38.3886945155947, 0], [21.8329157219621, 38.3898315149443, 0], [21.8251667226203, 38.3873595157741, 0], [21.8156107229007, 38.3795545157705, 0], [21.8104717224498, 38.3773875152495, 0], [21.7956657219983, 38.3763345153319, 0], [21.7870827224821, 38.3728905157507, 0], [21.7808057229408, 38.3631095155304, 0], [21.7799447228856, 38.3555255150278, 0], [21.7738057223503, 38.3423035152356, 0], [21.7716097227892, 38.3321645152122, 0], [21.7685547229071, 38.328887515044, 0], [21.7656667228022, 38.3285825155009, 0], [21.7576387223792, 38.3327485151503, 0], [21.7523607218993, 38.3335265152306, 0], [21.7486667225239, 38.3316115156416, 0], [21.7420007226435, 38.3311955157395, 0], [21.7366657228003, 38.3340565151077, 0], [21.7299177222541, 38.3352505155172, 0], [21.7187542817696, 38.3433481591963, 0], [21.7187542632749, 38.3433482190314, 0], [21.7408749265561, 38.3935423114268, 0], [21.7608485964818, 38.4158728034649, 0], [21.7928064672071, 38.4415339113113, 0], [21.8234327610932, 38.4563422688464, 0], [21.8722517384119, 38.4672119630659, 0], [21.8847400005637, 38.4656299996346, 0], [21.8904500002941, 38.4741900001011, 0], [21.910800000566, 38.4763979715004, 0], [21.9222200000268, 38.4810379713562, 0], [21.9282799994977, 38.4849579712262, 0], [21.9360202693635, 38.4927554039134, 0], [21.9445802696233, 38.4931054039856, 0], [21.9514800002991, 38.4973900002015, 0], [21.9600500003863, 38.4970400001368, 0], [21.9661199996847, 38.4981099998209, 0], [21.9867048647054, 38.5090502694441, 0], [21.9910999998271, 38.5081000000472, 0], [21.995739999525, 38.5105999997889, 0], [22.0003800003788, 38.5109600000481, 0], [22.0035900004763, 38.5084600001422, 0], [22.0069421019248, 38.5079006681668, 0], [22.0200100003588, 38.50577770251, 0], [22.0385700003064, 38.5043477019908, 0], [22.0544375417987, 38.5097315219311, 0], [22.0621299995198, 38.5120300000671, 0], [22.0664099996497, 38.5166700000536, 0], [22.0689100004386, 38.5145200003684, 0], [22.074620000169, 38.5130999995607, 0], [22.0962273143145, 38.4989710134117, 0], [22.1566944781173, 38.5035504915339, 0], [22.1897816149891, 38.5103102755757, 0], [22.2171616419201, 38.5305126188733, 0], [22.2282147791408, 38.55441398085, 0], [22.2295151485656, 38.5752576179334, 0], [22.226914409716, 38.6087980892521, 0], [22.2243136720224, 38.6321655142649, 0], [22.3010354495891, 38.6428307206384, 0], [22.3108402324395, 38.6458573178465, 0], [22.4031144245812, 38.6098142227963, 0], [22.4076657169899, 38.5813570514801, 0], [22.4087499995178, 38.5272200001618, 0], [22.4051799998524, 38.5168700004407, 0], [22.4119599996152, 38.5093799998464, 0]]]]}}, {"type": "Feature", "properties": {"place_id": "387224RDor", "name": "Doris"}, "geometry": {"type": "Polygon", "coordinates": [[[22.4702134714099, 38.7085542702367, 0], [22.4512280817384, 38.6651717204202, 0], [22.4336730985498, 38.6367365109276, 0], [22.4031144245812, 38.6098142227963, 0], [22.3108402324395, 38.6458573178465, 0], [22.3000211612297, 38.6650295721094, 0], [22.3033501062173, 38.6822477300136, 0], [22.315001413674, 38.7001112496681, 0], [22.3237398942665, 38.705956523934, 0], [22.3487069805177, 38.7072554088833, 0], [22.3774191310359, 38.7163469428279, 0], [22.4082118721714, 38.721541585939, 0], [22.4477430927435, 38.7179703093593, 0], [22.4702134714099, 38.7085542702367, 0]]]}}, {"type": "Feature", "properties": {"place_id": "383229EOSD", "name": "Phocis"}, "geometry": {"type": "Polygon", "coordinates": [[[22.933389722897, 38.7639725160297, 0], [22.9491117230328, 38.7548325156795, 0], [22.9562480141858, 38.752658027339, 0], [22.9416752960343, 38.7367986664128, 0], [22.9387624691702, 38.7075801264338, 0], [22.9383463510467, 38.6952398227991, 0], [22.9325206973184, 38.6832222188757, 0], [22.9266950435901, 38.6695781672597, 0], [22.9292099996173, 38.6565399995868, 0], [22.9330148374455, 38.6407993746776, 0], [22.9447181599566, 38.614894673749, 0], [22.9564214813117, 38.6062576928843, 0], [22.9811284946027, 38.594570712276, 0], [23.0026782117766, 38.5867745398011, 0], [22.9928862387849, 38.5805553655547, 0], [22.9898950627929, 38.578655473102, 0], [22.9838428507266, 38.5727252894486, 0], [22.9749703151128, 38.5640307626469, 0], [22.9749702769676, 38.5640307255902, 0], [22.9699213940231, 38.5590826680122, 0], [22.963620015062, 38.5529399518029, 0], [22.9504803550642, 38.5401294474844, 0], [22.9331120673017, 38.5360882301131, 0], [22.9185438757165, 38.5326983584308, 0], [22.9084024913454, 38.5303384654451, 0], [22.8984357288602, 38.529351524457, 0], [22.887363559486, 38.5282551058196, 0], [22.88570537633, 38.5281838372251, 0], [22.8757734855122, 38.5277569611645, 0], [22.8410530812491, 38.5262646469843, 0], [22.829958825792, 38.5192472498692, 0], [22.8234478168796, 38.5151285538789, 0], [22.8139445176725, 38.5050109990059, 0], [22.8133270378634, 38.5043535591105, 0], [22.8107784389072, 38.4996396258162, 0], [22.8060699997475, 38.4909300003285, 0], [22.8069362499722, 38.4763600044377, 0], [22.8069362499722, 38.4752195661233, 0], [22.8069362499722, 38.4651007119122, 0], [22.8013216583748, 38.4592278851257, 0], [22.7983945998755, 38.4516305755814, 0], [22.7946152892916, 38.4418200226299, 0], [22.7823020582198, 38.4098473806441, 0], [22.7831743712229, 38.4030851910476, 0], [22.7845500000126, 38.3924200001668, 0], [22.7997231898283, 38.3761098557135, 0], [22.8001951363723, 38.37560248664, 0], [22.8127638837843, 38.3665584187755, 0], [22.8254172072425, 38.3574523511554, 0], [22.8305717593843, 38.3537425070128, 0], [22.8389959187329, 38.3359323510757, 0], [22.8401424762237, 38.3335079892063, 0], [22.841549803692, 38.3273257349278, 0], [22.842223066841, 38.3243679667955, 0], [22.8458194063594, 38.316929415815, 0], [22.8513776644011, 38.3054313966097, 0], [22.8555388456356, 38.2910624248939, 0], [22.8555388456356, 38.2747305928794, 0], [22.8538743731418, 38.2597020625162, 0], [22.8476811659358, 38.2519208756825, 0], [22.8393102399768, 38.2414022646034, 0], [22.8404498192041, 38.2340448764162, 0], [22.8410978151899, 38.2298609305349, 0], [22.8410977550823, 38.2298604038881, 0], [22.8327217234434, 38.2281375156837, 0], [22.8253877232986, 38.2309985150369, 0], [22.8186947235372, 38.231555514899, 0], [22.8086947238495, 38.2369155152423, 0], [22.8061097227934, 38.2357215150383, 0], [22.8088047231074, 38.2325545155714, 0], [22.8080267235851, 38.2297775150828, 0], [22.8051107237321, 38.2294995155496, 0], [22.8018607231689, 38.2321395148306, 0], [22.7950287233786, 38.2375825155595, 0], [22.7869447234595, 38.2358625150339, 0], [22.7802217230599, 38.2380295153928, 0], [22.7730557237153, 38.2456925151613, 0], [22.7657777230666, 38.2460285154229, 0], [22.764554723709, 38.247832515442, 0], [22.7659167230956, 38.2513045156202, 0], [22.7746657236777, 38.260612514984, 0], [22.7780837238852, 38.2620545150116, 0], [22.7876947232338, 38.2610815155473, 0], [22.7911397233221, 38.262500514843, 0], [22.7863617234623, 38.2672225155985, 0], [22.7880547228018, 38.2693325154806, 0], [22.7958337227818, 38.2719725156949, 0], [22.8003617234875, 38.2752495152183, 0], [22.788804723732, 38.2842215153461, 0], [22.7809157233381, 38.2854725148631, 0], [22.7718047234537, 38.2896645150629, 0], [22.7613887235459, 38.2883605155105, 0], [22.7566947229303, 38.289332515335, 0], [22.753499723152, 38.3001395152414, 0], [22.7424157229798, 38.3022225154734, 0], [22.6939157229338, 38.3231125151269, 0], [22.6822487227644, 38.3428875150475, 0], [22.6772787229809, 38.3446385152898, 0], [22.6772207237505, 38.3464735153418, 0], [22.6844437236142, 38.3474995150721, 0], [22.6878597229315, 38.3503035149826, 0], [22.6913047230198, 38.3616105156387, 0], [22.6898057233384, 38.3629455157086, 0], [22.6868607227143, 38.3649705157827, 0], [22.680749723083, 38.3747215157655, 0], [22.6647777226371, 38.3842765152514, 0], [22.6594997233131, 38.3853335158331, 0], [22.6508327233968, 38.3840285151185, 0], [22.6427067232776, 38.3814065149353, 0], [22.6335277231795, 38.3784445150085, 0], [22.6307767233693, 38.3740535152691, 0], [22.6332227232404, 38.3697205154309, 0], [22.6466097226302, 38.3695255154744, 0], [22.6506387237388, 38.3611105152124, 0], [22.6413057232924, 38.3520005152399, 0], [22.6364167231516, 38.3500815149338, 0], [22.6311947233236, 38.3504445155178, 0], [22.6276397228214, 38.3524435157354, 0], [22.6235827231207, 38.3617775149193, 0], [22.6139717226162, 38.3603325149941, 0], [22.6114157234871, 38.3599425156319, 0], [22.6072497232397, 38.3541375153222, 0], [22.6040547234614, 38.3536375149518, 0], [22.6019437230117, 38.3558875157159, 0], [22.5987777228486, 38.3553615152471, 0], [22.5938047234636, 38.3463325152344, 0], [22.5923057226262, 38.328887515044, 0], [22.5956117226855, 38.3255265152701, 0], [22.6083337237241, 38.3181945152354, 0], [22.5949727231922, 38.3080825150045, 0], [22.5931657228144, 38.3011925155974, 0], [22.5897217225932, 38.2997505153325, 0], [22.5896107234681, 38.2942505156559, 0], [22.5847227231944, 38.2918625153825, 0], [22.5874727231375, 38.2880285152612, 0], [22.5876097234322, 38.2829705151383, 0], [22.5856377230115, 38.2815815149456, 0], [22.5793897230855, 38.2864985153003, 0], [22.5730837227731, 38.2836375155952, 0], [22.5654447226893, 38.2856675151737, 0], [22.5634167227725, 38.2861935152835, 0], [22.5538327233048, 38.2866935155765, 0], [22.551000722696, 38.2930825149856, 0], [22.5526937231913, 38.2951655155207, 0], [22.5411397230373, 38.3119155153683, 0], [22.5341947232316, 38.3204725149721, 0], [22.5273897233222, 38.3240275154826, 0], [22.5231377229403, 38.3298865156673, 0], [22.5258877228834, 38.335219515627, 0], [22.5368607227746, 38.3368065152517, 0], [22.5393617234306, 38.3409725153605, 0], [22.5351097230487, 38.3468625157132, 0], [22.5153617225617, 38.3643605156156, 0], [22.5124167230935, 38.3748315157144, 0], [22.5077227236338, 38.378223515565, 0], [22.5049717226677, 38.3801955153121, 0], [22.5027767229738, 38.385638515598, 0], [22.4796657230642, 38.3991925154783, 0], [22.4640557230766, 38.4140015151009, 0], [22.4596667235559, 38.4237785155288, 0], [22.4543607233279, 38.4261925155028, 0], [22.4424717225965, 38.4248045149725, 0], [22.4347780812176, 38.429248308841, 0], [22.434778212992, 38.4292488095919, 0], [22.4331874648069, 38.4363554036433, 0], [22.4345578087497, 38.4466355117445, 0], [22.4336711277134, 38.4577034487371, 0], [22.4333700000922, 38.4758100001183, 0], [22.4319500003192, 38.4829699998435, 0], [22.4219499994755, 38.4929599997404, 0], [22.4119599996152, 38.5093799998464, 0], [22.4051799998524, 38.5168700004407, 0], [22.4087499995178, 38.5272200001618, 0], [22.4076657169899, 38.5813570514801, 0], [22.4031144245812, 38.6098142227963, 0], [22.4336730985498, 38.6367365109276, 0], [22.4512280817384, 38.6651717204202, 0], [22.4702134714099, 38.7085542702367, 0], [22.5130736369696, 38.7131000991517, 0], [22.534451705273, 38.7164281124811, 0], [22.5353925756413, 38.720151027059, 0], [22.5962806153169, 38.7148923752774, 0], [22.630002827348, 38.7124507127185, 0], [22.6736952291546, 38.6923168074189, 0], [22.7161392777467, 38.6786744906531, 0], [22.7677379238989, 38.6744513413999, 0], [22.802691845113, 38.6832222188757, 0], [22.8380618856065, 38.7514034550926, 0], [22.8474934440564, 38.7729590780062, 0], [22.8499157233797, 38.7711365153043, 0], [22.8666377235998, 38.7585555156449, 0], [22.8715837231039, 38.75886151571, 0], [22.8779447230453, 38.7617225158342, 0], [22.8843607237715, 38.7723615157156, 0], [22.890666722928, 38.7774995157011, 0], [22.8996657238201, 38.7801665161859, 0], [22.9078617238874, 38.7791405157568, 0], [22.9234997236231, 38.773887515666, 0], [22.9264997238762, 38.7702785158382, 0], [22.933389722897, 38.7639725160297, 0]]]}}, {"type": "Feature", "properties": {"place_id": "397227RMag", "name": "Magnesia"}, "geometry": {"type": "MultiPolygon", "coordinates": [[[[23.09541672373, 39.1700545162319, 0], [23.0937207236331, 39.1668045162324, 0], [23.0824717234181, 39.1591105164039, 0], [23.0751947237925, 39.1558035157234, 0], [23.068749723451, 39.1552505159027, 0], [23.0666387241572, 39.1572755162355, 0], [23.0671667233695, 39.1600265160935, 0], [23.0720557235103, 39.1644435161709, 0], [23.069026723642, 39.1680565163505, 0], [23.0718877238661, 39.1706115156812, 0], [23.0783877238365, 39.1688875164436, 0], [23.0903337239311, 39.173636515922, 0], [23.0935837233384, 39.1729995165348, 0], [23.09541672373, 39.1700545162319, 0]]], [[[23.028138723799, 39.5313335161365, 0], [23.0329437235397, 39.5296095166369, 0], [23.0497487231369, 39.5305285162037, 0], [23.0571937235627, 39.5279155168371, 0], [23.0742777230852, 39.5176385163512, 0], [23.0919987235225, 39.504390516788, 0], [23.1034717240339, 39.4930835162099, 0], [23.1109707230656, 39.4785835167796, 0], [23.1164437230707, 39.4696955163151, 0], [23.1349447239207, 39.4473035161339, 0], [23.1481377236524, 39.437861516222, 0], [23.1674997234017, 39.4173045160712, 0], [23.1968057233427, 39.3984715159737, 0], [23.19788872396, 39.3898045163107, 0], [23.2059987238928, 39.3823615161796, 0], [23.2052227241048, 39.378223516453, 0], [23.2059987238928, 39.3770555164923, 0], [23.2091937236711, 39.3723335163844, 0], [23.2181397235127, 39.3674155158927, 0], [23.2218887236729, 39.3576125163587, 0], [23.2287217233304, 39.3544995165149, 0], [23.24072272421, 39.3445815166319, 0], [23.259694723753, 39.3386645161766, 0], [23.2648887238329, 39.3309435160925, 0], [23.2726117243168, 39.3269155163728, 0], [23.2793877234551, 39.3128315163676, 0], [23.2786667232961, 39.3063885164911, 0], [23.281194723833, 39.2979735158379, 0], [23.2872217242201, 39.2916375165747, 0], [23.2886657242726, 39.2795295157742, 0], [23.316277723851, 39.2537765158246, 0], [23.3236677234919, 39.2378345160665, 0], [23.332665723361, 39.2290265161258, 0], [23.3425557237908, 39.2055545158045, 0], [23.3443337233975, 39.2048865158862, 0], [23.3462217234181, 39.198749515871, 0], [23.3516097243119, 39.1942215158177, 0], [23.3531667243797, 39.1896665162189, 0], [23.3476937243745, 39.1852485164136, 0], [23.34577772345, 39.1781385163486, 0], [23.3368337233427, 39.1709435160749, 0], [23.3354427243408, 39.1665565157004, 0], [23.32452772368, 39.1552235163172, 0], [23.3143057234303, 39.1530265164909, 0], [23.305610723766, 39.1476665156492, 0], [23.2938877241005, 39.1468315159261, 0], [23.286916724281, 39.142612516347, 0], [23.2804717239396, 39.1425285158657, 0], [23.2792487234261, 39.1432495156892, 0], [23.2763057236922, 39.145000516533, 0], [23.2698327236026, 39.1451375160627, 0], [23.2536657236316, 39.1328045161415, 0], [23.2495837237843, 39.1313895164166, 0], [23.2287497242344, 39.1308895159287, 0], [23.2218887236729, 39.1356125158212, 0], [23.2189727238199, 39.1351125157296, 0], [23.2161097238616, 39.1323045158371, 0], [23.2179717238684, 39.1270825156552, 0], [23.2230277237863, 39.1243895156495, 0], [23.2252217236131, 39.1179995162453, 0], [23.2241377242846, 39.1143335164399, 0], [23.2101667238746, 39.1086655159818, 0], [23.2061387237891, 39.1056405159555, 0], [23.2053887240148, 39.1001395159863, 0], [23.1992777232276, 39.0982205158868, 0], [23.1955277232002, 39.1077765160102, 0], [23.1831397240276, 39.1082495158564, 0], [23.1776097235033, 39.1084435163886, 0], [23.16827772408, 39.1058045164263, 0], [23.1614167235185, 39.0974725159809, 0], [23.1546937231189, 39.0971375163382, 0], [23.1446107240542, 39.1009175157713, 0], [23.1369987238512, 39.1008065159708, 0], [23.1286387236083, 39.0938065159769, 0], [23.1216947236698, 39.0902785162978, 0], [23.0984727234792, 39.0918045161167, 0], [23.0797207236079, 39.0903885161826, 0], [23.0686947238221, 39.0975565163754, 0], [23.060222723431, 39.0960535160422, 0], [23.0542507238288, 39.1007765164553, 0], [23.0532487240101, 39.1048885161957, 0], [23.0560547234493, 39.1109155162047, 0], [23.0568887236236, 39.1127205160855, 0], [23.0643617237975, 39.1187775162006, 0], [23.0736677232071, 39.1468315159261, 0], [23.0779717236164, 39.1503335163611, 0], [23.0826397230624, 39.151553516359, 0], [23.0920827239226, 39.149859516303, 0], [23.1002497232188, 39.1520265162983, 0], [23.1076107232445, 39.1638065159673, 0], [23.1102217231584, 39.1647485156949, 0], [23.1120277236691, 39.1629445157524, 0], [23.1109447230518, 39.1594995157927, 0], [23.1147787234793, 39.1588585163662, 0], [23.1163057240647, 39.1563605159858, 0], [23.1117777233591, 39.1494445159987, 0], [23.114554723183, 39.1430815161465, 0], [23.1192487237986, 39.143584515779, 0], [23.1225547238579, 39.1401935164357, 0], [23.1131107231305, 39.1300005156858, 0], [23.1136667232468, 39.1285285159044, 0], [23.114665723464, 39.1259155160144, 0], [23.1109707230656, 39.1217225158084, 0], [23.1051097237444, 39.120971516269, 0], [23.101359723717, 39.11794251644, 0], [23.0973607232467, 39.1020845159458, 0], [23.1026377238595, 39.1019165159787, 0], [23.1158887239775, 39.1124145161805, 0], [23.1315267237132, 39.1211125164383, 0], [23.1422787240655, 39.1251365161262, 0], [23.1563337237197, 39.127166515734, 0], [23.1580277240822, 39.1294705162412, 0], [23.1514447235788, 39.1353335158744, 0], [23.1537227238057, 39.1385835163214, 0], [23.1787487236167, 39.1348035162183, 0], [23.1804447237136, 39.1375535162325, 0], [23.1795557239102, 39.1391365162124, 0], [23.178611723322, 39.1407505165292, 0], [23.1822777241052, 39.1474455156708, 0], [23.1788877236458, 39.1551665161624, 0], [23.1842497233699, 39.1643905161657, 0], [23.1887487233045, 39.1601105163057, 0], [23.1942207234425, 39.1650005161433, 0], [23.1974717238728, 39.164111516461, 0], [23.1996937234476, 39.1568335158814, 0], [23.2089177233473, 39.1510005163047, 0], [23.2144717241511, 39.1528885158323, 0], [23.2165547236968, 39.1553875160963, 0], [23.2184997242366, 39.1577225161158, 0], [23.2193337232551, 39.1586945157145, 0], [23.2183897238227, 39.1616395157728, 0], [23.2174167236193, 39.1646115158049, 0], [23.2211377240315, 39.1711115163139, 0], [23.2233617233406, 39.174998515809, 0], [23.2233617233406, 39.1750255158698, 0], [23.2203327234723, 39.1923595165134, 0], [23.2051107239566, 39.2029145157175, 0], [23.2013887236773, 39.2064705159779, 0], [23.1930827231962, 39.2144165159312, 0], [23.1877777239912, 39.2283055163713, 0], [23.1809157235626, 39.2323335160806, 0], [23.1775547238743, 39.2373345165576, 0], [23.1809997239627, 39.2412795165128, 0], [23.1794447236292, 39.2451395161522, 0], [23.1830827235084, 39.2529715160871, 0], [23.1821117241952, 39.2570835162855, 0], [23.1769447239963, 39.2643315159916, 0], [23.1677777234599, 39.2664985164236, 0], [23.1662497241632, 39.2685275160695, 0], [23.1665287240885, 39.2721665158391, 0], [23.1666947239985, 39.2745015164503, 0], [23.1539437233446, 39.2818335165839, 0], [23.1538887237157, 39.2818595164278, 0], [23.1538617238348, 39.2818865165652, 0], [23.1538327242195, 39.2819175161136, 0], [23.1480827240234, 39.2905005160414, 0], [23.1265827239434, 39.3036955166217, 0], [23.1211657234344, 39.3086655158689, 0], [23.1174717240591, 39.3098595164306, 0], [23.1048597234343, 39.3139145158353, 0], [23.0925267238907, 39.3135255166823, 0], [23.0761947238768, 39.3196945159861, 0], [23.0536117231796, 39.3159445163847, 0], [23.0464437241007, 39.319720516079, 0], [23.0367767241, 39.3189155165256, 0], [23.0234717230642, 39.3209985158222, 0], [23.0163057237196, 39.3245545161433, 0], [23.0093877237948, 39.3425285163154, 0], [23.0054167230726, 39.3481935161049, 0], [23.0001657236295, 39.3518325165687, 0], [22.9973047234054, 39.3538055161064, 0], [22.9964157236021, 39.353778516004, 0], [22.9953327229848, 39.3537215161508, 0], [22.9896657233216, 39.3534425163395, 0], [22.9844717232417, 39.349471516617, 0], [22.9756657232964, 39.3488875159411, 0], [22.958554723893, 39.3577765161948, 0], [22.952971723474, 39.3606675163961, 0], [22.9464170047622, 39.3611104972374, 0], [22.9464168544931, 39.3611106875982, 0], [22.9223456642388, 39.3955364276601, 0], [22.863568734825, 39.4304675338564, 0], [22.8374283131378, 39.4652556784411, 0], [22.8332114190743, 39.4708659685397, 0], [22.8015623027025, 39.5107426467269, 0], [22.7989787014604, 39.545117909783, 0], [22.7957491999078, 39.5774848356347, 0], [22.7847688946288, 39.5954046322646, 0], [22.7647890555806, 39.6328531489426, 0], [22.7593720943727, 39.6461124329688, 0], [22.7524738791025, 39.6630598134475, 0], [22.7393094617004, 39.6802077280769, 0], [22.727283765836, 39.6958686281276, 0], [22.6885297460485, 39.7395894661072, 0], [22.672149714266, 39.7663250025963, 0], [22.664233703588, 39.7892558862456, 0], [22.6560280423766, 39.8130177602469, 0], [22.6622286855888, 39.8368283842047, 0], [22.6775236048959, 39.8574575843124, 0], [22.7147274630134, 39.8777633543776, 0], [22.7240296744869, 39.8801428614443, 0], [22.7381937232363, 39.8718065166614, 0], [22.7384081028455, 39.8717101639869, 0], [22.7637207235346, 39.8603325166831, 0], [22.7846107237365, 39.8453595167543, 0], [22.7963327235348, 39.8391375167894, 0], [22.802165723108, 39.8321645171665, 0], [22.8106667231143, 39.8247485164393, 0], [22.825944723282, 39.8163065165979, 0], [22.8476937238049, 39.8043055167423, 0], [22.8543887233005, 39.7979995169261, 0], [22.8599717237195, 39.777942516501, 0], [22.8657227237827, 39.7414435170529, 0], [22.8771107228709, 39.7027205165371, 0], [22.8868057237755, 39.6838875163484, 0], [22.9060267237615, 39.6292755167344, 0], [22.9141667231767, 39.6118045160817, 0], [22.9301507231843, 39.5847235168469, 0], [22.9339707231598, 39.5782505167925, 0], [22.9391377233588, 39.5726125162035, 0], [22.966277723221, 39.5627205162869, 0], [22.9809167238954, 39.5553885160362, 0], [22.9951667230748, 39.553081516072, 0], [23.0032217233787, 39.5490835167866, 0], [23.0135267230055, 39.5389435162878, 0], [23.0231107236291, 39.5331375168879, 0], [23.028138723799, 39.5313335161365, 0]]]]}}, {"type": "Feature", "properties": {"place_id": "384233RBoi", "name": "Boeotia"}, "geometry": {"type": "MultiPolygon", "coordinates": [[[[22.9734167238407, 38.1831665153527, 0], [22.9564987230722, 38.1764985150271, 0], [22.9506657234991, 38.1777755156053, 0], [22.950581723099, 38.1803055154047, 0], [22.9598057229987, 38.1831925147758, 0], [22.9719447240401, 38.184749514858, 0], [22.9734167238407, 38.1831665153527, 0]]], [[[23.0168897235839, 38.1845015153585, 0], [23.0111387235207, 38.1825825148928, 0], [22.9968887231854, 38.1839715155178, 0], [22.995694723443, 38.185554514794, 0], [23.0125007240632, 38.18650051518, 0], [23.0168897235839, 38.1845015153585, 0]]], [[[23.5948051778062, 38.4486387547639, 0], [23.5948047235313, 38.4486385157716, 0], [23.5938887238471, 38.4504425156173, 0], [23.5949466225972, 38.4527040393096, 0], [23.5948047639884, 38.4486389159026, 0], [23.5948051778062, 38.4486387547639, 0]]], [[[23.5953884124543, 38.4653625492031, 0], [23.5951678648784, 38.4590435085842, 0], [23.5943047240671, 38.4605285156848, 0], [23.5953877235285, 38.4653625157158, 0], [23.5953894354398, 38.4653647955719, 0], [23.5953884124543, 38.4653625492031, 0]]], [[[23.0319871928243, 38.5795846859779, 0], [23.0383447354216, 38.5772908202989, 0], [23.0639199998276, 38.5793899998035, 0], [23.0661552415736, 38.5793346397204, 0], [23.077918129581, 38.5790433063991, 0], [23.0871085778692, 38.5788156838551, 0], [23.1018494736759, 38.5721241853932, 0], [23.1101626385231, 38.5681843402615, 0], [23.1241690966498, 38.5610235937119, 0], [23.1384731580104, 38.5569562116368, 0], [23.1537212488571, 38.5550930873639, 0], [23.1616057562064, 38.5538814384681, 0], [23.1859366298773, 38.5483122608844, 0], [23.1965577135196, 38.5420104502566, 0], [23.202485884263, 38.5384928470385, 0], [23.2158243895178, 38.5309926099255, 0], [23.2294989957818, 38.5233915289813, 0], [23.2379288214295, 38.5187109778291, 0], [23.2442218777969, 38.5152166416704, 0], [23.249654716664, 38.5121998210415, 0], [23.2572412844079, 38.5100627199353, 0], [23.2617068182686, 38.508804769965, 0], [23.2683049080966, 38.5072876303747, 0], [23.2810941048316, 38.505508423661, 0], [23.2951676349718, 38.5035504915339, 0], [23.3061287682315, 38.5047654984202, 0], [23.3305549540944, 38.5074729906926, 0], [23.3305547240671, 38.5074725158116, 0], [23.3338597242593, 38.502723515609, 0], [23.3376937235308, 38.5004725153912, 0], [23.3478887238997, 38.4996675156662, 0], [23.3525007238495, 38.5029445150448, 0], [23.3555557237316, 38.5093875154304, 0], [23.364888724178, 38.5085825158508, 0], [23.375333723701, 38.5110015152896, 0], [23.3916657237148, 38.5100555155707, 0], [23.4018327243356, 38.5110815156597, 0], [23.4082507236402, 38.5100285152519, 0], [23.413804724444, 38.5032495157311, 0], [23.4151117242017, 38.5016095155416, 0], [23.4207227243688, 38.49824851561, 0], [23.4288327243017, 38.5006365152468, 0], [23.4465557244733, 38.5015255153187, 0], [23.4614447243019, 38.4996375153059, 0], [23.4690547236146, 38.4981115151144, 0], [23.4849447233947, 38.4891395151693, 0], [23.4956947240126, 38.4892495155703, 0], [23.5156117240111, 38.4835275157727, 0], [23.524220723541, 38.4895545154337, 0], [23.5301947240334, 38.4976385158247, 0], [23.5362487243014, 38.5009155152409, 0], [23.5390827234887, 38.5041655159297, 0], [23.5381657239372, 38.5078045156708, 0], [23.5404167242832, 38.5112755158261, 0], [23.5436117240615, 38.5122215157968, 0], [23.5444997239977, 38.511943515636, 0], [23.5632227242537, 38.5062485154217, 0], [23.5633337245347, 38.5007515151159, 0], [23.5691947238559, 38.4973905158588, 0], [23.5698337245052, 38.4944145157163, 0], [23.575110723962, 38.4923895151771, 0], [23.5784167240213, 38.486945515904, 0], [23.5863607240442, 38.4824445158075, 0], [23.5890557243583, 38.4778895157514, 0], [23.5960827236738, 38.4754445158205, 0], [23.5917487237821, 38.4670295156689, 0], [23.5915827238721, 38.466693515845, 0], [23.5877227245868, 38.4645265150501, 0], [23.5757217237073, 38.4578055154202, 0], [23.5743327244397, 38.453918515828, 0], [23.575276723872, 38.4502485155039, 0], [23.5785267244352, 38.4473035151547, 0], [23.5819717245235, 38.4486115150701, 0], [23.5822217236777, 38.4486955154089, 0], [23.5822767244626, 38.4487225151738, 0], [23.5821107245526, 38.4492485156516, 0], [23.5801387241319, 38.4553335151748, 0], [23.5847227243337, 38.4585835151226, 0], [23.5891377238681, 38.4563595151846, 0], [23.5900547245755, 38.4540825157168, 0], [23.5900547245755, 38.453582515576, 0], [23.5900547245755, 38.4457505150527, 0], [23.5977777239035, 38.444526515551, 0], [23.5995557235102, 38.4429435150256, 0], [23.5984987240626, 38.4369735157811, 0], [23.607083724469, 38.4285845156489, 0], [23.6042497241259, 38.4244455151708, 0], [23.5987487243726, 38.4229995157428, 0], [23.5961667240739, 38.4206955158336, 0], [23.5999997246342, 38.4175255151261, 0], [23.6147787240489, 38.420417515827, 0], [23.6249997244315, 38.4175565150917, 0], [23.6349997241193, 38.4109985157297, 0], [23.6324997244863, 38.403888515271, 0], [23.6326097237443, 38.3972205154996, 0], [23.6374167243752, 38.3881105156072, 0], [23.6357497238936, 38.3841935154989, 0], [23.6384717240886, 38.3778035153567, 0], [23.6425837245742, 38.3755565156427, 0], [23.647666724373, 38.3666955150328, 0], [23.6528887242009, 38.3640285152721, 0], [23.6661657243327, 38.3547205150781, 0], [23.6723057235792, 38.3529435152858, 0], [23.6820277243648, 38.3443335149576, 0], [23.6916097240981, 38.3446655149601, 0], [23.7038877240127, 38.3408885148913, 0], [23.7089531654508, 38.3414597836134, 0], [23.7067344590801, 38.3339159985889, 0], [23.7050202960785, 38.3241338263782, 0], [23.699671835596, 38.297716220531, 0], [23.6991200002443, 38.2949900001292, 0], [23.6686336438349, 38.2675434228326, 0], [23.6619158889812, 38.2641403635626, 0], [23.6129234063913, 38.2393170825017, 0], [23.5946093702959, 38.2328381900721, 0], [23.5421337366172, 38.2142708736255, 0], [23.4886625011137, 38.1989743927317, 0], [23.4518361061398, 38.1884376211726, 0], [23.4167923968553, 38.1826724300564, 0], [23.3981568693704, 38.1796064329933, 0], [23.3473904594651, 38.1845127808127, 0], [23.3006199995683, 38.1736900003993, 0], [23.2575403186655, 38.169786084047, 0], [23.2194249007363, 38.1674203339293, 0], [23.1963709383352, 38.1672423715893, 0], [23.1963699743014, 38.167241846307, 0], [23.1896537232941, 38.1691895153109, 0], [23.1877227232064, 38.1697495154866, 0], [23.1693897231566, 38.1725005150589, 0], [23.1431387230977, 38.1670835153214, 0], [23.1353047234887, 38.1674455156067, 0], [23.1311947238933, 38.1694445153483, 0], [23.1287777236373, 38.1737515147599, 0], [23.130111723276, 38.1785845152482, 0], [23.1346947236106, 38.1804995149299, 0], [23.135777723072, 38.1846385151204, 0], [23.1397497236614, 38.1876675155342, 0], [23.1267507235877, 38.1980285152961, 0], [23.1233617241514, 38.2062225154904, 0], [23.1163327239456, 38.2093315149752, 0], [23.1074447233345, 38.2053065150694, 0], [23.0804157237533, 38.1833875151506, 0], [23.0759157239516, 38.1780545150703, 0], [23.0693047237002, 38.1747505147377, 0], [23.0636667236522, 38.1808315148956, 0], [23.0551657236459, 38.1843865147692, 0], [23.0479997231454, 38.1813045154877, 0], [23.0424177237494, 38.1844445148047, 0], [23.0339717233721, 38.1852225154535, 0], [23.0321667238845, 38.1885255149041, 0], [23.0318597230552, 38.1890825155558, 0], [23.0341107234012, 38.1918595147563, 0], [23.0396117231544, 38.1915015149984, 0], [23.0442217233699, 38.193637515415, 0], [23.0517767230537, 38.1921385147965, 0], [23.0540557231477, 38.1946945153233, 0], [23.0531117237154, 38.1976395153621, 0], [23.0480837235455, 38.2012475149164, 0], [23.0354437231726, 38.2074735156267, 0], [23.0265007240884, 38.2178875155928, 0], [23.0221387232928, 38.2184975149085, 0], [23.004193723715, 38.2161675151891, 0], [22.9992497239452, 38.2172505149327, 0], [22.9928887240038, 38.2157775150876, 0], [22.9890837231916, 38.2177765155083, 0], [22.9727777231915, 38.2195815152531, 0], [22.9685267238327, 38.2156365152072, 0], [22.9644447239853, 38.2169455156819, 0], [22.9589997237283, 38.2143325153784, 0], [22.9568327237824, 38.2191115149421, 0], [22.9518047236125, 38.2236095151721, 0], [22.9482777240143, 38.2247235148313, 0], [22.9453887240422, 38.224887514961, 0], [22.9370557236802, 38.2215535155194, 0], [22.9249167237947, 38.2202225148989, 0], [22.9224167230058, 38.2153625148964, 0], [22.9220277238226, 38.2078055152634, 0], [22.9256377239537, 38.2028345151493, 0], [22.9300557230896, 38.2010575147952, 0], [22.9326377233884, 38.2019995150635, 0], [22.9399447236523, 38.2106095148783, 0], [22.9442497239288, 38.2120545149441, 0], [22.9494987236376, 38.2112235151677, 0], [22.9594727233116, 38.2072485152145, 0], [22.9630547236947, 38.2031665150518, 0], [22.964026724031, 38.1992755148745, 0], [22.9725277240373, 38.1957505151439, 0], [22.9702777235585, 38.1934165149175, 0], [22.9537767240332, 38.1922485155866, 0], [22.9475267232169, 38.1866675151672, 0], [22.9437767231895, 38.1859165150981, 0], [22.9401947239623, 38.1904445150813, 0], [22.934359723499, 38.1915015149984, 0], [22.9328327229136, 38.1928055150217, 0], [22.9299157231934, 38.1953315153555, 0], [22.9197217238476, 38.1965285149478, 0], [22.9117217231727, 38.1918335147925, 0], [22.9065277230929, 38.1915275150807, 0], [22.899054722919, 38.2101935151971, 0], [22.9001097237882, 38.2145535150556, 0], [22.895778723498, 38.2245555151566, 0], [22.8993047232291, 38.2342485150992, 0], [22.8968617229594, 38.2385825156574, 0], [22.8897777231246, 38.2430265151264, 0], [22.8896937238805, 38.2354735148333, 0], [22.8817497238576, 38.2280265148927, 0], [22.8794437238826, 38.2277485150232, 0], [22.8740007233599, 38.2366105149072, 0], [22.867026723939, 38.236945514849, 0], [22.8581097237126, 38.2333595154086, 0], [22.8410977550823, 38.2298604038881, 0], [22.8410978151899, 38.2298609305349, 0], [22.8404498192041, 38.2340448764162, 0], [22.8393102399768, 38.2414022646034, 0], [22.8476811659358, 38.2519208756825, 0], [22.8538743731418, 38.2597020625162, 0], [22.8555388456356, 38.2910624248939, 0], [22.8513776644011, 38.3054313966097, 0], [22.8458194063594, 38.316929415815, 0], [22.842223066841, 38.3243679667955, 0], [22.841549803692, 38.3273257349278, 0], [22.8401424762237, 38.3335079892063, 0], [22.8389959187329, 38.3359323510757, 0], [22.8305717593843, 38.3537425070128, 0], [22.8254172072425, 38.3574523511554, 0], [22.8127638837843, 38.3665584187755, 0], [22.8001951363723, 38.37560248664, 0], [22.7997231898283, 38.3761098557135, 0], [22.7845500000126, 38.3924200001668, 0], [22.7831743712229, 38.4030851910476, 0], [22.7823020582198, 38.4098473806441, 0], [22.7946152892916, 38.4418200226299, 0], [22.7983945998755, 38.4516305755814, 0], [22.8013216583748, 38.4592278851257, 0], [22.8069362499722, 38.4651007119122, 0], [22.8069362499722, 38.4752195661233, 0], [22.8060699997475, 38.4909300003285, 0], [22.8107784389072, 38.4996396258162, 0], [22.8139445176725, 38.5050109990059, 0], [22.8234478168796, 38.5151285538789, 0], [22.829958825792, 38.5192472498692, 0], [22.8410530812491, 38.5262646469843, 0], [22.8757734855122, 38.5277569611645, 0], [22.88570537633, 38.5281838372251, 0], [22.8984357288602, 38.529351524457, 0], [22.9084024913454, 38.5303384654451, 0], [22.9185438757165, 38.5326983584308, 0], [22.9331120673017, 38.5360882301131, 0], [22.9504803550642, 38.5401294474844, 0], [22.963620015062, 38.5529399518029, 0], [22.9749702769676, 38.5640307255902, 0], [22.9749703151128, 38.5640307626469, 0], [22.9838428507266, 38.5727252894486, 0], [22.9928862387849, 38.5805553655547, 0], [23.0026782117766, 38.5867745398011, 0], [23.0164022091661, 38.5842988600425, 0], [23.0214399375232, 38.5833900802939, 0], [23.0319871928243, 38.5795846859779, 0]]]]}}, {"type": "Feature", "properties": {"place_id": "402237ESof", "name": "Chalcidice"}, "geometry": {"type": "MultiPolygon", "coordinates": [[[[23.7425557240153, 40.0650835167479, 0], [23.7278327240967, 40.0623325165433, 0], [23.7256107245219, 40.0649995167516, 0], [23.7303047239816, 40.0715565171752, 0], [23.7383607241526, 40.0713625173491, 0], [23.7420267237799, 40.0691955169752, 0], [23.7425557240153, 40.0650835167479, 0]]], [[[23.8023607237724, 40.2131395171417, 0], [23.8046107242512, 40.2099995168214, 0], [23.8029167238887, 40.2083635170827, 0], [23.7968327241383, 40.210693517424, 0], [23.7843337246848, 40.2100835169594, 0], [23.7797217247349, 40.2129175171665, 0], [23.7821667247389, 40.2173355168236, 0], [23.7781387246534, 40.2261395167596, 0], [23.7781937242824, 40.2307215174556, 0], [23.7883047242511, 40.2367525167442, 0], [23.7916947247105, 40.2345545166877, 0], [23.7974447237507, 40.2214745167305, 0], [23.7959997238311, 40.2152215168014, 0], [23.8023607237724, 40.2131395171417, 0]]], [[[23.9294717243646, 40.3297235174812, 0], [23.9320827242786, 40.3250015172509, 0], [23.9422777246474, 40.3239175176087, 0], [23.954610724191, 40.3162505169417, 0], [23.9529167249843, 40.3141405174034, 0], [23.9312777248753, 40.3171965172606, 0], [23.9242777242847, 40.320194516859, 0], [23.9253057241172, 40.3234185170385, 0], [23.9213887243126, 40.3237765171945, 0], [23.9167787240971, 40.3268325171176, 0], [23.9135277248227, 40.326058516796, 0], [23.9062787237892, 40.3274465175903, 0], [23.9001387245427, 40.3309445174529, 0], [23.8883337242114, 40.334026516786, 0], [23.898665724875, 40.3425565171057, 0], [23.911361724744, 40.3450015175207, 0], [23.9165287249429, 40.3494995171919, 0], [23.9209437244774, 40.3505295168903, 0], [23.9220827245908, 40.3460015171956, 0], [23.92488872403, 40.3435565169059, 0], [23.9309157244171, 40.3423625169254, 0], [23.9322777249597, 40.3391955175535, 0], [23.9294717243646, 40.3297235174812, 0]]], [[[23.7940827241953, 40.6004185177406, 0], [23.7965827238283, 40.5984465176015, 0], [23.8007767238238, 40.5985575178285, 0], [23.8057207247495, 40.6014445174672, 0], [23.8079167243105, 40.5994725177546, 0], [23.8091657248378, 40.5928615177434, 0], [23.8131937237674, 40.5906955171804, 0], [23.8258897247923, 40.5887805173172, 0], [23.83077772391, 40.581139517712, 0], [23.8332207241797, 40.5741125173869, 0], [23.839276724182, 40.5674175173193, 0], [23.85186172377, 40.5673335173728, 0], [23.8585547246872, 40.5711945170658, 0], [23.8631377238659, 40.5697525169816, 0], [23.8674717237576, 40.5671125177103, 0], [23.8709717246308, 40.5688325172442, 0], [23.8773877242012, 40.5665025178348, 0], [23.8850557239002, 40.5630575171327, 0], [23.8879717249091, 40.5647515171197, 0], [23.890387724142, 40.5703055171665, 0], [23.9006117241261, 40.5637215174084, 0], [23.8990837248294, 40.5584185176137, 0], [23.9007217245399, 40.5555005171341, 0], [23.9094447239523, 40.5491115172559, 0], [23.914582724536, 40.5483635169556, 0], [23.9170837240361, 40.5458875176933, 0], [23.9218617238959, 40.546276517515, 0], [23.9253877247829, 40.5420275178052, 0], [23.9239997242266, 40.5399175174593, 0], [23.9180557243724, 40.5386125176168, 0], [23.911666724683, 40.5345275176441, 0], [23.8978327245678, 40.5299995171838, 0], [23.8721387244923, 40.5283325175167, 0], [23.8508337239375, 40.529530517076, 0], [23.8409997241598, 40.528557517137, 0], [23.8360817244038, 40.5249715171326, 0], [23.8334157248608, 40.5187235176348, 0], [23.8291107245843, 40.5151675172161, 0], [23.8307227242811, 40.5071955169344, 0], [23.8285007247062, 40.4977495173824, 0], [23.8289447246743, 40.4890565172371, 0], [23.8316377240982, 40.4774705174605, 0], [23.8390007238582, 40.4625825176521, 0], [23.8474727242493, 40.44908551722, 0], [23.8529167246392, 40.4478885173966, 0], [23.8562217248314, 40.4422495175796, 0], [23.8595827245196, 40.4350285175371, 0], [23.8703877247665, 40.4220855170212, 0], [23.8856657237783, 40.4099435176201, 0], [23.8973617247188, 40.4034165170591, 0], [23.9085267245337, 40.401669517032, 0], [23.9178327239433, 40.4005855171833, 0], [23.9290007245156, 40.3924185175908, 0], [23.9415837243692, 40.3918615172023, 0], [23.9542217238518, 40.3904155171113, 0], [23.9611397249325, 40.3894465169625, 0], [23.9703057244458, 40.3910835168889, 0], [23.9749997239056, 40.3873335176002, 0], [23.981250724589, 40.3877495170537, 0], [23.9835827245777, 40.3881685170808, 0], [23.9856947248945, 40.3885585168712, 0], [23.9892497242408, 40.3888895175244, 0], [23.9999997248588, 40.3901675169307, 0], [24.0044167241275, 40.3906945168832, 0], [24.0124167248024, 40.3920565168114, 0], [24.0200267241152, 40.3954745170453, 0], [24.0213337250288, 40.3989455175954, 0], [24.0163327247398, 40.4095575169869, 0], [24.0128057239857, 40.4145015169988, 0], [24.0119717249672, 40.4192775168259, 0], [24.0068047247682, 40.4211965174318, 0], [24.0055557242409, 40.4285015173959, 0], [24.0071107245744, 40.4333345170059, 0], [24.0039157247961, 40.4371385171567, 0], [24.0070287239086, 40.4411135174797, 0], [24.0110547242599, 40.444195516892, 0], [24.0070287239086, 40.4473045176468, 0], [24.0022767240626, 40.4466945170177, 0], [24.0021107241526, 40.4499175172835, 0], [24.0041097244542, 40.4517795174537, 0], [24.0123617240176, 40.454556517644, 0], [24.0149167244354, 40.4571385169682, 0], [24.0217777249969, 40.4577795172921, 0], [24.0226667248002, 40.4513895171979, 0], [24.0219437249069, 40.4479455176622, 0], [24.024444724407, 40.4455005174191, 0], [24.0296667242349, 40.4431125170494, 0], [24.0359437249321, 40.4247515169511, 0], [24.0370007243797, 40.4211395173662, 0], [24.0413887240332, 40.4168895170477, 0], [24.0460547249008, 40.4071965176761, 0], [24.0539717250428, 40.4039735169254, 0], [24.0613607248166, 40.3936655169322, 0], [24.0652767247539, 40.3926135173477, 0], [24.0675557248479, 40.3887795169532, 0], [24.0721657250635, 40.386166517178, 0], [24.0794717243043, 40.3772245174885, 0], [24.0936387241066, 40.3748635176125, 0], [24.1038337244755, 40.3737795168628, 0], [24.1050547240988, 40.3733335172686, 0], [24.1077497244128, 40.3731965168895, 0], [24.1094437247753, 40.3688895168256, 0], [24.1250547246302, 40.3670275169941, 0], [24.1283607246894, 40.3671115168363, 0], [24.1344167246918, 40.3713885176509, 0], [24.1513877241989, 40.3599435170943, 0], [24.1546937242582, 40.3595855168015, 0], [24.1608047250454, 40.3629465176182, 0], [24.1645557249399, 40.3658075170881, 0], [24.1693607246807, 40.3650025173626, 0], [24.1795557250495, 40.3577235171539, 0], [24.1922487241611, 40.3548625172478, 0], [24.2002507245703, 40.34980451704, 0], [24.2037217246724, 40.3455545171267, 0], [24.2011657243874, 40.3363345175577, 0], [24.20294372515, 40.3301935174295, 0], [24.2069717240797, 40.3266375173504, 0], [24.2166937248652, 40.3227775170748, 0], [24.2200262242938, 40.3227225170569, 0], [24.221776724664, 40.3226935175262, 0], [24.2329727249844, 40.3259435174904, 0], [24.2393047241546, 40.3249745173842, 0], [24.2581937243206, 40.3163075167669, 0], [24.2622217244062, 40.3132215167481, 0], [24.2603047247704, 40.309277516757, 0], [24.2622217244062, 40.30611051706, 0], [24.2796667245197, 40.2962765173136, 0], [24.2798327244297, 40.2930835168528, 0], [24.2798327244297, 40.2864465168765, 0], [24.288444724717, 40.2738345170521, 0], [24.2903607244856, 40.2642795169809, 0], [24.3034727245746, 40.250668516754, 0], [24.3199727242328, 40.2414705169487, 0], [24.3374437243601, 40.2309155171015, 0], [24.345166724844, 40.2242515174014, 0], [24.3506947244781, 40.2140855173374, 0], [24.359137725254, 40.2115565174987, 0], [24.3652777245005, 40.2071385171487, 0], [24.3730827244943, 40.205723517418, 0], [24.3871377253044, 40.1976135173944, 0], [24.3936937247709, 40.1904455174779, 0], [24.3959997247459, 40.1868905168232, 0], [24.401666724409, 40.1780825168104, 0], [24.4063607250247, 40.1660545168919, 0], [24.4077777251962, 40.1608325172553, 0], [24.4069997245179, 40.1507495167375, 0], [24.4048607243201, 40.1454165172473, 0], [24.4001387251124, 40.1443905169544, 0], [24.3944437245452, 40.1449435169895, 0], [24.3873327248296, 40.1372225171654, 0], [24.380776725363, 40.1377495171828, 0], [24.3765557243307, 40.1390005167684, 0], [24.3712497252586, 40.1375015168521, 0], [24.3637497252038, 40.1322795167393, 0], [24.3534157248059, 40.1315845167663, 0], [24.348027725068, 40.1312225166078, 0], [24.3354717250953, 40.1263625171635, 0], [24.3328057243965, 40.1253325169567, 0], [24.318305724907, 40.1233605167113, 0], [24.31269472474, 40.1220825169548, 0], [24.3094157245616, 40.1224445171763, 0], [24.3009717250745, 40.1318325165969, 0], [24.2996117242662, 40.1354715174048, 0], [24.3003327244253, 40.1391115172021, 0], [24.3015267241677, 40.1451685166261, 0], [24.3015557249388, 40.145363516592, 0], [24.3014157250426, 40.1458635172773, 0], [24.299804725213, 40.151501516833, 0], [24.2912217245409, 40.1640825173668, 0], [24.2894987245631, 40.1688355174542, 0], [24.2751937245989, 40.176251517147, 0], [24.2673607248571, 40.1849715167242, 0], [24.2526947243017, 40.1928335174944, 0], [24.242749724243, 40.1955575172014, 0], [24.2353897252403, 40.1999445167397, 0], [24.2282217250055, 40.2070545168919, 0], [24.227248724802, 40.2091105171447, 0], [24.2297227244212, 40.215695517334, 0], [24.2309717249485, 40.2190295169161, 0], [24.2291947252089, 40.2244455170452, 0], [24.2288887242468, 40.2253885166942, 0], [24.211081724831, 40.2432215167158, 0], [24.2031377248081, 40.2473605168088, 0], [24.1931667247356, 40.2567225169936, 0], [24.1749727247149, 40.2813615167063, 0], [24.1701097245878, 40.2879465173503, 0], [24.1696397246059, 40.2885825169963, 0], [24.1686937242834, 40.288860516864, 0], [24.164777724346, 40.290054517217, 0], [24.1471667243225, 40.2905015172016, 0], [24.1198327248022, 40.2945565175779, 0], [24.1008337242224, 40.2919735170661, 0], [24.0957217248083, 40.2932215175584, 0], [24.089332723963, 40.2953345175495, 0], [24.0769157240193, 40.2993325170823, 0], [24.0681947243412, 40.300915516899, 0], [24.0598597242449, 40.300221517113, 0], [24.054000724658, 40.2980275172702, 0], [24.0418607249053, 40.3020295175096, 0], [24.0277207249839, 40.3107805168155, 0], [24.0119167241823, 40.3229185169318, 0], [23.9999997248588, 40.3282785174447, 0], [23.9975547248548, 40.3293885172638, 0], [23.9873617242203, 40.3302505169382, 0], [23.9836667249778, 40.3324175173418, 0], [23.9835827245777, 40.3325275173941, 0], [23.9695547248044, 40.3523905171823, 0], [23.9636937243273, 40.3561105174411, 0], [23.9435827246708, 40.363999516905, 0], [23.9193607243958, 40.3704195167919, 0], [23.9121107246511, 40.3718075172901, 0], [23.9067777245422, 40.3707245171225, 0], [23.8968887239796, 40.3658605171003, 0], [23.8879717249091, 40.3703885175241, 0], [23.871554724628, 40.3758625170283, 0], [23.8643607243794, 40.3765835171074, 0], [23.8528057243582, 40.3748635176125, 0], [23.8271387241637, 40.3681375169033, 0], [23.8122497243351, 40.3612795171773, 0], [23.7990277238322, 40.3517235167739, 0], [23.7918887243685, 40.3451125172461, 0], [23.7886387238054, 40.3445555169254, 0], [23.7775267238851, 40.3513075168767, 0], [23.769137724027, 40.35175051739, 0], [23.7561947246053, 40.3593605172218, 0], [23.7480277241533, 40.3613895168509, 0], [23.74211072418, 40.3600855173875, 0], [23.7386667239588, 40.357445517105, 0], [23.7359447237639, 40.3528065174459, 0], [23.7355267238095, 40.3436135174611, 0], [23.7324447240466, 40.3398635176308, 0], [23.7266387243543, 40.3424455175795, 0], [23.7207217243811, 40.3408895173931, 0], [23.7156097238111, 40.3416415172964, 0], [23.7134167238515, 40.3381395176092, 0], [23.7130277246683, 40.3342215172331, 0], [23.7090547242117, 40.3304445175798, 0], [23.7035007245638, 40.3060005171523, 0], [23.7031667238537, 40.2954715174056, 0], [23.7076107241592, 40.2848635175701, 0], [23.720887724291, 40.2655835172445, 0], [23.7309717243789, 40.2610825166836, 0], [23.7340277241281, 40.2538615170589, 0], [23.7364437245169, 40.2477495168566, 0], [23.7424997245192, 40.2401395167289, 0], [23.7458317245922, 40.2393345172561, 0], [23.747277724379, 40.2458045172007, 0], [23.7530267247079, 40.2441415169633, 0], [23.7558327241471, 40.2416955168484, 0], [23.7537227247204, 40.2366115170832, 0], [23.7550827243728, 40.2336665168871, 0], [23.7578047245678, 40.2328345167238, 0], [23.763139724411, 40.2334715173661, 0], [23.7646097244772, 40.2396935170788, 0], [23.7700817246152, 40.2373355175324, 0], [23.7687487236878, 40.2290575175014, 0], [23.7690557245171, 40.2231105168108, 0], [23.7674447246875, 40.2193875166781, 0], [23.7741657241969, 40.2109195173252, 0], [23.7839717242266, 40.1997805171938, 0], [23.7876947243731, 40.1971405170097, 0], [23.7909997245652, 40.1967775171461, 0], [23.7993047240232, 40.1974725174942, 0], [23.8057777241127, 40.199276516774, 0], [23.808833723862, 40.2034995173296, 0], [23.817388724786, 40.1991655166879, 0], [23.8213327244714, 40.1979185170332, 0], [23.8249717242178, 40.1906935169669, 0], [23.8377227248716, 40.186501516923, 0], [23.8657227237661, 40.1804735167056, 0], [23.8801377241442, 40.1781665167499, 0], [23.8916657242845, 40.1743625166585, 0], [23.9033047247058, 40.1678625166677, 0], [23.9094997247372, 40.1687245170126, 0], [23.9222507242351, 40.1640555168418, 0], [23.9257767239662, 40.1591115172857, 0], [23.9362217246451, 40.1527795173634, 0], [23.9416937247831, 40.1446955172924, 0], [23.9668877242384, 40.1349185171563, 0], [23.9793887245821, 40.1345835169632, 0], [23.9835827245777, 40.130196516732, 0], [23.9847217246911, 40.1290025171255, 0], [23.9901387240442, 40.1218345169064, 0], [23.9991107238995, 40.1207245165606, 0], [23.9999997248588, 40.1196945166733, 0], [24.0000547244877, 40.1196105168732, 0], [23.9999997248588, 40.1195575173036, 0], [23.9974987242028, 40.1172495169773, 0], [23.9972777246638, 40.1156395167454, 0], [23.9999997248588, 40.115276516748, 0], [24.0029717242079, 40.1148875166358, 0], [24.0036387246052, 40.1133045165525, 0], [23.9999997248588, 40.1119735167874, 0], [23.9948877242888, 40.1100855173553, 0], [23.9897207240898, 40.1060565171417, 0], [23.9861657247435, 40.0933615172859, 0], [23.9864437248017, 40.088112516667, 0], [23.9880557244984, 40.0856405173858, 0], [23.9959717247733, 40.0817495165215, 0], [23.9999997248588, 40.0783355166399, 0], [24.0061947248902, 40.073113516506, 0], [24.0143887240672, 40.0639465170468, 0], [24.0144997243482, 40.0614435168647, 0], [24.011083725031, 40.0581405172394, 0], [24.006082724742, 40.0575565169917, 0], [24.0023877243436, 40.0540015168634, 0], [23.9999997248588, 40.054165517237, 0], [23.9976117242181, 40.0543335172968, 0], [23.9936097241463, 40.0509995166383, 0], [23.9929157238681, 40.0471125165486, 0], [23.9945557244689, 40.0439455166864, 0], [23.9970277243537, 40.0419435165035, 0], [23.9999997248588, 40.0410845170199, 0], [24.0006387243521, 40.0409175170433, 0], [24.006165724119, 40.0435835165146, 0], [24.0112227239041, 40.0430575169167, 0], [24.0142777249421, 40.0415275170532, 0], [24.0186667244628, 40.0432515168134, 0], [24.0225827244001, 40.0422215167763, 0], [24.0261667245176, 40.0354465170884, 0], [24.0251667244332, 40.0315295166034, 0], [24.0314447249975, 40.0246135166324, 0], [24.0315277243745, 40.0228045165603, 0], [24.0293327246806, 40.0193065172585, 0], [24.0236947246327, 40.0189175166847, 0], [24.0259987248733, 40.0144165171918, 0], [24.0154167238996, 40.0058595173197, 0], [23.9999997248588, 40.0004735165302, 0], [23.9986377243162, 40.0000005171342, 0], [24.0007497246331, 39.9948885164955, 0], [23.9999157244587, 39.991222516508, 0], [23.9936677245326, 39.9918605168593, 0], [23.9913327249425, 39.9888885166941, 0], [23.9931657241782, 39.9845545168447, 0], [24.0003597244268, 39.9788905165024, 0], [24.0036947241013, 39.9738625169454, 0], [23.9998607248297, 39.9704175172882, 0], [23.987138724947, 39.9687235169355, 0], [23.9796937245212, 39.9702765164502, 0], [23.9746377246033, 39.9697765164373, 0], [23.9708607246949, 39.9651955165078, 0], [23.9794997248632, 39.9611405168983, 0], [23.9949717246889, 39.9589465166571, 0], [23.9970837250058, 39.9557765171386, 0], [23.9943617248108, 39.9508065170811, 0], [23.9941937240106, 39.9504745170612, 0], [23.9888897246728, 39.9472505171137, 0], [23.9822497248062, 39.9473345167885, 0], [23.9723607242435, 39.9474985165738, 0], [23.9571377248607, 39.9477235166174, 0], [23.9503877245803, 39.9401095172621, 0], [23.9450547244713, 39.9412235171911, 0], [23.9361667238602, 39.9391105170116, 0], [23.9331657248959, 39.9413615168585, 0], [23.9346097249483, 39.9448055168969, 0], [23.9318887246205, 39.9488915165824, 0], [23.9241387242557, 39.9518055166933, 0], [23.9216377247555, 39.9561125167561, 0], [23.9210827245064, 39.9570545170558, 0], [23.9201387239182, 39.9613885164983, 0], [23.927804723883, 39.9648635172347, 0], [23.9286667249613, 39.968304517051, 0], [23.9253327239981, 39.9726375172825, 0], [23.9199707242739, 39.9751135169656, 0], [23.9194447247959, 39.970306517256, 0], [23.9156667238646, 39.9640855171909, 0], [23.9112217248478, 39.962696516682, 0], [23.9076387245975, 39.9651685167766, 0], [23.9066657243941, 39.9708905169128, 0], [23.9053057247417, 39.9727785167934, 0], [23.9024157249024, 39.9768075166223, 0], [23.9046667240925, 39.9855005173008, 0], [23.895665724622, 39.9927485171503, 0], [23.8822497244611, 39.9967775172414, 0], [23.8760277245488, 40.0000005171342, 0], [23.8730827239247, 40.0126655166939, 0], [23.8730827239247, 40.0127225170226, 0], [23.8687227240192, 40.0162775165588, 0], [23.8444727239962, 40.0258335169706, 0], [23.8403337247856, 40.0252505172141, 0], [23.8344987243222, 40.0230295165785, 0], [23.8316667248693, 40.0206385170626, 0], [23.8363897239442, 40.0153055166746, 0], [23.8347487246323, 40.0127225170226, 0], [23.8296657248334, 40.0132795169062, 0], [23.8240277247855, 40.0190555171034, 0], [23.8284717239351, 40.0246665166672, 0], [23.8268337242246, 40.0276115166727, 0], [23.8201677243442, 40.0306135165406, 0], [23.817388724786, 40.037834516978, 0], [23.8153897244844, 40.0421375169152, 0], [23.8178327247541, 40.0465555167939, 0], [23.8142777242519, 40.0521665167341, 0], [23.809138723801, 40.0538335168699, 0], [23.8056387240837, 40.0585295170708, 0], [23.8023047242763, 40.0598075172253, 0], [23.7961387238602, 40.069473516672, 0], [23.7971667236926, 40.0724725173431, 0], [23.7953607243378, 40.0788355168062, 0], [23.7968057242574, 40.0797775173515, 0], [23.8002777242267, 40.0814715165214, 0], [23.8001937238266, 40.0885855170987, 0], [23.7999727242876, 40.0929185173046, 0], [23.7940267246992, 40.0986945172753, 0], [23.7881107245931, 40.0978325168546, 0], [23.7841657238846, 40.0995295168561, 0], [23.7811657247874, 40.1056105169081, 0], [23.7839157247305, 40.1098335173962, 0], [23.7812787248027, 40.1150025167256, 0], [23.7799717238891, 40.1229715168832, 0], [23.7725277244864, 40.1284715171844, 0], [23.7664167236992, 40.136971517387, 0], [23.7606107240069, 40.1397785171919, 0], [23.752860724798, 40.1402215168681, 0], [23.7459447246075, 40.1468895174124, 0], [23.7410827243476, 40.1490295167344, 0], [23.7308327243498, 40.1736375174001, 0], [23.7234167246951, 40.1841665169376, 0], [23.7159727241365, 40.1896675173693, 0], [23.7114447245867, 40.1908885168754, 0], [23.707276724605, 40.1964995167781, 0], [23.7048607242162, 40.1971095167592, 0], [23.6983597243786, 40.1962205166731, 0], [23.6952777246157, 40.1981935167616, 0], [23.6920827236815, 40.201973516777, 0], [23.6851667246469, 40.2028895174519, 0], [23.687833724057, 40.208695517342, 0], [23.6838887245044, 40.215916516963, 0], [23.6766947242558, 40.2220845170421, 0], [23.6639727243731, 40.2313045172191, 0], [23.6618607240562, 40.2314725175182, 0], [23.6454997244271, 40.2311675170764, 0], [23.6313607243729, 40.2332505167595, 0], [23.6244157245672, 40.2348605166699, 0], [23.6113607238415, 40.2337495169971, 0], [23.6043047237548, 40.2316935168673, 0], [23.5959717245487, 40.2316675175004, 0], [23.5893327245492, 40.2330555169231, 0], [23.5673887245012, 40.2412805172157, 0], [23.5586947235481, 40.2423635169332, 0], [23.5566117240023, 40.2422795171105, 0], [23.5539167236883, 40.2424435170456, 0], [23.5446107242787, 40.2435005174519, 0], [23.5327777241993, 40.2470025166717, 0], [23.5281387243686, 40.2498325172521, 0], [23.5249437234344, 40.2536135166843, 0], [23.5118617239837, 40.2584465174129, 0], [23.507527724092, 40.2608345171936, 0], [23.5036657239164, 40.2657515171551, 0], [23.497359723604, 40.266667517266, 0], [23.480943724346, 40.2665835167364, 0], [23.4751397243881, 40.2693605170053, 0], [23.4649447240192, 40.2701685170248, 0], [23.4566377236709, 40.2744715172724, 0], [23.4467217243833, 40.2757495167511, 0], [23.4416097238133, 40.2762805170272, 0], [23.4376107244989, 40.2784165173762, 0], [23.4331947239414, 40.2826125172985, 0], [23.4262767240167, 40.2835275174697, 0], [23.4181937239647, 40.2839435172165, 0], [23.4085557235793, 40.285221517544, 0], [23.3976667240882, 40.2825855172383, 0], [23.392470724274, 40.279415516706, 0], [23.3777217243417, 40.2663355171261, 0], [23.3744997235266, 40.2602775175222, 0], [23.3551937244293, 40.2438055170486, 0], [23.3469447233114, 40.2323085169702, 0], [23.3407497232801, 40.2206385168301, 0], [23.3393897236277, 40.2135015166788, 0], [23.3449437232756, 40.2006385169947, 0], [23.3580837242685, 40.1850825170841, 0], [23.362277724264, 40.169418516984, 0], [23.3696377244226, 40.1554995170578, 0], [23.3796117240966, 40.1480565165935, 0], [23.3908617241787, 40.1443065167454, 0], [23.4006667243413, 40.1446385168813, 0], [23.4058897240364, 40.1468895174124, 0], [23.4263317236456, 40.1333625171835, 0], [23.4328877242681, 40.1278885169706, 0], [23.4393057235727, 40.1198625168462, 0], [23.4441947237135, 40.1126945173817, 0], [23.4488887243292, 40.1085025168933, 0], [23.4529167244147, 40.0958335173558, 0], [23.4679997239013, 40.0711405171256, 0], [23.4759997234203, 40.0611125171516, 0], [23.4863607236991, 40.0518345172469, 0], [23.5082487242511, 40.0381665165068, 0], [23.526250724348, 40.02983551731, 0], [23.5589997234871, 40.0180825166208, 0], [23.5768887235688, 40.0126655166939, 0], [23.5774437238179, 40.0125015165388, 0], [23.5983327241526, 40.0000005171342, 0], [23.6321107241472, 39.9872785165066, 0], [23.6461107241724, 39.9844175165841, 0], [23.6594717247043, 39.9847795171874, 0], [23.6681377235975, 39.9812245168971, 0], [23.6762497244206, 39.9748885166817, 0], [23.6758057244525, 39.9666415165589, 0], [23.6810277242804, 39.9617235166232, 0], [23.6851387237429, 39.9578065168209, 0], [23.6885277243352, 39.9512225165929, 0], [23.6880547235959, 39.943890516442, 0], [23.6919987244373, 39.9375275168063, 0], [23.6998327240463, 39.931667516635, 0], [23.707276724605, 39.929443516685, 0], [23.714971724185, 39.9304165168013, 0], [23.726193724519, 39.9344185165278, 0], [23.7389717238979, 39.9331675164521, 0], [23.7427497236733, 39.9366115167656, 0], [23.7457497239264, 39.9345825171373, 0], [23.7467497240108, 39.9284175166877, 0], [23.7533607242622, 39.9230005163738, 0], [23.7516667238997, 39.9177215168913, 0], [23.7377777241555, 39.9146125169146, 0], [23.7297497237325, 39.9154745164387, 0], [23.7158887237364, 39.9100845164086, 0], [23.711778724141, 39.9096115165514, 0], [23.7093887237659, 39.9093325170294, 0], [23.6908887239391, 39.9162485168422, 0], [23.675137724188, 39.9172525167149, 0], [23.6627497238596, 39.9139445165857, 0], [23.6470277237238, 39.9142505171628, 0], [23.6294167237003, 39.9199985170247, 0], [23.6228887239818, 39.9201935164528, 0], [23.6143337242137, 39.9175845165745, 0], [23.6089437235856, 39.919808517025, 0], [23.596194723822, 39.9203615165242, 0], [23.5916937241531, 39.9221655165997, 0], [23.5811667239643, 39.9305005167558, 0], [23.5624157239602, 39.9341935170465, 0], [23.5603887239106, 39.9351395169381, 0], [23.5468617234687, 39.9413615168585, 0], [23.4784157238091, 39.9671675170024, 0], [23.4566377236709, 39.9721685169297, 0], [23.4423887243588, 39.9724735166562, 0], [23.432637723958, 39.970306517256, 0], [23.418860724362, 39.9616935164806, 0], [23.4124997244206, 39.9605295165539, 0], [23.4067227243436, 39.959499517149, 0], [23.3876667244005, 39.9633905172399, 0], [23.3757777236691, 39.9636965165069, 0], [23.3604997235014, 39.9561965170671, 0], [23.3598607240081, 39.9578065168209, 0], [23.3745837239267, 39.9787795169444, 0], [23.3825547238305, 40.0000005171342, 0], [23.3901937239143, 40.0078625164565, 0], [23.3851387238635, 40.0126655166939, 0], [23.3848607238054, 40.0129435167909, 0], [23.383943724254, 40.0184175167818, 0], [23.3831387236948, 40.0218325167009, 0], [23.3725547241427, 40.0299155166505, 0], [23.370831724165, 40.0340005166229, 0], [23.3710557233054, 40.0404175173176, 0], [23.3684157237762, 40.0434995165617, 0], [23.3662777234456, 40.0459715172633, 0], [23.3603057238434, 40.051472516496, 0], [23.3561117238479, 40.0570575169672, 0], [23.3523617238205, 40.0601395167988, 0], [23.3487217242069, 40.0760275169666, 0], [23.3375277236209, 40.0795295169489, 0], [23.3259717237325, 40.0836955165771, 0], [23.3204437240984, 40.0913055172898, 0], [23.3198887238493, 40.0956385167644, 0], [23.3217507238561, 40.0995835170215, 0], [23.3201097233882, 40.1020555165326, 0], [23.3148327239313, 40.1055265173933, 0], [23.3182507241388, 40.1134155174045, 0], [23.3282217242113, 40.1309435167716, 0], [23.3309437244063, 40.1401945165755, 0], [23.327332723252, 40.1455575166551, 0], [23.3240277242158, 40.1513905172052, 0], [23.329999723818, 40.1660275171513, 0], [23.3350277239879, 40.1764995173046, 0], [23.3361947238494, 40.1873065172582, 0], [23.3294997243538, 40.2094995171243, 0], [23.3236937235057, 40.2266965167398, 0], [23.3195287242813, 40.2315835167623, 0], [23.3074717239056, 40.238724516992, 0], [23.2879157233424, 40.2464985171832, 0], [23.2745277240854, 40.2510835170602, 0], [23.2575837233033, 40.25505551709, 0], [23.2418877231812, 40.2579465171514, 0], [23.2282217238662, 40.2618075167869, 0], [23.208333723483, 40.264778516955, 0], [23.192361724193, 40.2721945170338, 0], [23.1848887240191, 40.2771955173552, 0], [23.1716117238873, 40.2796945172505, 0], [23.1574987238468, 40.2810295172715, 0], [23.1519997238279, 40.2828905170297, 0], [23.1445267236541, 40.2881135173682, 0], [23.1359727237531, 40.2958075172989, 0], [23.1227487235159, 40.3019725170934, 0], [23.1105267230975, 40.3063325173378, 0], [23.0979177232301, 40.3076945171995, 0], [23.0882217236142, 40.3144465170663, 0], [23.0710277236779, 40.3172495175786, 0], [23.0466117237449, 40.325279517078, 0], [23.0371107236543, 40.3288045174435, 0], [23.0324167230386, 40.3323065169951, 0], [23.0290277236023, 40.3383605174074, 0], [23.025527723885, 40.3510555169784, 0], [23.0228602239634, 40.3539010173073, 0], [23.0226377240457, 40.3541375172938, 0], [23.003888723776, 40.3669425174456, 0], [22.9980827240837, 40.3733895169256, 0], [22.9912487234031, 40.3774715174487, 0], [22.9858057240363, 40.3781925170409, 0], [22.9724157238891, 40.3772235171588, 0], [22.9696387240652, 40.3787225173935, 0], [22.966554723412, 40.3845555170638, 0], [22.9628327231327, 40.3866955171203, 0], [22.9450277234511, 40.3889995170356, 0], [22.9351667237925, 40.3890835176619, 0], [22.9146667237968, 40.3871645169782, 0], [22.9096947231231, 40.3853605174304, 0], [22.9015827234559, 40.3813895175247, 0], [22.8993887236291, 40.3831405172958, 0], [22.9094157231978, 40.3940545173831, 0], [22.9133607239063, 40.4022215174779, 0], [22.9075277231772, 40.4088585173702, 0], [22.9051667235733, 40.4128875168244, 0], [22.8992207239849, 40.4170265174414, 0], [22.8970547239062, 40.4270285173362, 0], [22.890943723119, 40.4331925171398, 0], [22.8783337233844, 40.438445517161, 0], [22.8732487238513, 40.4430535175006, 0], [22.8729437239122, 40.4476125176954, 0], [22.8749997235771, 40.4524985170986, 0], [22.8697777237492, 40.4681125170484, 0], [22.8657487237965, 40.4743615170643, 0], [22.8588887231021, 40.4784425169466, 0], [22.8421377232668, 40.4826125174742, 0], [22.8328057238435, 40.4833865176332, 0], [22.8274167230825, 40.4831655170647, 0], [22.8246377235243, 40.4931365174436, 0], [22.8267777235892, 40.5058325174603, 0], [22.8300287228636, 40.5112225172973, 0], [22.8328607234724, 40.5133895170219, 0], [22.8369447230541, 40.5149455175832, 0], [22.858527723667, 40.5148615177204, 0], [22.8717497230139, 40.5100815177073, 0], [22.8885557236342, 40.5096085174899, 0], [22.9055267231413, 40.5109435174238, 0], [22.9158897231545, 40.5131675176536, 0], [22.9231947236841, 40.5159715169553, 0], [22.9364717238159, 40.5189705174324, 0], [22.9596117233407, 40.5269735174909, 0], [22.9596118054107, 40.5269735623001, 0], [22.9551568574267, 40.5187461007321, 0], [22.9940176283488, 40.5021592328277, 0], [22.9990718088553, 40.5014303642354, 0], [23.005067492016, 40.5005657099686, 0], [23.0086949661261, 40.5000425768295, 0], [23.0126625164398, 40.4994703947381, 0], [23.0153165857759, 40.499087633776, 0], [23.0209031926521, 40.4982819461193, 0], [23.0283823943142, 40.4972032972767, 0], [23.0393116404811, 40.4956270525523, 0], [23.0530304928895, 40.4936484315168, 0], [23.0684447963347, 40.4914252116528, 0], [23.1153086126139, 40.4868405950526, 0], [23.1420550624525, 40.484360891382, 0], [23.1762100158319, 40.4811942005962, 0], [23.2328981996426, 40.4820438134468, 0], [23.2635481019527, 40.4869791839276, 0], [23.2877834241571, 40.4908813953445, 0], [23.3054014660196, 40.4952888592005, 0], [23.3395208091014, 40.505881067262, 0], [23.3464923186797, 40.5078298627893, 0], [23.3644085047447, 40.512277710403, 0], [23.3801232515089, 40.513220919229, 0], [23.4008768444009, 40.5141423386243, 0], [23.425386177598, 40.5132106769073, 0], [23.4253862261465, 40.5132106742709, 0], [23.4489440291199, 40.5121348122658, 0], [23.4926673031253, 40.5091942550682, 0], [23.4945402149771, 40.5093391614758, 0], [23.5102870002592, 40.5105574753566, 0], [23.5620666605115, 40.5149314845131, 0], [23.5903420690568, 40.5212165709571, 0], [23.6689678699487, 40.5417950309856, 0], [23.7025265187402, 40.5709341660917, 0], [23.7208435174477, 40.5911693230986, 0], [23.7514345177572, 40.6322558123414, 0], [23.7599759436062, 40.6477765667622, 0], [23.7604157244817, 40.647026517529, 0], [23.7604161302082, 40.6470262807293, 0], [23.7731107244835, 40.6396105172545, 0], [23.7799167242601, 40.6301965172301, 0], [23.787389724434, 40.6251685174073, 0], [23.790471724197, 40.617722517748, 0], [23.7940827241953, 40.6004185177406, 0]]]]}}, {"type": "Feature", "properties": {"place_id": "389210CKou", "name": "Acarnania"}, "geometry": {"type": "Polygon", "coordinates": [[[21.2445466497087, 38.8361723701464, 0], [21.3044476066589, 38.7600691541, 0], [21.335835350821, 38.7316720882468, 0], [21.3500644602903, 38.7192652287721, 0], [21.3429512446841, 38.7050236775114, 0], [21.3381515147635, 38.6940536022057, 0], [21.3347231367441, 38.6870960970621, 0], [21.331466176412, 38.6806731847012, 0], [21.3319804329415, 38.6725099006707, 0], [21.3336946225291, 38.6686286689758, 0], [21.3319804329415, 38.6616686917694, 0], [21.3307805010393, 38.6579207316734, 0], [21.3269128611506, 38.6416800938006, 0], [21.3188775992647, 38.6351945248326, 0], [21.3095031257158, 38.6274529153161, 0], [21.3036106011034, 38.6213845833909, 0], [21.2953074961914, 38.616362127379, 0], [21.2875400761756, 38.6096649716967, 0], [21.2784334456529, 38.6056882393095, 0], [21.26905897326, 38.5994087406353, 0], [21.2634342893619, 38.5891902985205, 0], [21.2585698697702, 38.5828385866264, 0], [21.2636784257112, 38.5722407745515, 0], [21.2625972826505, 38.5643250183463, 0], [21.2651083016287, 38.5538528518835, 0], [21.2680378245404, 38.5479615880683, 0], [21.2684563284741, 38.5433791597648, 0], [21.2709673474522, 38.5381417420765, 0], [21.2701303407408, 38.5322491901962, 0], [21.2684563284741, 38.5289753421133, 0], [21.2705172234423, 38.5189593529565, 0], [21.2700410601174, 38.5148611695315, 0], [21.2648032600767, 38.5111353463579, 0], [21.2648032600767, 38.507036717542, 0], [21.2671840778567, 38.5003293685803, 0], [21.2614701133352, 38.4962301247469, 0], [21.2590892955551, 38.4925033375962, 0], [21.2614701133352, 38.4835582611873, 0], [21.2620999995884, 38.4803000004063, 0], [21.2643270955959, 38.4738665093832, 0], [21.2628986044655, 38.4701385656512, 0], [21.2590892955551, 38.4660376042943, 0], [21.2576608044248, 38.4585807145914, 0], [21.2590892955551, 38.4533604332918, 0], [21.2581369677496, 38.449631428639, 0], [21.254803822164, 38.4436646216252, 0], [21.254803822164, 38.441799893773, 0], [21.2590892955551, 38.4354594563792, 0], [21.2633747689463, 38.4306105113951, 0], [21.2719457145727, 38.4272533585188, 0], [21.2686125689871, 38.4201655235685, 0], [21.2681364056622, 38.4160617227055, 0], [21.2681364056622, 38.4123307921098, 0], [21.2571846410999, 38.4067340345414, 0], [21.2419474019906, 38.400017353309, 0], [21.2267101640371, 38.3720244647206, 0], [21.193250719406, 38.343638513193, 0], [21.1872497213445, 38.3416405156246, 0], [21.1822487222114, 38.3364445152918, 0], [21.1859437214539, 38.3326375155104, 0], [21.1870837214345, 38.3271675155912, 0], [21.2031667221614, 38.3251375154986, 0], [21.2109167213703, 38.3212195149018, 0], [21.2118607219586, 38.31919451572, 0], [21.2088337218245, 38.3158875153674, 0], [21.1958327220166, 38.3205565155304, 0], [21.1912497216819, 38.319053515123, 0], [21.185861721944, 38.3101655157197, 0], [21.1818617216066, 38.3086925156977, 0], [21.1731657220751, 38.3094175157447, 0], [21.1699157215119, 38.3096955152078, 0], [21.166833721749, 38.3073035152766, 0], [21.1746387217428, 38.302276515569, 0], [21.169583721692, 38.2984425150328, 0], [21.1579717223075, 38.2983315154782, 0], [21.1485267217129, 38.3012765149055, 0], [21.1410557212734, 38.3056365151166, 0], [21.1376667218371, 38.3096385156951, 0], [21.1390547212375, 38.3108325156524, 0], [21.1445267213755, 38.3116945151008, 0], [21.1528337217238, 38.3084975155804, 0], [21.156527722255, 38.310000515308, 0], [21.1561657217968, 38.3113595151635, 0], [21.1478607223388, 38.314529515485, 0], [21.1412217223393, 38.3198315153014, 0], [21.1341377213486, 38.3278885151585, 0], [21.1302507221824, 38.3360285150279, 0], [21.1231937222286, 38.3374175155095, 0], [21.1192227215063, 38.341415515317, 0], [21.1159727220991, 38.3424715155149, 0], [21.1091937222034, 38.338584515726, 0], [21.104972722327, 38.3416665155104, 0], [21.1057777217302, 38.3428345152573, 0], [21.1034157222592, 38.3494145153481, 0], [21.1074997218408, 38.3607785153707, 0], [21.1016097217485, 38.3679425153302, 0], [21.0981667213944, 38.3673625149349, 0], [21.094527721648, 38.364276515083, 0], [21.0908337222727, 38.3682785152643, 0], [21.0900267219792, 38.372611515353, 0], [21.0975277219012, 38.3859175155934, 0], [21.0997767213569, 38.3873595157741, 0], [21.1033897222454, 38.384723515163, 0], [21.104972722327, 38.3762775156736, 0], [21.1070557218727, 38.3751945154466, 0], [21.1108057219001, 38.3759995151705, 0], [21.1278607218074, 38.3900565151901, 0], [21.12922272235, 38.3974145149614, 0], [21.1223047212693, 38.4022475151115, 0], [21.1199167217845, 38.4092785156967, 0], [21.1139447221823, 38.4125555158291, 0], [21.113332721414, 38.4134705154797, 0], [21.1117227214515, 38.4159165154178, 0], [21.1018617217929, 38.415164515617, 0], [21.1009157214703, 38.4107775152293, 0], [21.1039157217234, 38.4035255155136, 0], [21.1018047212737, 38.3988875158072, 0], [21.0986937218955, 38.3974145149614, 0], [21.0965817215786, 38.3984985150931, 0], [21.0927767219222, 38.405250515805, 0], [21.0863337213151, 38.4114715154678, 0], [21.0839177220822, 38.4249145157125, 0], [21.0803597219786, 38.432166515648, 0], [21.0826657219535, 38.4326935150917, 0], [21.0962217220106, 38.4234725157011, 0], [21.0994447215369, 38.4228895157087, 0], [21.1048597223117, 38.4253345157617, 0], [21.1151677215399, 38.4226685153562, 0], [21.1182777222068, 38.4246095150191, 0], [21.1448607220857, 38.4189715154582, 0], [21.1485817213419, 38.4181665149809, 0], [21.1601937218823, 38.4185295154606, 0], [21.1635837223417, 38.4209175156895, 0], [21.1639997214058, 38.4241365152621, 0], [21.1617767219639, 38.4277495150557, 0], [21.1545557218344, 38.4328035155865, 0], [21.1454157223348, 38.4350275153602, 0], [21.1208057215879, 38.4324715152125, 0], [21.1166667212213, 38.4394455157553, 0], [21.113471721443, 38.4393615155149, 0], [21.1035557221554, 38.4282755153379, 0], [21.0989167223246, 38.4276655156957, 0], [21.097609721411, 38.4303895156527, 0], [21.1080547220899, 38.4430845151667, 0], [21.1074997218408, 38.4483335157085, 0], [21.1032217214452, 38.4580565155173, 0], [21.0964717223207, 38.4649735154585, 0], [21.0968887212519, 38.4684175152445, 0], [21.104972722327, 38.4755285156836, 0], [21.1036657214133, 38.4784735157626, 0], [21.0991667214788, 38.4806405154798, 0], [21.091638721676, 38.4739985153744, 0], [21.0878047212485, 38.4752495151147, 0], [21.0861657216708, 38.4788625155852, 0], [21.0798887221296, 38.4818875154129, 0], [21.0794157213903, 38.4855265158997, 0], [21.0860267216417, 38.4871095157911, 0], [21.0911097214406, 38.4849735150929, 0], [21.0951667222973, 38.4851105152367, 0], [21.0967767222597, 38.4881095155225, 0], [21.0879727220487, 38.495193515473, 0], [21.0926377218932, 38.5008315151132, 0], [21.0902207216373, 38.5081095156746, 0], [21.0962767216396, 38.5281945158085, 0], [21.0963607220396, 38.5284155157379, 0], [21.0982227220465, 38.5346945156484, 0], [21.1040837213677, 38.5456385153399, 0], [21.1011387218995, 38.5521925153386, 0], [21.0915547212759, 38.53380551551, 0], [21.0905837219626, 38.5335535151099, 0], [21.081498722092, 38.5312225152287, 0], [21.0461387218831, 38.5040015150637, 0], [21.0349997220819, 38.5057215150531, 0], [21.0337767215684, 38.5008615158808, 0], [21.0301667214372, 38.5030555156517, 0], [21.024083721554, 38.5138625152373, 0], [21.0243047222488, 38.5211945150911, 0], [21.0195007212193, 38.5297505155834, 0], [21.0147777221444, 38.5305285155125, 0], [21.0137497211561, 38.5334735153007, 0], [21.0178887215226, 38.5385815156277, 0], [21.0186937220818, 38.539584515771, 0], [21.0119717215493, 38.5455815155118, 0], [21.0115277215812, 38.5485265155989, 0], [21.0191667216651, 38.5588605158374, 0], [21.0176387212125, 38.5656925158769, 0], [21.0232507212467, 38.5757215158731, 0], [21.0218617219791, 38.5857505155123, 0], [21.0255827212354, 38.5986935154253, 0], [21.0184727213869, 38.6124725155223, 0], [21.0090007220674, 38.6204185153568, 0], [21.0073597215995, 38.6240535153784, 0], [21.0010277212733, 38.6339145153522, 0], [20.992526721267, 38.6403045155413, 0], [20.9905277221214, 38.6448325152156, 0], [20.9920827212989, 38.6580275159916, 0], [20.9923607213571, 38.6602515158333, 0], [20.9888057220108, 38.667251516066, 0], [20.9878327218073, 38.6680825154367, 0], [20.9826657216084, 38.6725535155734, 0], [20.9764177216824, 38.6751095159833, 0], [20.9665277212526, 38.674556515494, 0], [20.9523047219541, 38.667251516066, 0], [20.9481937213356, 38.66758351535, 0], [20.9391117210665, 38.6739425157128, 0], [20.9358617216592, 38.6745255160223, 0], [20.9280277220502, 38.6676095160607, 0], [20.9236387213736, 38.6681665160027, 0], [20.919055721039, 38.6716955156988, 0], [20.9106937210617, 38.686553515799, 0], [20.8972777220568, 38.7026405159857, 0], [20.8945007210769, 38.7112495153652, 0], [20.8962497210684, 38.7225265156325, 0], [20.8971117209909, 38.7280535158039, 0], [20.8965547210075, 38.7305565154947, 0], [20.8955837216942, 38.7348895160017, 0], [20.8888887210427, 38.7431105157167, 0], [20.8855837220065, 38.7471655153926, 0], [20.8823887210723, 38.757388515946, 0], [20.8810827211817, 38.7696105159829, 0], [20.8804717214365, 38.7754165153722, 0], [20.8794987212331, 38.7845565154846, 0], [20.878999721636, 38.7851935157836, 0], [20.8741657211241, 38.7914995153744, 0], [20.8662487209821, 38.7971955159018, 0], [20.8594437210727, 38.798583515866, 0], [20.8539707210675, 38.7970275160582, 0], [20.8443887213342, 38.7905265153517, 0], [20.8380547212737, 38.7882765156831, 0], [20.8329717214749, 38.7848885161793, 0], [20.83033372168, 38.7795295160329, 0], [20.8122217211692, 38.7631375157859, 0], [20.8081657213356, 38.7625535154431, 0], [20.8019997209194, 38.7680815152931, 0], [20.7970557211496, 38.7676925156668, 0], [20.7888047214534, 38.763747515868, 0], [20.7878887217691, 38.7589145161801, 0], [20.7841397216089, 38.7578615156544, 0], [20.7790547209198, 38.7599975153797, 0], [20.776832721345, 38.7578615156544, 0], [20.7698057208736, 38.7580825160291, 0], [20.7615827209254, 38.7747765160605, 0], [20.7619437215165, 38.7760005158611, 0], [20.7628057214389, 38.7791665155565, 0], [20.75772272164, 38.7865555154027, 0], [20.7552777216361, 38.7885285160563, 0], [20.7377487211224, 38.7934715161078, 0], [20.7350007209137, 38.7956655156091, 0], [20.7374167213025, 38.804915515791, 0], [20.7331387209069, 38.8132515154977, 0], [20.7369997212153, 38.8230015153548, 0], [20.7352497213566, 38.8282195159359, 0], [20.736194721812, 38.8323585161581, 0], [20.7446937209281, 38.8376955157122, 0], [20.7456397212506, 38.8416095156915, 0], [20.7425267209822, 38.8451645153698, 0], [20.7354997216667, 38.8451645153698, 0], [20.7336667212751, 38.8464995158375, 0], [20.7336667212751, 38.8465535161689, 0], [20.7325837218137, 38.8553885159492, 0], [20.7356397215629, 38.863971515581, 0], [20.7439167212729, 38.8729435154958, 0], [20.7467497217488, 38.8739735158817, 0], [20.7496657216019, 38.8749725159729, 0], [20.7539437219974, 38.871692516156, 0], [20.7536947215545, 38.8655005155568, 0], [20.7467777214969, 38.8526645155775, 0], [20.7494997216919, 38.8513595156289, 0], [20.7596397212758, 38.8636085160016, 0], [20.7679997215188, 38.8661955160484, 0], [20.7904717219351, 38.8676105155792, 0], [20.7918337213217, 38.8692505156437, 0], [20.7916387217965, 38.8729165159044, 0], [20.760388721183, 38.8980285160115, 0], [20.7546667218908, 38.9136115157755, 0], [20.7521377214867, 38.9204445154967, 0], [20.7523327210119, 38.9275545161985, 0], [20.7588617217535, 38.9316405158104, 0], [20.763055721749, 38.9425845159787, 0], [20.7680837219189, 38.9557755156027, 0], [20.7712227210451, 38.9570275154645, 0], [20.7749437214573, 38.9532775162523, 0], [20.7836107213736, 38.9343065158984, 0], [20.7976667208949, 38.923526516269, 0], [20.8030277219078, 38.9218595156018, 0], [20.8167497218748, 38.9229995159751, 0], [20.8391107220101, 38.9211955158067, 0], [20.8394717214453, 38.9252775157648, 0], [20.8396657211033, 38.9274175159143, 0], [20.846749720938, 38.9319985154488, 0], [20.8433337216208, 38.9408335157647, 0], [20.8458607211347, 38.9427485157618, 0], [20.8546937209609, 38.9418905155042, 0], [20.8575287211712, 38.9438055157215, 0], [20.8594167211918, 38.9523315160436, 0], [20.8624437213258, 38.956332515721, 0], [20.8673897219858, 38.9569435159908, 0], [20.8695827219454, 38.9540285159038, 0], [20.8696117215606, 38.9483065163014, 0], [20.8771377216292, 38.9444155154936, 0], [20.8799717219723, 38.9406125160074, 0], [20.8769167220902, 38.9375565162029, 0], [20.873416721217, 38.9369735162881, 0], [20.8659437210431, 38.9401665162425, 0], [20.8660277214432, 38.9383315157013, 0], [20.8775827214644, 38.9306945155047, 0], [20.8759987215157, 38.9274445154727, 0], [20.8689727220673, 38.9269715158934, 0], [20.865666722008, 38.9234425157677, 0], [20.8681657217738, 38.9203065158207, 0], [20.8731377212917, 38.9202495156024, 0], [20.8838057212439, 38.9235565155247, 0], [20.9092767220461, 38.9239155154952, 0], [20.9114437219919, 38.9274175159143, 0], [20.9109167214909, 38.9317505163237, 0], [20.9137227220859, 38.9343605160545, 0], [20.9197497213171, 38.9363895162518, 0], [20.9215277220798, 38.9415015159568, 0], [20.91916672132, 38.9478335156159, 0], [20.9205277219954, 38.9494705162703, 0], [20.9264717218496, 38.9478335156159, 0], [20.9365827218183, 38.9394455160011, 0], [20.9435007217431, 38.9364425158978, 0], [20.9538057213698, 38.9406655160934, 0], [20.9719157221464, 38.9419175158466, 0], [20.9823057220404, 38.9449995159551, 0], [20.9904167218404, 38.9413605157255, 0], [20.9968337212779, 38.9305565159834, 0], [20.9982777213303, 38.9295005162713, 0], [21.0041387218075, 38.9252775157648, 0], [21.0299447220311, 38.9301945157157, 0], [21.0349157216818, 38.9188875159391, 0], [21.0323617211311, 38.9119445160255, 0], [21.021943721489, 38.9036095155925, 0], [21.02147272164, 38.9015275156004, 0], [21.0242207218487, 38.899112516208, 0], [21.0438877215371, 38.8925815158137, 0], [21.0616947221089, 38.8823615155901, 0], [21.0679437219021, 38.8802795162495, 0], [21.0791397222224, 38.867332515971, 0], [21.0824717222955, 38.8706395158572, 0], [21.0801387212837, 38.882251515904, 0], [21.0868887215642, 38.881747516163, 0], [21.0900267219792, 38.8836935161365, 0], [21.0910277219307, 38.8869435159907, 0], [21.0872777219033, 38.8916395157189, 0], [21.0908047215016, 38.8972205154317, 0], [21.0872777219033, 38.9030835161061, 0], [21.097138721562, 38.9164425157555, 0], [21.099805722128, 38.9163055155986, 0], [21.1031667218163, 38.9136385160908, 0], [21.1095557215057, 38.9145275159702, 0], [21.1132507219041, 38.9169155162799, 0], [21.1154987214927, 38.912639515574, 0], [21.1142497221213, 38.9087215155563, 0], [21.1175557221806, 38.9067495158585, 0], [21.1212767214369, 38.9082215156225, 0], [21.1277767214073, 38.9013325159041, 0], [21.1327227220673, 38.9019425157317, 0], [21.1339167218097, 38.9011375156723, 0], [21.137887721376, 38.8984185159232, 0], [21.1484447222031, 38.8982765160557, 0], [21.1532497219438, 38.8956675162871, 0], [21.1569997219712, 38.8907505162155, 0], [21.1628337214115, 38.8737215154488, 0], [21.1733057219713, 38.8689155161153, 0], [21.1736107219104, 38.8687775161755, 0], [21.1739727223686, 38.8693615155234, 0], [21.1760557219143, 38.8727485156165, 0], [21.17563772196, 38.8763345158634, 0], [21.1756375820942, 38.8763357936976, 0], [21.1756381993532, 38.8763351439819, 0], [21.1882700690144, 38.872160152407, 0], [21.236561963762, 38.8273607077323, 0], [21.2445466497087, 38.8361723701464, 0]]]}}, {"type": "Feature", "properties": {"place_id": "378209PZak", "name": "Zacynthus"}, "geometry": {"type": "Polygon", "coordinates": [[[20.7051387208565, 37.9305575146986, 0], [20.7089447215359, 37.9297485151106, 0], [20.7137777210247, 37.9260295150649, 0], [20.7133495698179, 37.9157143964038, 0], [20.7116107210789, 37.9128605148627, 0], [20.7172729491217, 37.9041605483812, 0], [20.7213897212276, 37.8978345145233, 0], [20.7208327212442, 37.8920825146834, 0], [20.7308617217031, 37.8832515146645, 0], [20.7365837209952, 37.8845825151455, 0], [20.7387767209548, 37.8812215148902, 0], [20.7400837218685, 37.8730015148703, 0], [20.7483940524101, 37.8629019184864, 0], [20.7558617215004, 37.853805514576, 0], [20.7600319628028, 37.8509059305603, 0], [20.7690827209802, 37.8446125147257, 0], [20.7772507212994, 37.843055514906, 0], [20.7792689467923, 37.8433245827175, 0], [20.7825131018893, 37.8442120378331, 0], [20.7898617209011, 37.8501125145868, 0], [20.7947507210419, 37.8504985146054, 0], [20.804318765404, 37.8458234691409, 0], [20.8131677214917, 37.8414995146361, 0], [20.8215557214827, 37.8413045145673, 0], [20.8282777220152, 37.8394735149135, 0], [20.8354837460997, 37.8359345187896, 0], [20.8444177209494, 37.8294445145401, 0], [20.8600277220929, 37.8290295144749, 0], [20.8719843623924, 37.8194296180678, 0], [20.8773877219392, 37.8176655150631, 0], [20.8898047218829, 37.8176115150278, 0], [20.9017777218585, 37.8092765149432, 0], [20.9094157220752, 37.8069995146542, 0], [20.9097255317798, 37.8058678642664, 0], [20.9104727215228, 37.8031385146421, 0], [20.9091334763383, 37.7991664068516, 0], [20.9079727218898, 37.7957235145516, 0], [20.9091146094809, 37.793666218069, 0], [20.9114727216072, 37.7894175147581, 0], [20.910479101022, 37.7875232226033, 0], [20.9093897220614, 37.7854465145196, 0], [20.9046667218305, 37.7818605152594, 0], [20.9062217210081, 37.7792775150655, 0], [20.9166544840066, 37.7728325004186, 0], [20.9321667212608, 37.7632485152296, 0], [20.9432217218178, 37.7620015146841, 0], [20.9479717219295, 37.758945514623, 0], [20.9491092170406, 37.7551600887757, 0], [20.9507767215015, 37.7496105150561, 0], [20.958123299166, 37.7435688208723, 0], [20.9616308759113, 37.7409729328046, 0], [20.9710827218391, 37.7362785147127, 0], [20.9777987578461, 37.73441453143, 0], [20.9933057218125, 37.7301105149361, 0], [20.9943887212739, 37.726001514907, 0], [20.9933910168383, 37.7228510524283, 0], [20.9977777218661, 37.7160265151731, 0], [20.994361721393, 37.7094995147906, 0], [20.9933887211895, 37.7002795143286, 0], [20.9880557210806, 37.6973615149467, 0], [20.9874727210834, 37.7030835146377, 0], [20.985471124595, 37.7059838993083, 0], [20.9830202155495, 37.7075280583022, 0], [20.9748194750716, 37.7110995128221, 0], [20.9727887610645, 37.7126114970132, 0], [20.9696677214019, 37.7188075143625, 0], [20.9631667215643, 37.7220265150018, 0], [20.9581658322432, 37.7231899866337, 0], [20.9487138429819, 37.7253889709293, 0], [20.9427287561011, 37.7267813539441, 0], [20.9353732351162, 37.7284925220657, 0], [20.9304315159683, 37.7307341128686, 0], [20.9241657218746, 37.7343065147624, 0], [20.9159995074453, 37.7369280769007, 0], [20.9121470493546, 37.7381647811136, 0], [20.9091947213803, 37.7391125148072, 0], [20.9023057210707, 37.7386665152275, 0], [20.8990913319611, 37.7370059417085, 0], [20.8947217217718, 37.7347485146529, 0], [20.8796816622448, 37.7296735119211, 0], [20.8706107217778, 37.7266125151203, 0], [20.8673057215857, 37.7237515147158, 0], [20.862888721161, 37.7146685146894, 0], [20.8586387216694, 37.713165514638, 0], [20.8538897214248, 37.7047505151869, 0], [20.846416721251, 37.6987765151164, 0], [20.8478887210515, 37.6928595146055, 0], [20.8442787220762, 37.689971514779, 0], [20.8385567216282, 37.68910951494, 0], [20.8372787214857, 37.6863065146727, 0], [20.8459167217867, 37.6810835146834, 0], [20.8520567210332, 37.6792225146901, 0], [20.8560827213844, 37.6740835149784, 0], [20.8616657218034, 37.671749514686, 0], [20.8627227212511, 37.6685565144747, 0], [20.86036072178, 37.6638875145089, 0], [20.8621117215058, 37.6582225149837, 0], [20.8598877210408, 37.6563075147441, 0], [20.852193721328, 37.6546935150422, 0], [20.846416721251, 37.6496655147034, 0], [20.8355557215079, 37.6477205148661, 0], [20.8319437216425, 37.6510275144525, 0], [20.8233337210895, 37.6502765144756, 0], [20.819096511806, 37.6524193760815, 0], [20.8101677212386, 37.653751514972, 0], [20.808639721942, 37.6555295149153, 0], [20.8101387216234, 37.6597215144338, 0], [20.8079167220486, 37.6637765145033, 0], [20.8083327211127, 37.6667785144985, 0], [20.8019863689362, 37.6721865866532, 0], [20.7907777217413, 37.6771925147572, 0], [20.7836957216408, 37.6854435144736, 0], [20.7773057209283, 37.686164515027, 0], [20.7734717216568, 37.6931385149137, 0], [20.7675910243746, 37.6978212959007, 0], [20.7629594085339, 37.7029347968137, 0], [20.7600267218807, 37.7126385148209, 0], [20.7553067212513, 37.7147785149992, 0], [20.7472787219842, 37.7135845150227, 0], [20.7423897218434, 37.7186925148439, 0], [20.7394717211002, 37.7195285150598, 0], [20.7344167210494, 37.7170565144129, 0], [20.7295287219316, 37.722168514534, 0], [20.7207217209632, 37.7246395144276, 0], [20.7105328920287, 37.7339193879986, 0], [20.7036101597848, 37.7402237656526, 0], [20.6964437211922, 37.7467495148558, 0], [20.7004447213968, 37.752609514567, 0], [20.6975557214247, 37.7580265147884, 0], [20.7021677213745, 37.7632215149722, 0], [20.6956937214178, 37.7657505145812, 0], [20.6849437207999, 37.7667775149026, 0], [20.679250721123, 37.7706945152199, 0], [20.6813607217056, 37.7742235149967, 0], [20.6762507208699, 37.7781675149457, 0], [20.6783337215716, 37.7821385152744, 0], [20.6825557213151, 37.7841115152842, 0], [20.6804717219022, 37.7906955146092, 0], [20.674083720924, 37.791389514774, 0], [20.6698607213133, 37.7946935147617, 0], [20.663499721372, 37.7946935147617, 0], [20.6577261023486, 37.7997419036497, 0], [20.6528897218062, 37.8039705151197, 0], [20.6441117216089, 37.8059735151715, 0], [20.6364437207539, 37.8137205148002, 0], [20.6354157209215, 37.8166965144615, 0], [20.6377777215484, 37.8208885152098, 0], [20.6345277209853, 37.822387515033, 0], [20.6259437216019, 37.8211675152119, 0], [20.6304342648566, 37.8277597741615, 0], [20.6355557208177, 37.8352775150485, 0], [20.63408272115, 37.8407215149707, 0], [20.6274167212696, 37.851501514487, 0], [20.6301937210936, 37.8589435147233, 0], [20.6253337217239, 37.8628885145937, 0], [20.625528721249, 37.8647495151794, 0], [20.6294997208154, 37.8658065150113, 0], [20.6316397208803, 37.8693045144946, 0], [20.630750721077, 37.8745535153671, 0], [20.6336937208109, 37.8840565151564, 0], [20.6401937207813, 37.8868065151981, 0], [20.641805721634, 37.8939705147652, 0], [20.6505277211792, 37.9036675145575, 0], [20.6556397217492, 37.9054455147106, 0], [20.6586117210983, 37.9077755150518, 0], [20.6618656043826, 37.9103033540113, 0], [20.6682101313681, 37.9152319681847, 0], [20.6780171046789, 37.9220768230176, 0], [20.6857227213453, 37.9262235149849, 0], [20.689886343874, 37.9271529318793, 0], [20.6964957535853, 37.9286282807906, 0], [20.7051387208565, 37.9305575146986, 0]]]}}, {"type": "Feature", "properties": {"place_id": "363230PKyt", "name": "Cythera"}, "geometry": {"type": "Polygon", "coordinates": [[[23.0998057232506, 36.2354735131359, 0], [23.0946937238366, 36.2248345136812, 0], [23.0898887240959, 36.2243035136386, 0], [23.073722723992, 36.2272795136417, 0], [23.0646667237366, 36.2266955133398, 0], [23.0574437238728, 36.2217485131048, 0], [23.0549717239879, 36.2187225135544, 0], [23.0534717232834, 36.2099985129665, 0], [23.049472723969, 36.2005265133261, 0], [23.0504167234013, 36.196193513153, 0], [23.047221723623, 36.1883315132258, 0], [23.0493047231688, 36.1839975135159, 0], [23.0480837235455, 36.1759715135176, 0], [23.0507767241252, 36.1691085132396, 0], [23.0501117234622, 36.1619985132679, 0], [23.0527777230052, 36.1558605132609, 0], [23.06052772337, 36.1511375130632, 0], [23.0529727236863, 36.1478345129068, 0], [23.0525547237319, 36.1420815135376, 0], [23.0489997232297, 36.1369705128657, 0], [23.0402767238173, 36.1361655130159, 0], [23.033721723062, 36.1376645136335, 0], [23.0265267241022, 36.1435275137042, 0], [23.0211657230893, 36.1438905131298, 0], [23.0182777229844, 36.1456945135876, 0], [23.0168057231838, 36.1455835134316, 0], [23.0137787230498, 36.1453895136396, 0], [23.0104997240274, 36.1403045133116, 0], [23.0055557231017, 36.1461945131249, 0], [22.9992767238261, 36.1486125132642, 0], [22.9948057236396, 36.1466935135234, 0], [22.9896387234407, 36.1392785135768, 0], [22.9870827231557, 36.1396935134833, 0], [22.9843327232127, 36.1476935134761, 0], [22.974000723705, 36.1544145136593, 0], [22.969193723074, 36.1550285132931, 0], [22.9641377231561, 36.1533315131268, 0], [22.9598617236507, 36.1548615134249, 0], [22.9548607233617, 36.163276512905, 0], [22.9525827231349, 36.1641655132496, 0], [22.9484157230203, 36.1608885132866, 0], [22.9444707234677, 36.1605835136332, 0], [22.9410287229808, 36.1626125132389, 0], [22.9383887234516, 36.1662215131776, 0], [22.9401657231912, 36.1745255135029, 0], [22.9369447233992, 36.1783595135935, 0], [22.9281667232019, 36.1796105135379, 0], [22.92033372346, 36.1897235131033, 0], [22.9185277229493, 36.1920545133939, 0], [22.9163607230035, 36.1989175137865, 0], [22.9114437231146, 36.203414513039, 0], [22.9107777237404, 36.2068325136535, 0], [22.9157217235102, 36.2131115129471, 0], [22.9167497233426, 36.2172505138136, 0], [22.9057497235705, 36.2267225136463, 0], [22.9030837228717, 36.2319445133995, 0], [22.904416723799, 36.2354165135732, 0], [22.9138047238744, 36.2438315132734, 0], [22.9244727238266, 36.2467495130762, 0], [22.9242227235165, 36.2568315132275, 0], [22.9166387230616, 36.2654455133602, 0], [22.915332723171, 36.2720565133949, 0], [22.9224717237907, 36.2813605136245, 0], [22.9210547236191, 36.2918885131422, 0], [22.9190557233175, 36.2949715131219, 0], [22.9178327239599, 36.2968895133273, 0], [22.9174437236208, 36.3012235135394, 0], [22.9109987232793, 36.3093865131582, 0], [22.893361723242, 36.3233065130887, 0], [22.8979167238286, 36.3334725134936, 0], [22.9025837234074, 36.3393055134755, 0], [22.907304723904, 36.3533585138273, 0], [22.9220557235706, 36.364612513214, 0], [22.9249987233045, 36.3706085138893, 0], [22.9233887233421, 36.3781655130987, 0], [22.9253327240147, 36.380500513425, 0], [22.9343887231142, 36.3808595133852, 0], [22.9521097235516, 36.3859705137085, 0], [22.9539717235584, 36.3850285131436, 0], [22.9552497237009, 36.3844185136939, 0], [22.9646107238953, 36.3723905138434, 0], [22.9653887234177, 36.3639175130548, 0], [22.9678057236736, 36.3584705130473, 0], [22.9784997236395, 36.3496925134811, 0], [22.9808617231106, 36.3453595134826, 0], [22.9796937233819, 36.3361665135039, 0], [22.9832777234993, 36.3279725137375, 0], [23.0052217235474, 36.3108595131097, 0], [23.0455277232605, 36.2939145134015, 0], [23.0483887234845, 36.2927205138596, 0], [23.0813327233047, 36.2638625131048, 0], [23.0879167236752, 36.2609705134918, 0], [23.09541672373, 36.2551115133919, 0], [23.1016667233903, 36.2529175138109, 0], [23.1054167234177, 36.2380555138504, 0], [23.0998057232506, 36.2354735131359, 0]]]}}, {"type": "Feature", "properties": {"place_id": "300570RKar", "name": "Carmani"}, "geometry": {"type": "MultiPolygon", "coordinates": [[[[57.312004358299, 25.787872516492, 0], [57.3095056187619, 25.7848513071776, 0], [57.2997517335504, 25.7918894481782, 0], [57.3081397340068, 25.7891384478208, 0], [57.312004358299, 25.787872516492, 0]]], [[[55.0373617310315, 25.8936934478374, 0], [55.042862731892, 25.8818894476679, 0], [55.0468067313797, 25.8705274485905, 0], [55.0476387315576, 25.8609164484816, 0], [55.0459717317645, 25.8581104477829, 0], [55.0367517311301, 25.8608344477821, 0], [55.0272487314995, 25.8566374484387, 0], [55.0232507319789, 25.8624994475184, 0], [55.0199167311223, 25.8637774484785, 0], [55.018860731043, 25.8636114481776, 0], [55.0095827311261, 25.8621124484546, 0], [55.0077217308853, 25.8712504476129, 0], [55.0009467314594, 25.8767774484193, 0], [55.0010837311666, 25.8799994485521, 0], [55.0039717318453, 25.8844454483208, 0], [55.0098047314026, 25.8836934484712, 0], [55.0143057318415, 25.8856654485649, 0], [55.031166730783, 25.8971934485065, 0], [55.0350007318504, 25.8961394479353, 0], [55.0373617310315, 25.8936934478374, 0]]], [[[54.5462497305437, 25.8942774484932, 0], [54.5424467312832, 25.8939174486028, 0], [54.5222207309486, 25.8987764482162, 0], [54.5200007307242, 25.8988604476493, 0], [54.4980857309125, 25.8996104481008, 0], [54.4939157306283, 25.9022214478752, 0], [54.4914707306902, 25.9062784479008, 0], [54.4907227312692, 25.9120004478144, 0], [54.4941107308884, 25.9162504479432, 0], [54.510502731426, 25.9188324486519, 0], [54.517444731283, 25.9231944487061, 0], [54.5265547309564, 25.9237214486936, 0], [54.5428357307205, 25.9290824479511, 0], [54.5459717306094, 25.9202214478675, 0], [54.5486687315482, 25.9035544480589, 0], [54.5481957313539, 25.8961654476398, 0], [54.5462497305437, 25.8942774484932, 0]]], [[[54.4385267308734, 26.1163614485048, 0], [54.431694730707, 26.1158884480975, 0], [54.4316677306905, 26.1227784479264, 0], [54.4348067312871, 26.1270274485909, 0], [54.4389457310348, 26.1250844480415, 0], [54.4418907311837, 26.121528448546, 0], [54.4385267308734, 26.1163614485048, 0]]], [[[55.1451117319887, 26.2369444482095, 0], [55.140777731981, 26.2365834487894, 0], [55.1363607310286, 26.239221448568, 0], [55.1323057320379, 26.2466944487057, 0], [55.1329997314259, 26.2487774483672, 0], [55.1357507311272, 26.2502234481125, 0], [55.1406097317374, 26.2492214485252, 0], [55.1455847309126, 26.2452224485425, 0], [55.1474997311863, 26.2409174485408, 0], [55.1451117319887, 26.2369444482095, 0]]], [[[55.3130837318365, 26.2504724486445, 0], [55.297584731467, 26.250055448962, 0], [55.2919427316498, 26.2515274482867, 0], [55.282196731871, 26.2618334482255, 0], [55.2811937320122, 26.2684444489698, 0], [55.2835277311769, 26.2751674480701, 0], [55.2879457319416, 26.2796664486913, 0], [55.2950287320258, 26.2816944485643, 0], [55.3017507312312, 26.2859994485563, 0], [55.3075837320588, 26.2861674480953, 0], [55.3112797323363, 26.2828064485701, 0], [55.3165557322126, 26.260889448605, 0], [55.3157507320512, 26.2544444487252, 0], [55.3130837318365, 26.2504724486445, 0]]], [[[54.5164457306739, 26.2530844484487, 0], [54.5093617307773, 26.2523874486019, 0], [54.5046967306148, 26.2543044484601, 0], [54.4978337311823, 26.2667214489069, 0], [54.485748730636, 26.28263844872, 0], [54.4777227308708, 26.2984714485368, 0], [54.4781957310651, 26.3000274488705, 0], [54.4797517313551, 26.3049714485427, 0], [54.4858627308466, 26.3113614479008, 0], [54.4945267303421, 26.3173884484862, 0], [54.5020567304166, 26.3201674479937, 0], [54.5094457315343, 26.3201944490067, 0], [54.5174187310789, 26.3181384482478, 0], [54.5256127310878, 26.3108324486981, 0], [54.5326657304479, 26.2993334483506, 0], [54.5345007304846, 26.2918054483775, 0], [54.5341117310472, 26.2828334480352, 0], [54.5262497310056, 26.262582448173, 0], [54.5214157307871, 26.25600044819, 0], [54.5164457306739, 26.2530844484487, 0]]], [[[57.0770267327827, 26.3201674479937, 0], [57.0747497330882, 26.3196944487112, 0], [57.0707777337717, 26.3290554481326, 0], [57.0630567326868, 26.3493884486489, 0], [57.0605547332785, 26.3616394488445, 0], [57.0676657331916, 26.3476104481553, 0], [57.076721732832, 26.3247774483877, 0], [57.0770267327827, 26.3201674479937, 0]]], [[[55.8804177316077, 26.6218054491652, 0], [55.8506937319749, 26.6165274491439, 0], [55.8442497327038, 26.6191674484102, 0], [55.8387227316392, 26.6247764483053, 0], [55.8370557318461, 26.6300274490861, 0], [55.838444731705, 26.6353334482857, 0], [55.843918732549, 26.6398334485375, 0], [55.8509447318926, 26.6537784483434, 0], [55.8690567324439, 26.6819994487827, 0], [55.8724717320795, 26.6873344488378, 0], [55.8839157321879, 26.6896384494182, 0], [55.8883057318534, 26.6874444487862, 0], [55.8959167319772, 26.6800264483187, 0], [55.9056137320555, 26.6623324488179, 0], [55.8983047324452, 26.6493054490875, 0], [55.8914457322623, 26.6296384483669, 0], [55.8864717316291, 26.6246944487468, 0], [55.8804177316077, 26.6218054491652, 0]]], [[[55.6100277316072, 26.7588334486861, 0], [55.6027227325169, 26.7552224494457, 0], [55.5996097321244, 26.7565274488007, 0], [55.6003347320489, 26.7581384485912, 0], [55.605835731639, 26.76216744868, 0], [55.6109167325257, 26.7632214485359, 0], [55.6127207320259, 26.7618884491165, 0], [55.6100277316072, 26.7588334486861, 0]]], [[[55.7541387321035, 26.8132784484236, 0], [55.7507787323133, 26.8056104486967, 0], [55.7454987319169, 26.8098334488654, 0], [55.7432217322224, 26.8017504483483, 0], [55.7381407326061, 26.8011664491118, 0], [55.7342497320685, 26.8029174490213, 0], [55.7315557318374, 26.8072224494771, 0], [55.7334707321111, 26.8118614485375, 0], [55.7384987315069, 26.8149724488696, 0], [55.7404447323171, 26.8186954487996, 0], [55.7308887324659, 26.8306394490444, 0], [55.7320557320482, 26.8341104491456, 0], [55.7345847314729, 26.8350834494246, 0], [55.7382247320927, 26.8333344484374, 0], [55.7529717325212, 26.8187504487477, 0], [55.7541387321035, 26.8132784484236, 0]]], [[[55.7503897316055, 26.8366104487172, 0], [55.7486647325299, 26.8349724485197, 0], [55.7411657317215, 26.8373054488402, 0], [55.7361947317959, 26.8411104485216, 0], [55.7350007321971, 26.8472784487663, 0], [55.7369157324708, 26.8519174490146, 0], [55.7490277317632, 26.8400274494558, 0], [55.7503897316055, 26.8366104487172, 0]]], [[[55.7673607315081, 26.8425274487558, 0], [55.7641377326954, 26.8387774495102, 0], [55.759529732003, 26.8395824489033, 0], [55.7483337323751, 26.8547234495113, 0], [55.750251732086, 26.8593614486996, 0], [55.7537767326827, 26.861723449285, 0], [55.7558327319131, 26.8608604488672, 0], [55.7673607315081, 26.8425274487558, 0]]], [[[56.3448067322694, 26.8923334490109, 0], [56.3679437327792, 26.8870274494845, 0], [56.3799447325685, 26.8872504492723, 0], [56.3927767327233, 26.887500448633, 0], [56.3982777323134, 26.8816394487301, 0], [56.4034467332067, 26.8796384485089, 0], [56.4045297333025, 26.876693449081, 0], [56.4021687328509, 26.8676944492539, 0], [56.3930287324535, 26.8537214485304, 0], [56.3736657328334, 26.8402784487108, 0], [56.3587497323488, 26.8321954486349, 0], [56.3445557323516, 26.8266394488595, 0], [56.3356407329383, 26.8257774484246, 0], [56.324333732537, 26.8271674492432, 0], [56.3215837326482, 26.8243614494155, 0], [56.3185007329797, 26.8250004485269, 0], [56.3117227328463, 26.8310544489759, 0], [56.3082507324701, 26.8365004491304, 0], [56.3062217319858, 26.8465824489191, 0], [56.3064997331904, 26.8566954487452, 0], [56.3098917320592, 26.864334449302, 0], [56.3163877330088, 26.870666449138, 0], [56.3300027323707, 26.8798884488442, 0], [56.3402487323603, 26.8894994491806, 0], [56.3448067322694, 26.8923334490109, 0]]], [[[55.6531947323791, 26.8968044486385, 0], [55.6447797319062, 26.8876384489768, 0], [55.6435857323074, 26.8926664491271, 0], [55.6534997323298, 26.9039444491514, 0], [55.655361732383, 26.9009994487727, 0], [55.6531947323791, 26.8968044486385, 0]]], [[[55.6727797322758, 26.8492504485179, 0], [55.6761667320825, 26.8470264494331, 0], [55.6843077318708, 26.8483884490286, 0], [55.6907767315335, 26.8462504488264, 0], [55.6960837319464, 26.8496664490893, 0], [55.7111137326416, 26.8593614486996, 0], [55.7177777325644, 26.8590564487001, 0], [55.7191397324068, 26.8471394493115, 0], [55.7159997319978, 26.8406394487501, 0], [55.7181667320017, 26.8370004494827, 0], [55.7215537318084, 26.8350274485017, 0], [55.723526732635, 26.8283884489249, 0], [55.7220847325557, 26.8166394490323, 0], [55.7237517323488, 26.8029174490213, 0], [55.7226947324571, 26.7957494492615, 0], [55.7184447319359, 26.7919994487975, 0], [55.7125547316381, 26.792528448566, 0], [55.7083627316699, 26.7963334491719, 0], [55.7034147325111, 26.8074724487652, 0], [55.6975557314794, 26.8149164493438, 0], [55.6914717320043, 26.8225844488332, 0], [55.6723907315681, 26.7934174487141, 0], [55.6648597316812, 26.7888894490278, 0], [55.6448597321432, 26.7834164490055, 0], [55.6214717317156, 26.7770274490716, 0], [55.6196407321989, 26.7792774489317, 0], [55.631305731501, 26.7903614491325, 0], [55.6361967324601, 26.7978324489508, 0], [55.6382217324244, 26.8050844489996, 0], [55.6385007321711, 26.8061674487234, 0], [55.6385577316412, 26.813055449103, 0], [55.636055732233, 26.8193344492505, 0], [55.6308067323731, 26.8323894484272, 0], [55.6311377325278, 26.8383884490017, 0], [55.6395567322504, 26.8562774486502, 0], [55.6410827318163, 26.8570004494425, 0], [55.6333887320183, 26.8657784495561, 0], [55.6330267325975, 26.8694444492171, 0], [55.6354717325356, 26.8729444494916, 0], [55.6491667321345, 26.8771664495512, 0], [55.6673317316358, 26.9035834495077, 0], [55.6699187316134, 26.910972448834, 0], [55.670749731979, 26.9176674491941, 0], [55.6735007316803, 26.920028448698, 0], [55.6877517324181, 26.922666449038, 0], [55.6951677322818, 26.9313334492602, 0], [55.6971937320586, 26.9319444491175, 0], [55.697723731723, 26.9320834496164, 0], [55.7081687324926, 26.8983324491117, 0], [55.7131117325894, 26.8869724487172, 0], [55.7051927318073, 26.8693334491451, 0], [55.6899987326589, 26.8549444490933, 0], [55.6727797322758, 26.8492504485179, 0]]], [[[56.1634447327734, 26.9905544496391, 0], [56.1878627330762, 26.9880564490807, 0], [56.1946107324856, 26.9939444493075, 0], [56.1994447327041, 26.9951954496728, 0], [56.2151947329914, 26.9906674485194, 0], [56.2319187322258, 26.9776664487523, 0], [56.2504167327771, 26.9745824487404, 0], [56.2597237323353, 26.9708614490618, 0], [56.2728047327831, 26.9591944488833, 0], [56.273445733221, 26.9566664486627, 0], [56.2748077330634, 26.9514154489558, 0], [56.2731937322204, 26.9440264494956, 0], [56.2677767321169, 26.9347224490268, 0], [56.2620017331126, 26.9298054492288, 0], [56.2554177321564, 26.9276104491738, 0], [56.2172777322383, 26.9270834489358, 0], [56.2022217326094, 26.9249434495731, 0], [56.1828887324429, 26.9204154488515, 0], [56.1694457325742, 26.9153324489022, 0], [56.1603317323809, 26.9086114490699, 0], [56.1537517319447, 26.8984714490936, 0], [56.1464997330749, 26.8819994488289, 0], [56.148166732868, 26.8760834488159, 0], [56.1320847326135, 26.8447224494348, 0], [56.1283617323196, 26.8403054486562, 0], [56.1090287321531, 26.8333054493976, 0], [56.105556731777, 26.8320274494344, 0], [56.1010017325755, 26.8197494486427, 0], [56.0922247326818, 26.8135834492855, 0], [56.0867507318377, 26.8108324491147, 0], [56.0760577318579, 26.8054444488273, 0], [56.0735817326537, 26.8026384486788, 0], [56.0781407323752, 26.7942214492072, 0], [56.0759437329176, 26.7902774491811, 0], [56.0676957328759, 26.7825274487644, 0], [56.0490007324397, 26.7747784492223, 0], [56.0334177325837, 26.7648044484742, 0], [56.0218057322316, 26.7592774491541, 0], [56.013832732687, 26.7513044493735, 0], [55.9855007323502, 26.7373044490935, 0], [55.9729737321461, 26.7311114483939, 0], [55.9667517318811, 26.7155834486398, 0], [55.9570547318028, 26.7054994483987, 0], [55.9467507325306, 26.6993064489679, 0], [55.927250731933, 26.6929164484265, 0], [55.915748732542, 26.692888448659, 0], [55.909500732073, 26.6973324485466, 0], [55.9026117324365, 26.7155554487701, 0], [55.8910297328086, 26.7281664483846, 0], [55.8903047316136, 26.728471448705, 0], [55.8586967322436, 26.7421394486468, 0], [55.852306731735, 26.7420004485202, 0], [55.8182797326309, 26.7251394493175, 0], [55.7867517322275, 26.7012214484934, 0], [55.7746667316812, 26.6949724483861, 0], [55.7699437322362, 26.6933614484692, 0], [55.7529187323007, 26.6875834485692, 0], [55.7330287324533, 26.6866664491416, 0], [55.7083057321998, 26.6929724490758, 0], [55.6917237317345, 26.6925834483546, 0], [55.6805847315769, 26.6888614488452, 0], [55.6685297317546, 26.682361449263, 0], [55.6424447316587, 26.662445448562, 0], [55.6365547326313, 26.6579434488189, 0], [55.6111377317194, 26.6456104494154, 0], [55.5948067324423, 26.6447504483873, 0], [55.5841677324954, 26.6419714489789, 0], [55.5698327322711, 26.6347214493115, 0], [55.5600017319228, 26.6315004492345, 0], [55.5419427315921, 26.6282764487905, 0], [55.5354467319129, 26.6242214481786, 0], [55.525585732111, 26.6207504483349, 0], [55.5186127317175, 26.611278448552, 0], [55.5180017320037, 26.6104444485692, 0], [55.5117767323015, 26.6050284483037, 0], [55.4840857324026, 26.5932764487583, 0], [55.4777227319105, 26.5924454483987, 0], [55.4712227317113, 26.5959454490154, 0], [55.4489447313959, 26.5986114483073, 0], [55.4405827324139, 26.5960824484144, 0], [55.4114727319322, 26.5810834484598, 0], [55.3950547311905, 26.575166449131, 0], [55.3915827320848, 26.574499448795, 0], [55.3577767321744, 26.5682224491778, 0], [55.3536687316928, 26.5690264485244, 0], [55.3460547321318, 26.5750274488669, 0], [55.3401377318175, 26.5771674484213, 0], [55.3327217319537, 26.5769724487452, 0], [55.326946731679, 26.5747504488186, 0], [55.3158347315377, 26.5629724488665, 0], [55.3144457316789, 26.5588054487118, 0], [55.3150297313763, 26.5484714490696, 0], [55.3120007317408, 26.5479444483256, 0], [55.300804732113, 26.5545274487722, 0], [55.2936407319794, 26.5552504483043, 0], [55.2878617311846, 26.5523334489645, 0], [55.2857517319213, 26.5470004485788, 0], [55.2859997311315, 26.5458334492377, 0], [55.2866407315694, 26.5426674488467, 0], [55.2823067315616, 26.5425544489305, 0], [55.2768067317839, 26.5470004485788, 0], [55.2698067313739, 26.5580554490036, 0], [55.2651677314155, 26.575166449131, 0], [55.2706947312096, 26.6086384488772, 0], [55.2683067320121, 26.6189174487181, 0], [55.2626957314609, 26.6263334486458, 0], [55.2618067318128, 26.6297494487977, 0], [55.2650267311883, 26.6406384481941, 0], [55.2630547314445, 26.6456394486652, 0], [55.2573327313903, 26.6526664484096, 0], [55.2542767317384, 26.6564444488706, 0], [55.2564437317423, 26.6603884487792, 0], [55.2594457313613, 26.662082449358, 0], [55.2698597315945, 26.6637494487252, 0], [55.2762797315567, 26.6630004491471, 0], [55.2862517321321, 26.6550004493839, 0], [55.2962227316246, 26.6545824493201, 0], [55.3071107318645, 26.6498054489323, 0], [55.3125007319516, 26.6490264488263, 0], [55.3208887311376, 26.6504174488322, 0], [55.3314447314103, 26.6474724488283, 0], [55.3428887315187, 26.6486944492429, 0], [55.3540007316599, 26.65288944899, 0], [55.3759997322287, 26.6649434487664, 0], [55.3773347320546, 26.6656664488162, 0], [55.3917777323448, 26.6692504492165, 0], [55.399528731613, 26.6742784491054, 0], [55.4061127312988, 26.6765264482928, 0], [55.4211967320269, 26.6760004494243, 0], [55.4374437318174, 26.6791664489596, 0], [55.4850007322548, 26.7024444483915, 0], [55.4941107319281, 26.7049714484924, 0], [55.5061117317174, 26.7055544486974, 0], [55.5137487320453, 26.7059174490947, 0], [55.5172777318916, 26.7076114485128, 0], [55.5231937323934, 26.7144164483109, 0], [55.5285267317399, 26.715694448299, 0], [55.549499731683, 26.7153054491412, 0], [55.5568357313098, 26.7177774486351, 0], [55.57277773242, 26.7310564490961, 0], [55.5842217325284, 26.7326944484736, 0], [55.5899437325826, 26.7383614489853, 0], [55.6100007315907, 26.7427504490656, 0], [55.6208347317977, 26.7473884493279, 0], [55.6171687322443, 26.75027844943, 0], [55.6168327317571, 26.7534994485028, 0], [55.6182787323565, 26.7548334493188, 0], [55.6242797321574, 26.7603334484477, 0], [55.6511117318618, 26.7779734492696, 0], [55.6617517316211, 26.7814444490537, 0], [55.6777767324055, 26.7841394486641, 0], [55.6818047313797, 26.7865274493224, 0], [55.6817517324296, 26.7883604493055, 0], [55.6765557315198, 26.7907774493254, 0], [55.691555731491, 26.8108884483903, 0], [55.6944167321533, 26.8093334488107, 0], [55.7030567323399, 26.7939164484327, 0], [55.7085847319464, 26.7887784493805, 0], [55.7077487325189, 26.7882494491408, 0], [55.7028047326097, 26.7851944490134, 0], [55.7023897316979, 26.7819444484186, 0], [55.7108347316245, 26.7814734488842, 0], [55.717167732663, 26.7834454494664, 0], [55.7369737317533, 26.7970274489311, 0], [55.7378357326553, 26.7940554485453, 0], [55.732471731502, 26.7842764488475, 0], [55.7365577322995, 26.7852784493249, 0], [55.7457237316306, 26.7951394494383, 0], [55.7511407317341, 26.793666448748, 0], [55.7547767318338, 26.7999434484479, 0], [55.7654727325213, 26.8018054485797, 0], [55.7595567320194, 26.8117774486339, 0], [55.7613077325695, 26.821945448568, 0], [55.7598617319701, 26.8293894486416, 0], [55.7614717322931, 26.8336394485991, 0], [55.7771687323599, 26.8395274488663, 0], [55.7739717324808, 26.844278448952, 0], [55.774418732471, 26.8465824489191, 0], [55.7784737327321, 26.8482784484163, 0], [55.7648317320834, 26.8596934488644, 0], [55.7643897324255, 26.8838064494776, 0], [55.7603347321644, 26.8910564488667, 0], [55.7412497324785, 26.9055554495804, 0], [55.7334177318906, 26.9191374488839, 0], [55.7302787325644, 26.9224454493452, 0], [55.7277227318529, 26.9251114489293, 0], [55.7265557322705, 26.9263324491527, 0], [55.7247507316875, 26.9352494486821, 0], [55.7260827320762, 26.9428614490726, 0], [55.7310567327095, 26.9478054494737, 0], [55.7444727325617, 26.9527224490367, 0], [55.75416573212, 26.9540824486493, 0], [55.7655837320243, 26.9486104491812, 0], [55.7732507318059, 26.9494724484956, 0], [55.7789727318601, 26.9466114490552, 0], [55.7910847324229, 26.9349444485349, 0], [55.8059467316041, 26.9251934493063, 0], [55.827694732255, 26.9137784494016, 0], [55.8353047325664, 26.9097784492864, 0], [55.8506127319255, 26.9029994487294, 0], [55.8619467323432, 26.8998054491218, 0], [55.8691407319305, 26.8990554494959, 0], [55.8808597325359, 26.9006934485565, 0], [55.9220277322772, 26.9117224486042, 0], [55.9343607320336, 26.9195554487218, 0], [55.9403047323644, 26.9169444490513, 0], [55.9423337328487, 26.9183614493502, 0], [55.941166731996, 26.9229444489441, 0], [55.9426387327994, 26.9255004489729, 0], [55.9509437323113, 26.9309444489444, 0], [55.9528357318181, 26.93650044885, 0], [55.9568597328131, 26.9391384490405, 0], [55.9663057317032, 26.9402504486435, 0], [55.9742517325019, 26.9491384495568, 0], [55.9953887321686, 26.9537504496189, 0], [56.0120277321039, 26.9536384487021, 0], [56.0224157321331, 26.9584444488552, 0], [56.0359997322289, 26.9616944487699, 0], [56.0371667318112, 26.9619714488508, 0], [56.0444457319679, 26.9678894487674, 0], [56.0487787321632, 26.9681944492054, 0], [56.0571677324321, 26.9661674487051, 0], [56.0795827324546, 26.9757494489284, 0], [56.0868077325783, 26.982999449689, 0], [56.091057731829, 26.9831384494741, 0], [56.1200837328242, 26.9841674494252, 0], [56.1330267324821, 26.9887774489545, 0], [56.1376387324242, 26.98863944895, 0], [56.1418347329124, 26.9848324490706, 0], [56.1448597320278, 26.9869724489108, 0], [56.1446117328177, 26.9959164490697, 0], [56.147388732723, 26.9985004488427, 0], [56.1521687329086, 26.9961394486429, 0], [56.1634447327734, 26.9905544496391, 0]]], [[[56.8736117326851, 27.0081124486424, 0], [56.8713347329905, 27.0069444496674, 0], [56.8679737333879, 27.0073334489741, 0], [56.861972733587, 27.0132214494904, 0], [56.864250733094, 27.015556449219, 0], [56.8675847326802, 27.0153614489996, 0], [56.8709457335533, 27.0128884489397, 0], [56.8736117326851, 27.0081124486424, 0]]], [[[56.8568877334507, 27.0257774495309, 0], [56.8561667327758, 27.0227774495288, 0], [56.8499717325273, 27.0249734487611, 0], [56.8393057325639, 27.0337774497195, 0], [56.8374447335936, 27.0369724493595, 0], [56.8384177327283, 27.0401934490944, 0], [56.8491097328957, 27.0304714486684, 0], [56.8568877334507, 27.0257774495309, 0]]], [[[56.7971957329541, 27.1043344490939, 0], [56.80552673267, 27.0973344493727, 0], [56.810138732612, 27.0981104493835, 0], [56.8174437329727, 27.0920274490533, 0], [56.8171957324922, 27.0904164495807, 0], [56.8093077335169, 27.0884434491453, 0], [56.8001677331195, 27.0968054497574, 0], [56.7970007326941, 27.1013334489461, 0], [56.7971957329541, 27.1043344490939, 0]]], [[[56.4559717328621, 27.0921664496363, 0], [56.4629177332392, 27.0906944489177, 0], [56.4759447323837, 27.092750449485, 0], [56.48102973252, 27.0843614489553, 0], [56.4948047323559, 27.0747224491865, 0], [56.4972767323105, 27.0674174489348, 0], [56.4954187327773, 27.058889449468, 0], [56.4900017326738, 27.0515554489581, 0], [56.4898877324631, 27.0514164489245, 0], [56.4886937328644, 27.0498044493786, 0], [56.4905817331216, 27.0452494494372, 0], [56.4883617328972, 27.041973449014, 0], [56.4786687333389, 27.0401934490944, 0], [56.4701127326388, 27.0336114490823, 0], [56.4449997331356, 27.0333884491693, 0], [56.4206967328559, 27.043056449192, 0], [56.4151957332658, 27.0484714494721, 0], [56.4134187325117, 27.0585554495906, 0], [56.4195557322072, 27.0699154497011, 0], [56.4181677321608, 27.0744724490961, 0], [56.4198877321744, 27.0786384491081, 0], [56.4360547329983, 27.0892774495968, 0], [56.4412767328417, 27.0953614497876, 0], [56.4441377322336, 27.1048334491827, 0], [56.4469727326918, 27.1046394488935, 0], [56.4512787328707, 27.0955274495173, 0], [56.4559717328621, 27.0921664496363, 0]]], [[[56.6057777333962, 27.1483064497474, 0], [56.5989157325057, 27.1456664492805, 0], [56.5855297333776, 27.1477514488218, 0], [56.5818907325703, 27.1497494487479, 0], [56.5818327332877, 27.1520554497347, 0], [56.6057777333962, 27.1483064497474, 0]]], [[[56.6388627326317, 27.149110448747, 0], [56.6319427324587, 27.1476114490083, 0], [56.6242217326442, 27.149778448847, 0], [56.6236387327592, 27.1522774493445, 0], [56.6388627326317, 27.149110448747, 0]]], [[[56.5618627332033, 27.1512504489008, 0], [56.5569997333435, 27.150472449246, 0], [56.5458877332023, 27.1544174487444, 0], [56.5458337331694, 27.1569444495925, 0], [56.5610007323013, 27.1555824488735, 0], [56.5641097334442, 27.1538044495701, 0], [56.5618627332033, 27.1512504489008, 0]]], [[[57.8396725618516, 27.3907894518039, 0], [57.6664325326776, 26.9283763496977, 0], [57.5798125187259, 26.4020083226721, 0], [57.4931925047741, 26.1068089186033, 0], [57.3224716191867, 25.8005275729397, 0], [57.3224715886969, 25.800527536339, 0], [57.3110847341557, 25.8074434480257, 0], [57.3063627332526, 25.8172494480962, 0], [57.3051687336539, 25.8126664475568, 0], [57.3080827332663, 25.80280544851, 0], [57.3076407336084, 25.7989164484361, 0], [57.3005297336954, 25.8011114482006, 0], [57.2976687330331, 25.8054444485331, 0], [57.2846947341091, 25.8768334478155, 0], [57.2794727329953, 25.9055554485269, 0], [57.273613733234, 25.9245544484018, 0], [57.2665297333374, 25.9391674485074, 0], [57.2486647334543, 25.9632774477543, 0], [57.2493327339087, 25.9694734481967, 0], [57.2474707338555, 25.9756664487053, 0], [57.2405287339985, 25.9810834482432, 0], [57.2357787332665, 25.9916934482294, 0], [57.2339707332463, 25.9956954475901, 0], [57.229583733018, 25.9997764480938, 0], [57.2221947331707, 26.0026664488196, 0], [57.2128067335631, 26.0018614478104, 0], [57.2066387333311, 26.0070554483925, 0], [57.194137733331, 26.0112494483435, 0], [57.1930847339593, 26.0133054482451, 0], [57.1980017338521, 26.0228064487597, 0], [57.1979177330951, 26.0294434478028, 0], [57.1910827334914, 26.0433614477924, 0], [57.1865007330031, 26.0440004477452, 0], [57.1831397334004, 26.048999448392, 0], [57.1850017334536, 26.0598334484683, 0], [57.1822517335648, 26.0719724479356, 0], [57.1862227330689, 26.0793614480538, 0], [57.1861647337863, 26.0821114488267, 0], [57.1851957339013, 26.083639448747, 0], [57.1812217336896, 26.0898614487824, 0], [57.1819727338181, 26.0937784476463, 0], [57.1831097339468, 26.0995274477158, 0], [57.216609734094, 26.1497784478065, 0], [57.2198067339731, 26.1578614478282, 0], [57.2154427332413, 26.1754724479657, 0], [57.2123607333853, 26.1779724488973, 0], [57.2032207329879, 26.1785274488653, 0], [57.1996117329046, 26.1810284479564, 0], [57.1950567337032, 26.1876664486273, 0], [57.194137733331, 26.1889724486112, 0], [57.1940537338444, 26.1954174488834, 0], [57.1871107329046, 26.200388448847, 0], [57.1831667334169, 26.2076664481987, 0], [57.1734427333221, 26.2123894484037, 0], [57.1381377338622, 26.2403894488049, 0], [57.1271937339646, 26.256778448651, 0], [57.1226387334927, 26.2709444484114, 0], [57.1201937335546, 26.2866674483753, 0], [57.1175277331524, 26.3037224479963, 0], [57.1186377332646, 26.3129154485925, 0], [57.109832733542, 26.3233604483612, 0], [57.110027733802, 26.3259164481577, 0], [57.1176687333795, 26.3262214489017, 0], [57.1206937337654, 26.3288064488753, 0], [57.115222733629, 26.3353884481037, 0], [57.118415732988, 26.3430004485026, 0], [57.1096957338348, 26.3470264490462, 0], [57.099109732838, 26.3551384484418, 0], [57.0950277338309, 26.3560274483184, 0], [57.0938607329781, 26.3493324486468, 0], [57.0918357330138, 26.3483884487592, 0], [57.0833327338047, 26.3558614488578, 0], [57.0934447335244, 26.364334447994, 0], [57.0958597340088, 26.3663614484083, 0], [57.0963597329492, 26.3686674483255, 0], [57.0918887332343, 26.3768614480281, 0], [57.0858047337593, 26.3742504480497, 0], [57.0858877334335, 26.3696674481376, 0], [57.084388733884, 26.3673614488213, 0], [57.0813597329781, 26.367082448183, 0], [57.07210973289, 26.3871674489737, 0], [57.0724987335977, 26.3938334486202, 0], [57.0665817332835, 26.411443447891, 0], [57.0643047335889, 26.4414994481383, 0], [57.0609747332523, 26.4432774489703, 0], [57.058860733469, 26.4471394489597, 0], [57.0651397332041, 26.4522784480941, 0], [57.0665557330794, 26.4553054490501, 0], [57.0668607330301, 26.455999448219, 0], [57.0660017328357, 26.4615004485051, 0], [57.0593077334592, 26.4657494487119, 0], [57.0552487326781, 26.4654734484102, 0], [57.0527227326906, 26.4640564489413, 0], [57.0492517333973, 26.4573614488658, 0], [57.0472227329129, 26.4566384483568, 0], [57.0461967335577, 26.4582214485128, 0], [57.0591397332156, 26.4903334487565, 0], [57.0629157337301, 26.4942784482912, 0], [57.0649987329769, 26.4917774481677, 0], [57.0591397332156, 26.4765554491262, 0], [57.0599447333771, 26.4740274487285, 0], [57.0622217330716, 26.4740564482096, 0], [57.082889733064, 26.4878884491002, 0], [57.0848887328243, 26.4913614490225, 0], [57.079776733942, 26.4920004483498, 0], [57.0709727327613, 26.4843064487699, 0], [57.0691687332611, 26.4858894481058, 0], [57.074417733121, 26.5068604487911, 0], [57.0778617336683, 26.5298614486186, 0], [57.0804177331095, 26.5301114483916, 0], [57.0818327331724, 26.5358884491197, 0], [57.0806967328561, 26.5365564492832, 0], [57.0787507333163, 26.5376664490497, 0], [57.0776407332042, 26.5422494485004, 0], [57.079029733063, 26.5659444484193, 0], [57.0764167328813, 26.5941104489421, 0], [57.0743597338385, 26.6161674489606, 0], [57.0656397334149, 26.6649724487813, 0], [57.0564157335308, 26.6967504493074, 0], [57.0481947335056, 26.7172504486592, 0], [57.0238607326894, 26.7778604484771, 0], [57.0250287333545, 26.783138448631, 0], [57.0271957333584, 26.7851394486677, 0], [57.030445733458, 26.7881394491156, 0], [57.0310827333759, 26.7887494491483, 0], [57.0305297329446, 26.7912504492484, 0], [57.0261117334503, 26.7904724494994, 0], [57.0208327328663, 26.7895284484717, 0], [57.0088617338011, 26.8251114490005, 0], [57.0060007331388, 26.8336394485991, 0], [56.9822767334944, 26.8604164493613, 0], [56.9580577327013, 26.8844164488575, 0], [56.9571117335831, 26.8856664488171, 0], [56.9488607328337, 26.8964444492554, 0], [56.9634437335387, 26.8978064485281, 0], [56.9700017330205, 26.902027448396, 0], [56.9533887332891, 26.9015564485189, 0], [56.9533347332562, 26.9024444489133, 0], [56.953056733322, 26.9061394496009, 0], [56.9509737328047, 26.9074994491138, 0], [56.9410287335162, 26.905527449007, 0], [56.936916733785, 26.9070834494692, 0], [56.9316107331845, 26.9168604489881, 0], [56.9320257328259, 26.9226114486373, 0], [56.9413077332628, 26.9186114489418, 0], [56.9321677328654, 26.9292774489184, 0], [56.9104727337054, 26.9601384486299, 0], [56.9069177336551, 26.9651944493718, 0], [56.9096687333563, 26.9686944487671, 0], [56.9142767327783, 26.9696674495618, 0], [56.920612733254, 26.9587494488273, 0], [56.92388973337, 26.9553604489383, 0], [56.9247787330181, 26.954445449594, 0], [56.9330297337675, 26.952249449161, 0], [56.9433597332436, 26.9456944489071, 0], [56.9451377338102, 26.9476114495721, 0], [56.9289167329534, 26.9668884495331, 0], [56.9288337332792, 26.9708064495299, 0], [56.9343607330734, 26.9763894488163, 0], [56.9379467336602, 26.9764444490173, 0], [56.9561117331615, 26.9643064492647, 0], [56.9573057327603, 26.9691394491592, 0], [56.9414717329864, 26.9806384490725, 0], [56.9410287335162, 26.9829734495473, 0], [56.9398047331933, 26.9891664488438, 0], [56.9394987334302, 26.9907224496665, 0], [56.9401397325977, 26.9966944490669, 0], [56.944526732826, 26.999834449363, 0], [56.9581107329218, 27.0095824488374, 0], [56.9651107333318, 27.0191114491831, 0], [56.9645537336509, 27.0218624494391, 0], [56.9601667334226, 27.0236114494263, 0], [56.9465827333268, 27.0091954493707, 0], [56.944721733086, 27.0126114496876, 0], [56.9530297333055, 27.0216944495405, 0], [56.9552497335299, 27.025612448795, 0], [56.9541667334342, 27.0285834491039, 0], [56.9488067328008, 27.028055449128, 0], [56.938388733318, 27.0235274496844, 0], [56.9358597326229, 27.0207504489952, 0], [56.9367487335414, 27.0141104489109, 0], [56.9347497337811, 27.0117784490328, 0], [56.9178047328122, 27.0144994494488, 0], [56.9142227327454, 27.013778449246, 0], [56.9132507334231, 27.0114724496208, 0], [56.9136397328604, 27.0109444495864, 0], [56.9232217329157, 26.99783344944, 0], [56.925415732936, 26.9902784492922, 0], [56.9222227335769, 26.982889448874, 0], [56.895862732984, 27.0091384493542, 0], [56.9020537327125, 27.0211654495526, 0], [56.9009707326168, 27.0241394487903, 0], [56.8945277331581, 27.0256384492632, 0], [56.8932767328187, 27.0242504492861, 0], [56.8853077337941, 27.0255284494178, 0], [56.8759997331531, 27.0311104491082, 0], [56.8721967326222, 27.0285284495051, 0], [56.8684737335987, 27.0224994493188, 0], [56.8641127335744, 27.0231384487138, 0], [56.8627517335445, 27.0258614487219, 0], [56.8606377324907, 27.030195449001, 0], [56.8548887336904, 27.0367774489745, 0], [56.8614157326357, 27.0426104491044, 0], [56.8587497335039, 27.0494724488702, 0], [56.8531687336768, 27.0597234492297, 0], [56.8451387333916, 27.0644174486109, 0], [56.8443067332137, 27.0671674495224, 0], [56.8477517335733, 27.0745564491706, 0], [56.836444733172, 27.0893324488225, 0], [56.8393597325969, 27.0978604494542, 0], [56.8385547337058, 27.0999164496545, 0], [56.8362237327079, 27.101028449187, 0], [56.8307497331343, 27.0924454489678, 0], [56.8276407332618, 27.0937784486222, 0], [56.8265267326296, 27.0992774487537, 0], [56.8171657330385, 27.1055564494852, 0], [56.8152777327813, 27.1103614493042, 0], [56.8141677326691, 27.1111664494212, 0], [56.8043597330877, 27.1182214489291, 0], [56.8003347335506, 27.1285004493286, 0], [56.7929157329793, 27.1274724491087, 0], [56.7882507328168, 27.1296944490767, 0], [56.7803347327422, 27.1401384495015, 0], [56.7736667335698, 27.1402494493293, 0], [56.7676397335649, 27.1337224497595, 0], [56.7648047331067, 27.1346114493466, 0], [56.764694733416, 27.1405834497962, 0], [56.7623327331521, 27.1435284494209, 0], [56.7579467327362, 27.1439174497951, 0], [56.7505837330929, 27.1401384495015, 0], [56.7261657327901, 27.1431944487109, 0], [56.7174987325871, 27.1536104494404, 0], [56.7101097327397, 27.1549164492083, 0], [56.7079737332723, 27.1553064487507, 0], [56.6954467330682, 27.1530284492908, 0], [56.6968617331311, 27.1466104493011, 0], [56.6951377325975, 27.1438334497592, 0], [56.6865277331349, 27.1445564489703, 0], [56.6725277335853, 27.145750449069, 0], [56.6699187326532, 27.147083449038, 0], [56.6687507332585, 27.1544174487444, 0], [56.6661377330768, 27.1562214491576, 0], [56.6561397335677, 27.1558344494221, 0], [56.6530267331752, 27.1578334487023, 0], [56.6521957328097, 27.1608044488028, 0], [56.658721733213, 27.1673604488525, 0], [56.6591687332032, 27.1712494487189, 0], [56.6587487332294, 27.1713884491805, 0], [56.6534727333531, 27.1732214497275, 0], [56.6493877323679, 27.1726954492182, 0], [56.6372797323252, 27.1621664491371, 0], [56.6342237326732, 27.1614174491202, 0], [56.6198887324488, 27.1683884494861, 0], [56.6186677328336, 27.1689724492271, 0], [56.6114737332463, 27.1700004497096, 0], [56.6019177333951, 27.1696394489563, 0], [56.6014707334049, 27.1696114497476, 0], [56.5876387328285, 27.1667784491503, 0], [56.5866667335062, 27.1665844489521, 0], [56.5798607322735, 27.1724454487517, 0], [56.5738067335225, 27.1684434493752, 0], [56.5466117333144, 27.1677494487465, 0], [56.5419737331683, 27.1688064488683, 0], [56.5370297332592, 27.1726384487091, 0], [56.5335847328995, 27.1776104497692, 0], [56.5261117322952, 27.1788614498522, 0], [56.5166937332339, 27.1757224493077, 0], [56.5047767329312, 27.1693054494612, 0], [56.491085732582, 27.1693054494612, 0], [56.4801407328719, 27.16933244962, 0], [56.4696967331851, 27.1661664491622, 0], [56.4411927320847, 27.1670284487455, 0], [56.4368057331268, 27.1683064491694, 0], [56.4307787331219, 27.1739444497169, 0], [56.4258887332457, 27.1749994495345, 0], [56.418529732852, 27.1716674498204, 0], [56.410057732909, 27.1719724490497, 0], [56.404609732269, 27.1743894487028, 0], [56.3980567331197, 27.1795564493634, 0], [56.3918877330752, 27.1916104491566, 0], [56.3855287331031, 27.1887494498717, 0], [56.3765567329493, 27.1885834495502, 0], [56.3635827327549, 27.1949994492287, 0], [56.3587227323323, 27.1948894496122, 0], [56.352085732426, 27.1924724488261, 0], [56.3288347329759, 27.1901954496025, 0], [56.2735827329281, 27.1811104490427, 0], [56.256168732285, 27.175027449652, 0], [56.2491687331454, 27.1725824495288, 0], [56.2416387330709, 27.1686664494496, 0], [56.2241097324047, 27.1595554493676, 0], [56.2152217330079, 27.1549164492083, 0], [56.2100297326181, 27.1681384495456, 0], [56.2074167324364, 27.169471449078, 0], [56.2055287321791, 27.1634444486991, 0], [56.2099157324074, 27.1421664490685, 0], [56.2091947330029, 27.1396394497391, 0], [56.1995277323783, 27.1369174495435, 0], [56.1861957320127, 27.13663844915, 0], [56.1841127327658, 27.1380004490316, 0], [56.1829987321336, 27.1411954497745, 0], [56.1847497326837, 27.1430554493329, 0], [56.1911127319054, 27.1447774494375, 0], [56.1913877324024, 27.1469724492151, 0], [56.1917497330937, 27.1498604492034, 0], [56.1896667325764, 27.1613064488457, 0], [56.1865537321839, 27.1628614497447, 0], [56.1784707329486, 27.1580834491086, 0], [56.1451687324986, 27.1567234494543, 0], [56.1138037320063, 27.1489714488147, 0], [56.1001937329768, 27.1397224490135, 0], [56.0889167320292, 27.1291674487521, 0], [56.0818067319286, 27.1200274492366, 0], [56.0807227320204, 27.1186394494182, 0], [56.0781677323917, 27.1181394491098, 0], [56.0747797327725, 27.1208324487887, 0], [56.0723617328508, 27.1198884493244, 0], [56.0742227318212, 27.1120834496875, 0], [56.0733077319691, 27.1081654492383, 0], [56.0669707329514, 27.1057224488017, 0], [56.0657237318617, 27.1036394487267, 0], [56.0668607319904, 27.093584449536, 0], [56.0644727327928, 27.0980834489838, 0], [56.0589717319323, 27.0990834490152, 0], [56.0572207326526, 27.1033324490309, 0], [56.0508887326969, 27.1008604490871, 0], [56.0514187323614, 27.0951384493614, 0], [56.048584732986, 27.0939164494934, 0], [56.0467497329493, 27.1001664495171, 0], [56.0387767321342, 27.098806448771, 0], [56.0410007328786, 27.0895274494583, 0], [56.0346947318566, 27.0963894487087, 0], [56.0290267318353, 27.0952774494763, 0], [56.0104717318139, 27.0876944495343, 0], [56.0091937327285, 27.087165449629, 0], [55.9613607319817, 27.0664994494349, 0], [55.9599457319188, 27.0651664488059, 0], [55.9553607319932, 27.0608334492553, 0], [55.9494707316954, 27.0510564491927, 0], [55.9448897322899, 27.0309714486508, 0], [55.9421657326051, 27.0276944487702, 0], [55.9360847325673, 27.0252784494716, 0], [55.9230537329027, 27.0233894493255, 0], [55.9083597326947, 27.0182224497146, 0], [55.8897787324692, 27.022888449107, 0], [55.8818327316706, 27.02291644881, 0], [55.8752217319683, 27.0209444495965, 0], [55.8550267321702, 27.0101664497188, 0], [55.8476107323064, 27.0097504487352, 0], [55.8421097327164, 27.0142234490197, 0], [55.8256377319418, 27.0074154494912, 0], [55.8087767317299, 27.0058884487226, 0], [55.7992787324317, 26.9974174492317, 0], [55.7876127320467, 27.0021954489576, 0], [55.7574467314857, 27.009082448734, 0], [55.7578317316734, 26.9957504490953, 0], [55.7493897324544, 26.9866104494249, 0], [55.7418067321595, 26.9742504489969, 0], [55.7379727323625, 26.9736934493357, 0], [55.7357787323421, 26.9753894490199, 0], [55.7295837320936, 26.9801674491903, 0], [55.7231407326349, 26.9823054489834, 0], [55.7049447325971, 26.9821114496325, 0], [55.6832507319791, 26.9882774491673, 0], [55.6742787318253, 26.98875044941, 0], [55.6395837322668, 26.9835544492793, 0], [55.6317487322417, 26.9796944490964, 0], [55.6265257325859, 26.9749714490151, 0], [55.6167797315366, 26.9586394492296, 0], [55.6122787323681, 26.9553054486307, 0], [55.5963597320248, 26.9482784487507, 0], [55.5898327318091, 26.9435004489698, 0], [55.5794187315759, 26.9326954489119, 0], [55.575779732039, 26.9261664485395, 0], [55.5755537325129, 26.9249994490088, 0], [55.5791397318293, 26.9246384487406, 0], [55.5856937320614, 26.9277784490888, 0], [55.5895007318419, 26.9274154494844, 0], [55.5906677314242, 26.9244724490328, 0], [55.587387731871, 26.9144994489067, 0], [55.5812227323465, 26.9152774494579, 0], [55.5784457324412, 26.9138334484436, 0], [55.577331731809, 26.9087504488607, 0], [55.5838897325612, 26.8951114496221, 0], [55.581249732363, 26.8890844494399, 0], [55.5723617316958, 26.8870274494845, 0], [55.5675547314937, 26.8931104488884, 0], [55.5618897321801, 26.8943614494181, 0], [55.5614737314559, 26.8918054490192, 0], [55.5693057320438, 26.8777504490257, 0], [55.5668607321057, 26.8747214494643, 0], [55.5509987325029, 26.8745554488958, 0], [55.5547217315265, 26.8695834496029, 0], [55.5666657318456, 26.8636954489087, 0], [55.5675277314773, 26.8607214490943, 0], [55.564945731832, 26.8535274490188, 0], [55.5583037315933, 26.8441944492775, 0], [55.5500257320979, 26.8389164490299, 0], [55.5488317324991, 26.8365844488451, 0], [55.5542227323985, 26.8277784489777, 0], [55.5547797320794, 26.822778449212, 0], [55.5556107324449, 26.8156114487683, 0], [55.5507247318183, 26.8086114487595, 0], [55.5140267319795, 26.7874714492302, 0], [55.500057731696, 26.7763334494939, 0], [55.4673887319143, 26.7587224491488, 0], [55.4575277321124, 26.7550274487116, 0], [55.4475557315371, 26.7552514491657, 0], [55.4364737321199, 26.7584174494224, 0], [55.4347497315863, 26.7641104490656, 0], [55.4319157322108, 26.7649444495245, 0], [55.4267237318211, 26.7588334486861, 0], [55.4057237318615, 26.7603604492806, 0], [55.3732797317935, 26.7597504487278, 0], [55.3629457317973, 26.7631664488896, 0], [55.3438607321114, 26.7780004493118, 0], [55.3375017321393, 26.7829434493204, 0], [55.3301657312421, 26.7878054485304, 0], [55.3211097316017, 26.7914714490496, 0], [55.3007777320965, 26.7879444493246, 0], [55.250446731191, 26.7863614487455, 0], [55.2382777311581, 26.7828334486892, 0], [55.2308357310903, 26.7766384487522, 0], [55.2256667314674, 26.7700824486672, 0], [55.2135847316287, 26.7424164488739, 0], [55.2041937313135, 26.7327214490637, 0], [55.194862731176, 26.729028449286, 0], [55.1788597313461, 26.7256104486167, 0], [55.1549457317741, 26.7228604486967, 0], [55.1506657317993, 26.7209164494255, 0], [55.1321107317778, 26.7031674489761, 0], [55.1017227309403, 26.7025544485079, 0], [55.0941967313859, 26.6986674484702, 0], [55.0781407313354, 26.6825834485187, 0], [55.0607797309128, 26.6533604483463, 0], [55.0538597320102, 26.646972448986, 0], [55.0503347314135, 26.6455004488662, 0], [55.0349427312975, 26.6475834489618, 0], [55.0293357312663, 26.646972448986, 0], [55.0088617317216, 26.6341954485381, 0], [55.0000007310708, 26.6317504486592, 0], [54.9724427316295, 26.6241954485588, 0], [54.9616667319754, 26.6185834490122, 0], [54.9369437317219, 26.595806448985, 0], [54.9141127309753, 26.5809724485127, 0], [54.8933607314963, 26.5674724486017, 0], [54.885833730859, 26.5625844484947, 0], [54.8791657316866, 26.5566384491686, 0], [54.8767777312186, 26.5531124485885, 0], [54.873611731876, 26.548444449209, 0], [54.8553887318217, 26.5375554491017, 0], [54.8497507312541, 26.5314164482089, 0], [54.845001731605, 26.5216104481295, 0], [54.8425297316504, 26.5196954487733, 0], [54.8379447317249, 26.5193334481969, 0], [54.8247797317904, 26.5235274491014, 0], [54.8155827306525, 26.5235004490538, 0], [54.80852873148, 26.5214444483326, 0], [54.804779730982, 26.5194724489143, 0], [54.7866667306184, 26.4991664490762, 0], [54.7803037313967, 26.498750448249, 0], [54.7456097316506, 26.5119434490049, 0], [54.7281117315208, 26.5160004486532, 0], [54.6842497315485, 26.515777448439, 0], [54.678806731241, 26.5150834484576, 0], [54.6720547313115, 26.5142494484027, 0], [54.6407777308259, 26.5054434487759, 0], [54.628807731573, 26.504388448274, 0], [54.6160547305724, 26.5046674486593, 0], [54.6098597315943, 26.5065274490716, 0], [54.6048627314646, 26.5100554485356, 0], [54.5986407311996, 26.519056448866, 0], [54.5818597312247, 26.556667448251, 0], [54.5789187315958, 26.5616114487433, 0], [54.571472731008, 26.5742494492118, 0], [54.5653037309635, 26.5811674481948, 0], [54.5529177309865, 26.5908894487357, 0], [54.5269737311177, 26.6013054486194, 0], [54.513610731486, 26.6033894485461, 0], [54.5048337303219, 26.5996664489133, 0], [54.4834177309085, 26.5987494486983, 0], [54.4758337308012, 26.5973344483334, 0], [54.4618077310475, 26.5904444491272, 0], [54.4604987314256, 26.5901104492088, 0], [54.4506957309063, 26.5875554489169, 0], [54.448385617984, 26.5877802352003, 0], [54.5481120227911, 26.8356645952395, 0], [54.6347320367428, 27.3907894518039, 0], [54.7733240588116, 28.5535684243091, 0], [54.7733240588116, 28.993930571117, 0], [54.7386760529768, 29.5379867829661, 0], [54.6000840309081, 30.0941212199047, 0], [54.2016319657135, 30.8555786650564, 0], [53.7165598852968, 31.5667667119612, 0], [53.3007838178201, 31.9644488545212, 0], [54.825296068199, 32.1406466740626, 0], [55.1371281181714, 32.1699799702473, 0], [55.8127642287738, 32.0525901738851, 0], [56.2978363091905, 31.9203464278628, 0], [57.0427684314626, 31.5815261257945, 0], [58.1861526176587, 30.8704495232508, 0], [59.1909447830566, 30.2289280962529, 0], [59.0003807516004, 29.7487796740689, 0], [58.6365766922407, 29.1150818752059, 0], [58.0648845978722, 28.1877313304289, 0], [57.9436165780856, 27.973745577181, 0], [57.8396725618516, 27.3907894518039, 0]]]]}}, {"type": "Feature", "properties": {"place_id": "315650RAra", "name": "Arachosia"}, "geometry": {"type": "Polygon", "coordinates": [[[71.0405627239287, 32.8856847626447, 0], [70.8499986937429, 32.5650533511562, 0], [70.7114066704037, 32.1259764857487, 0], [70.7287306726859, 31.7289916351603, 0], [70.572814648335, 30.9299098827777, 0], [70.399574619161, 30.7514181154021, 0], [70.2263345912574, 30.5725948993184, 0], [70.17436258187, 30.3336503151133, 0], [69.8278825260629, 30.1390773226371, 0], [69.4121064573158, 29.7186934380426, 0], [69.0656264002382, 29.7186934380426, 0], [68.6498503327616, 29.7638194080922, 0], [68.3726662873536, 29.8690342987187, 0], [68.0088622279939, 29.8990753472155, 0], [67.2985781115566, 29.9741383439464, 0], [66.380405961381, 29.823955761001, 0], [65.6354738391089, 29.6584939103424, 0], [65.3469532156221, 29.6095607341877, 0], [65.3469518473908, 29.6095605022406, 0], [64.9752144875178, 29.5464787184672, 0], [64.9752142906043, 29.5464786853113, 0], [64.9251897226717, 29.5379867829661, 0], [64.1742972765752, 29.4625781341378, 0], [64.1742970872841, 29.4625781153338, 0], [64.0243415747782, 29.4475120541928, 0], [63.8994595647393, 29.4403573252196, 0], [63.899459027356, 29.4403572942415, 0], [63.4678232889374, 29.4156241720369, 0], [63.5043426183619, 29.4857254819824, 0], [63.5043426844232, 29.4857256091568, 0], [63.6258895095837, 29.7186934380426, 0], [63.8511015468747, 30.3336503151133, 0], [63.8857495527094, 30.6322393961022, 0], [63.833777543322, 31.10806908785, 0], [63.9030735549917, 31.4190441695665, 0], [64.058989580613, 31.8467953752861, 0], [64.0763135828952, 32.1846430769559, 0], [64.1282855922826, 32.5066329968783, 0], [64.2322296085166, 32.8274739513092, 0], [64.3534976283032, 33.060087774715, 0], [64.415602544542, 33.3999449958232, 0], [64.5094136539246, 33.4223187011298, 0], [64.8212457051673, 33.2631220294473, 0], [65.3236417878662, 33.1036346808151, 0], [66.2244899357596, 32.9293177948371, 0], [66.7268860171881, 32.9147758403888, 0], [67.8182981965377, 33.031044529189, 0], [68.4246382954706, 33.1906637720687, 0], [68.9790063862865, 33.306568161301, 0], [69.4640784667032, 33.4078583068031, 0], [69.7932345202281, 33.523474009742, 0], [70.0475508818105, 33.3708287266741, 0], [70.2344696582326, 33.2697635161346, 0], [70.2344697636766, 33.2697634587766, 0], [70.2360360326879, 33.2689160971034, 0], [70.7349673144222, 33.0833154745983, 0], [71.0405627239287, 32.8856847626447, 0]], [[69.5150837845399, 32.886276334815, 0], [69.5310817916598, 32.8740003364174, 0], [69.5310817446546, 32.8740004548515, 0], [69.5150837413459, 32.8862764532327, 0], [69.5150837845399, 32.886276334815, 0]], [[69.4312517849451, 32.732334334093, 0], [69.4412227590295, 32.727748346028, 0], [69.441222745055, 32.7277484539698, 0], [69.431251744292, 32.7323344548534, 0], [69.415107744235, 32.74030645496, 0], [69.4027787449985, 32.7492214547114, 0], [69.3931117812158, 32.7613064101434, 0], [69.393111785027, 32.7613063342921, 0], [69.4027787843812, 32.7492213350423, 0], [69.4151077848881, 32.7403063342104, 0], [69.4312517849451, 32.732334334093, 0]], [[69.4429477847837, 32.6773603344734, 0], [69.4477467915682, 32.6707763370697, 0], [69.4477467445631, 32.6707764547051, 0], [69.442947745401, 32.6773604542389, 0], [69.4369737875402, 32.6860843917767, 0], [69.4369737849993, 32.6860843340383, 0], [69.4429477847837, 32.6773603344734, 0]], [[69.2714157845532, 32.373779334342, 0], [69.2808307435241, 32.3563884083113, 0], [69.2808307447945, 32.3563884544572, 0], [69.2714157451705, 32.3737794545129, 0], [69.2502517429465, 32.4140014539658, 0], [69.25025178487, 32.4140013338484, 0], [69.2714157845532, 32.373779334342, 0]], [[69.3003307847749, 31.9919453335272, 0], [69.3119967521291, 31.9861393496525, 0], [69.3119967445067, 31.986139454173, 0], [69.300330754285, 31.9919454509707, 0], [69.3003307847749, 31.9919453335272, 0]], [[68.1719137432152, 31.821722453566, 0], [68.1719137749755, 31.8217224125466, 0], [68.1711967837135, 31.8278883341319, 0], [68.1711967443308, 31.8278884453087, 0], [68.1719137432152, 31.821722453566, 0]], [[68.250968743332, 31.7853604530486, 0], [68.2509688030413, 31.7853603698977, 0], [68.2593617835036, 31.801555334091, 0], [68.2593616945749, 31.8015553578442, 0], [68.250968743332, 31.7853604530486, 0]], [[68.4576647834484, 31.7521383340867, 0], [68.4636687839569, 31.7481383335735, 0], [68.4791647836188, 31.7502503332446, 0], [68.4929197833954, 31.7528053340431, 0], [68.4983597842658, 31.753833333562, 0], [68.5385287833978, 31.7545833336356, 0], [68.5640257845468, 31.7525273333578, 0], [68.5761107838227, 31.7516113333142, 0], [68.5820316957283, 31.7503333526256, 0], [68.5820317440038, 31.7503334530928, 0], [68.5761107444399, 31.7516114532249, 0], [68.5640257438937, 31.7525274532673, 0], [68.5385287440151, 31.7545834535425, 0], [68.4983597436127, 31.7538334534698, 0], [68.4929197440127, 31.7528054539523, 0], [68.4791647442361, 31.7502504531572, 0], [68.4636687433038, 31.7481384534887, 0], [68.4576647440657, 31.7521384539967, 0], [68.4476087440038, 31.7578884538793, 0], [68.4331139021067, 31.7632503948094, 0], [68.4331137839585, 31.7632503332413, 0], [68.4476087833865, 31.7578883339767, 0], [68.4576647834484, 31.7521383340867, 0]], [[68.7139127444771, 31.7020834535428, 0], [68.7139127889415, 31.7020833746404, 0], [68.7157217836925, 31.7160833337106, 0], [68.7157217532026, 31.716083454748, 0], [68.7139127444771, 31.7020834535428, 0]], [[67.5878607826544, 31.4848063333096, 0], [67.5910037888526, 31.4795833356548, 0], [67.5910037431179, 31.4795834537496, 0], [67.5878607432717, 31.4848064535646, 0], [67.5838627424808, 31.491443452828, 0], [67.575668742472, 31.5050564538439, 0], [67.5754707427747, 31.5052224530528, 0], [67.5603337430965, 31.5176104529682, 0], [67.5550307673414, 31.5219444333708, 0], [67.5550307825863, 31.5219443337396, 0], [67.5603337824792, 31.5176103338384, 0], [67.5754707834278, 31.5052223339072, 0], [67.5756687831251, 31.5050563336149, 0], [67.5838627831339, 31.4914433336648, 0], [67.5878607826544, 31.4848063333096, 0]], [[67.6228637828712, 31.4150833333022, 0], [67.6277467904127, 31.4133603362696, 0], [67.6277467434076, 31.4133604533637, 0], [67.6228637434885, 31.4150834536468, 0], [67.6053927433752, 31.418527453348, 0], [67.5976417402958, 31.4268054529316, 0], [67.5976417834898, 31.4268053336862, 0], [67.6053927827579, 31.4185273330079, 0], [67.6228637828712, 31.4150833333022, 0]], [[67.7409437439219, 31.4147774528041, 0], [67.7263337432004, 31.411916452757, 0], [67.6892247429699, 31.4043614537263, 0], [67.6600797427021, 31.397222453157, 0], [67.6440587437082, 31.3968334530112, 0], [67.6337817355596, 31.4006944514478, 0], [67.6337817825648, 31.4006943332535, 0], [67.6440587830909, 31.3968333337276, 0], [67.6600797833552, 31.3972223327896, 0], [67.689224783623, 31.4043613333681, 0], [67.7263337838536, 31.4119163334927, 0], [67.7409437833046, 31.4147773335433, 0], [67.7503357834322, 31.413639333193, 0], [67.7604147829906, 31.4074723328735, 0], [67.764030783031, 31.403417333725, 0], [67.7713317828718, 31.3999443333588, 0], [67.7783057894297, 31.3911663349403, 0], [67.778305743695, 31.3911664531466, 0], [67.771331743489, 31.3999444537228, 0], [67.7640307436483, 31.4034174530002, 0], [67.7604147436079, 31.4074724532278, 0], [67.7503357427791, 31.4136394535394, 0], [67.7409437439219, 31.4147774528041, 0]], [[67.0218587426189, 31.2550274535421, 0], [67.0218587896241, 31.2550273351648, 0], [67.0248037821505, 31.2613043336752, 0], [67.0402527830071, 31.2693333328119, 0], [67.0477527823574, 31.275278332692, 0], [67.0513077824078, 31.2859173334315, 0], [67.0513077493771, 31.2859174539415, 0], [67.0477527429747, 31.2752784532155, 0], [67.040252742354, 31.269333453343, 0], [67.0248037427678, 31.2613044531306, 0], [67.0218587426189, 31.2550274535421, 0]], [[66.2826917812988, 30.5569443322496, 0], [66.2923357748045, 30.5377773313254, 0], [66.2923357417738, 30.5377774527812, 0], [66.2826917584314, 30.5569444197681, 0], [66.2826917812988, 30.5569443322496, 0]], [[66.3276367813668, 30.490360332976, 0], [66.3398057318537, 30.4793053773539, 0], [66.339805742017, 30.4793054528989, 0], [66.3276367419841, 30.4903604523016, 0], [66.3259207424905, 30.4932784520278, 0], [66.3099447414067, 30.5007784520629, 0], [66.3053587416688, 30.5024454527508, 0], [66.2978897568293, 30.5093064442067, 0], [66.2978897822375, 30.509306332566, 0], [66.3053587823218, 30.5024453323454, 0], [66.3099447820598, 30.5007783327501, 0], [66.3259207818732, 30.4932783327057, 0], [66.3276367813668, 30.490360332976, 0]], [[66.349586782235, 30.4337773323868, 0], [66.3541107440581, 30.4272783862908, 0], [66.3541107415173, 30.4272784520172, 0], [66.3495867415819, 30.4337774528771, 0], [66.3389127520122, 30.4469454433391, 0], [66.3389127825021, 30.446945332722, 0], [66.349586782235, 30.4337773323868, 0]], [[66.3587497821289, 29.9744453316748, 0], [66.3615037520479, 29.9720263586539, 0], [66.3615037418846, 29.9720264521978, 0], [66.3587497414758, 29.9744454516283, 0], [66.3454137418606, 29.9837784524207, 0], [66.3222197418807, 30.0000004514478, 0], [66.3037497424286, 30.0129454515678, 0], [66.300415741572, 30.0162504514541, 0], [66.288558741447, 30.0222774517243, 0], [66.2590567420907, 30.0439724522423, 0], [66.2501677416111, 30.0496384515898, 0], [66.2416687454628, 30.0550554512527, 0], [66.2416687823047, 30.0550553324964, 0], [66.2501677822642, 30.0496383317273, 0], [66.2590567814734, 30.0439723323729, 0], [66.2885587821001, 30.0222773318286, 0], [66.3004157822251, 30.0162503315511, 0], [66.3037497818113, 30.0129453316608, 0], [66.3222197825337, 30.0000003315252, 0], [66.3454137825136, 29.9837783324785, 0], [66.3587497821289, 29.9744453316748, 0]]]}}, {"type": "Feature", "properties": {"place_id": "370340RCil", "name": "Cilicia"}, "geometry": {"type": "MultiPolygon", "coordinates": [[[[33.7819707118961, 36.1816404575009, 0], [33.7633897116705, 36.1758034576187, 0], [33.7605817112288, 36.180053457615, 0], [33.7620537120322, 36.1833334576458, 0], [33.770167711804, 36.1891934581562, 0], [33.7729147109853, 36.1943624578725, 0], [33.7778047121319, 36.1977764582481, 0], [33.7856667121735, 36.1988064579238, 0], [33.7898327119377, 36.1955254573166, 0], [33.7850567110017, 36.1909704579451, 0], [33.7819707118961, 36.1816404575009, 0]]], [[[35.9485017199084, 36.4622461444435, 0], [35.9387755143825, 36.4585650089089, 0], [35.9416127139199, 36.4611394579284, 0], [35.9485017199084, 36.4622461444435, 0]]], [[[36.1739727136929, 36.5978624580437, 0], [36.1837237138041, 36.5955544577593, 0], [36.1875380438483, 36.5958728526993, 0], [35.9931382645115, 36.4791379646003, 0], [36.0013617138866, 36.486694457828, 0], [36.0057797133809, 36.497360458422, 0], [36.0210567134739, 36.5066684579321, 0], [36.0317227134373, 36.5185284579799, 0], [36.0472487138233, 36.5357514576637, 0], [36.0897787134069, 36.5528064578501, 0], [36.0929987140528, 36.5549434582147, 0], [36.114749714141, 36.5694424582154, 0], [36.1298067135822, 36.577137457581, 0], [36.1376957136403, 36.5791394575833, 0], [36.1413037139112, 36.5817494582791, 0], [36.1461107141132, 36.5901374585401, 0], [36.1527477140196, 36.5931934577487, 0], [36.1575847136753, 36.5954434578569, 0], [36.1653057134898, 36.5965844582895, 0], [36.1739727136929, 36.5978624580437, 0]]], [[[37.4666452237324, 37.3885368489266, 0], [37.1721371747718, 37.1955856958186, 0], [36.7736851095773, 36.9467793067666, 0], [36.2013930985488, 36.6041859284952, 0], [36.2018627143718, 36.6051404579185, 0], [36.2039987138392, 36.6334154586696, 0], [36.2053337136651, 36.6359714580353, 0], [36.2161407138556, 36.6440274578652, 0], [36.2187237133133, 36.6516384580391, 0], [36.2189717137939, 36.6688614577742, 0], [36.2156677136613, 36.6806944580538, 0], [36.2153897137271, 36.6816404577557, 0], [36.2002797140653, 36.7074734584714, 0], [36.2006377142365, 36.7127494577793, 0], [36.2062227133132, 36.7238884586139, 0], [36.2070847142152, 36.7321664580698, 0], [36.2033617139213, 36.7410274578401, 0], [36.1969187144626, 36.7457234585858, 0], [36.1950567144095, 36.750278458337, 0], [36.1970827141862, 36.7576674584288, 0], [36.1993327138643, 36.7581674582747, 0], [36.2017517135983, 36.7628054577883, 0], [36.2072487139388, 36.7679714584572, 0], [36.211444714427, 36.7701374584019, 0], [36.2132757139437, 36.7747764578097, 0], [36.2066957135075, 36.7920574583394, 0], [36.2057497143893, 36.7934154581939, 0], [36.1940837140044, 36.8103594586113, 0], [36.1741947139694, 36.8345264586923, 0], [36.1449437132605, 36.8700824586787, 0], [36.140193713799, 36.8736954583468, 0], [36.1246947134295, 36.8854714582167, 0], [36.1120837137387, 36.8931964587877, 0], [36.1109997138306, 36.8938594582467, 0], [36.0737227133565, 36.9141124583686, 0], [36.0388607133668, 36.9305264582537, 0], [36.0296397141904, 36.9330554585716, 0], [36.0201947138423, 36.9335284587052, 0], [36.0128897134816, 36.931057457893, 0], [36.001971713788, 36.9248354584576, 0], [35.9869997136458, 36.9132234579221, 0], [35.9787217141504, 36.9105264581613, 0], [35.9740297139714, 36.9090274588096, 0], [35.9596937139346, 36.8964994587711, 0], [35.9392507136559, 36.8859174586204, 0], [35.9323077139865, 36.8797304582826, 0], [35.9257507130467, 36.8738904583181, 0], [35.9033317137746, 36.8485564588143, 0], [35.8952487132689, 36.8422774584847, 0], [35.8715287141445, 36.8238904586367, 0], [35.8688887139463, 36.8222234580555, 0], [35.8553887133371, 36.813640458386, 0], [35.8445277131137, 36.8004994586372, 0], [35.8359447136676, 36.7938614586093, 0], [35.8183897127972, 36.7837794580863, 0], [35.8046687129943, 36.7781374582602, 0], [35.7987217132264, 36.7701954585158, 0], [35.795055713673, 36.7691954587252, 0], [35.7843627136932, 36.7729724580011, 0], [35.7823337132088, 36.7736934577466, 0], [35.7711677130346, 36.7750014582175, 0], [35.7499157133449, 36.7726094583447, 0], [35.7413067136947, 36.7704164587584, 0], [35.716251713474, 36.7640004587497, 0], [35.704639713122, 36.7718884585809, 0], [35.6923907128521, 36.7715834579441, 0], [35.6731947136632, 36.7678604587711, 0], [35.6484447133932, 36.7600824582355, 0], [35.6417507140167, 36.7566954586763, 0], [35.633556714008, 36.748195458592, 0], [35.6223337130933, 36.7240294579002, 0], [35.6206927135042, 36.7217794584149, 0], [35.6172217129405, 36.7169994581106, 0], [35.6155547131474, 36.7162784581281, 0], [35.6139187138908, 36.7215004583576, 0], [35.62060971383, 36.7379994581895, 0], [35.6196667128786, 36.7400284582374, 0], [35.6144977132557, 36.7408064584305, 0], [35.6084707132508, 36.7358324580569, 0], [35.5986097134489, 36.7195014583282, 0], [35.5928347131742, 36.7149734586413, 0], [35.5877227130214, 36.7146114585567, 0], [35.5805017134177, 36.7173884577442, 0], [35.5742757126327, 36.7165264577769, 0], [35.5706937138363, 36.7134444584084, 0], [35.570998713787, 36.7131654586298, 0], [35.5793037132989, 36.7054174581023, 0], [35.5800557132398, 36.7013054583785, 0], [35.5771677138315, 36.6952784584587, 0], [35.5798877129962, 36.6916654579733, 0], [35.5855297128135, 36.6927494578476, 0], [35.5907787126734, 36.6965564585303, 0], [35.5922237134603, 36.6988904579849, 0], [35.5971677133695, 36.7068334584905, 0], [35.603278712861, 36.7104454578809, 0], [35.605666713329, 36.707748457956, 0], [35.6011657128901, 36.7000544584046, 0], [35.6030537131473, 36.6959724578847, 0], [35.6122517128272, 36.7005844578031, 0], [35.6167487140166, 36.6951944578008, 0], [35.6198047136685, 36.6968884585939, 0], [35.6220817133631, 36.7031404578805, 0], [35.6216397137052, 36.7139174583682, 0], [35.6242787128206, 36.718807458526, 0], [35.6295817139838, 36.7210274582445, 0], [35.6327777127801, 36.7199444579783, 0], [35.634361712899, 36.7160834577641, 0], [35.6300007128748, 36.6976134582864, 0], [35.6321677128787, 36.6937794582567, 0], [35.6371647130084, 36.6966664581763, 0], [35.6431387127928, 36.7102774580502, 0], [35.6480827139724, 36.7215004583576, 0], [35.6484717134097, 36.7256664582814, 0], [35.6454737130403, 36.7294734585617, 0], [35.6371117127879, 36.7317774579378, 0], [35.6352767140216, 36.7347224582522, 0], [35.6368907135942, 36.7365834580501, 0], [35.6500287135121, 36.7362524582279, 0], [35.6605837139725, 36.7422794581851, 0], [35.6621667130086, 36.7386404578771, 0], [35.6539727129998, 36.7237204586495, 0], [35.653556713546, 36.7195814579023, 0], [35.6556927130134, 36.7164464580762, 0], [35.6620557135055, 36.7140844583216, 0], [35.6691397134021, 36.7147214578232, 0], [35.6949467135637, 36.7236674577239, 0], [35.7063067129151, 36.7244154577781, 0], [35.7072487127837, 36.7242244584582, 0], [35.7178037132441, 36.7219734586128, 0], [35.7221107132354, 36.7195814579023, 0], [35.7221677139759, 36.7195554580499, 0], [35.7221677139759, 36.7194174576673, 0], [35.7222517134625, 36.7180294584218, 0], [35.7151677135659, 36.7175564583199, 0], [35.6915817134411, 36.7159994584575, 0], [35.6783597140365, 36.7122234581015, 0], [35.6607777131497, 36.7039454582603, 0], [35.6529997138651, 36.6991384577318, 0], [35.6341397138929, 36.6809734585347, 0], [35.6238597139296, 36.6680564579409, 0], [35.6101117128398, 36.6635554585356, 0], [35.6083337135437, 36.6584744578798, 0], [35.6123887138048, 36.6503064583462, 0], [35.617278713681, 36.6488344585735, 0], [35.6243627135776, 36.649502458005, 0], [35.6310277133128, 36.6533324579813, 0], [35.6552237133391, 36.6868054578283, 0], [35.6786387137831, 36.7051124580483, 0], [35.6870007140355, 36.7094724577962, 0], [35.698306713354, 36.7113614582318, 0], [35.70683271333, 36.7118344577756, 0], [35.7117497132227, 36.7101094578522, 0], [35.7120547131734, 36.7080274580532, 0], [35.7121387139304, 36.7073594584003, 0], [35.6911127137668, 36.699470457849, 0], [35.6638067127852, 36.678779458542, 0], [35.649055713107, 36.6646124583773, 0], [35.6446117134086, 36.6550824581631, 0], [35.6409717127889, 36.6196404583398, 0], [35.6378597134792, 36.6126674578446, 0], [35.6335297139915, 36.6092224578791, 0], [35.6175007139575, 36.5965004580383, 0], [35.5966687129711, 36.5920564576415, 0], [35.5899997127159, 36.5881964579266, 0], [35.5799717137532, 36.5773624582789, 0], [35.5743907139262, 36.5682494576246, 0], [35.5723347134254, 36.5683594579432, 0], [35.5689737138227, 36.5685544581692, 0], [35.5614737132019, 36.5779994581588, 0], [35.5562517133585, 36.5801394577351, 0], [35.5369457132085, 36.5798344580567, 0], [35.5228347128854, 36.5840574582862, 0], [35.5167237133939, 36.5873074576187, 0], [35.5089147135728, 36.5883904583826, 0], [35.4815557136411, 36.5920834583765, 0], [35.4455837135393, 36.5954174578659, 0], [35.4342497131215, 36.5946394583176, 0], [35.4176937128604, 36.5897214575891, 0], [35.4136657126157, 36.5848624576041, 0], [35.4134717134385, 36.5823324575661, 0], [35.4185297135583, 36.5776674585408, 0], [35.41413871281, 36.574085457661, 0], [35.40183271307, 36.5698324578081, 0], [35.3862767132304, 36.562027458116, 0], [35.3810537135746, 36.5578044582422, 0], [35.3777767134585, 36.5551374585401, 0], [35.3675847135018, 36.5541384582525, 0], [35.3516117131256, 36.5431104576888, 0], [35.3490567134968, 36.5428044585164, 0], [35.346137713552, 36.5507774581481, 0], [35.3319167135383, 36.5588614584728, 0], [35.2971117130187, 36.5786934578871, 0], [35.2562787126819, 36.5983624583013, 0], [35.1839447132285, 36.6331404584745, 0], [35.1338347127871, 36.6520274581652, 0], [35.1190567130925, 36.6586684578523, 0], [35.1151967130915, 36.6604154577701, 0], [35.0253907124419, 36.7096944578923, 0], [35.0059437133352, 36.7171094580314, 0], [34.9999997130045, 36.7184984586334, 0], [34.9848057125857, 36.722057458515, 0], [34.9834707127597, 36.7223634584729, 0], [34.9484707132506, 36.7271964584963, 0], [34.9382507121946, 36.7266394579344, 0], [34.9253037132871, 36.7236944581616, 0], [34.9122237126517, 36.7179724575821, 0], [34.9076117127097, 36.7187504582636, 0], [34.9064517130846, 36.7203564586285, 0], [34.9042207123829, 36.7234464582345, 0], [34.9052237122417, 36.7264714578786, 0], [34.9086377133353, 36.7263604582219, 0], [34.9097097129538, 36.7251974580525, 0], [34.9125557126189, 36.7221114584764, 0], [34.924304712678, 36.7264184578332, 0], [34.9238317124837, 36.7298324582608, 0], [34.9135217130667, 36.7316614586215, 0], [34.9133187130371, 36.7316974578313, 0], [34.9117767126614, 36.7319714583337, 0], [34.9054177126893, 36.7471114581013, 0], [34.9046397125443, 36.7489424582741, 0], [34.9027787123036, 36.7518614585089, 0], [34.8984447122958, 36.7586094582419, 0], [34.8826677132625, 36.7711944581539, 0], [34.8358037124007, 36.8008604585319, 0], [34.8277777126355, 36.8041644584264, 0], [34.827056713231, 36.8044734582045, 0], [34.8246957127795, 36.8049734579429, 0], [34.8149717126847, 36.8070254582854, 0], [34.7914727127541, 36.8085814585826, 0], [34.7780567129018, 36.8094704586726, 0], [34.7719987123605, 36.8103064585428, 0], [34.7251927120516, 36.816859458575, 0], [34.7211377130609, 36.8146664581167, 0], [34.7166097126055, 36.8121944580854, 0], [34.6711387121226, 36.8092494581498, 0], [34.6562227129085, 36.805972457912, 0], [34.6543617126677, 36.8053624581831, 0], [34.6537507129539, 36.805167458362, 0], [34.6449997119938, 36.8023604587071, 0], [34.6273037121668, 36.7920834580472, 0], [34.6264987120053, 36.7916104585394, 0], [34.6236377126134, 36.7909164586367, 0], [34.5916097119992, 36.7830274579401, 0], [34.5776937119362, 36.7772474585115, 0], [34.5588867121845, 36.7618904578364, 0], [34.5541107125189, 36.7528334584381, 0], [34.550387712225, 36.7457504583934, 0], [34.5435287120421, 36.7411384586901, 0], [34.5108337120564, 36.729861458288, 0], [34.4996947118987, 36.7224154583046, 0], [34.4962767128259, 36.7201384577194, 0], [34.4553867117485, 36.6883314581191, 0], [34.4393347122181, 36.6705284580559, 0], [34.436137712339, 36.6681404576702, 0], [34.4284167125245, 36.662303458214, 0], [34.3957787120089, 36.6507754578964, 0], [34.3805847115901, 36.6439164584187, 0], [34.3746947125627, 36.6412764582162, 0], [34.3523897122309, 36.6289434582882, 0], [34.3340837125024, 36.6156384577795, 0], [34.2869717124305, 36.589973457766, 0], [34.2840267122816, 36.5870814576658, 0], [34.2607497126274, 36.5644454576088, 0], [34.2555267117012, 36.5593604582558, 0], [34.2452507122579, 36.5458864585253, 0], [34.2352217122125, 36.5282514582525, 0], [34.2260277117821, 36.5203314584074, 0], [34.2029717125921, 36.5070264584236, 0], [34.1908607118418, 36.495997457465, 0], [34.1805267118455, 36.4744714582386, 0], [34.1761927118378, 36.4708594584501, 0], [34.1607207114847, 36.4639164581835, 0], [34.1559977120397, 36.4618064580484, 0], [34.1447487121914, 36.4604144575986, 0], [34.1388627124136, 36.4542234576388, 0], [34.1316377122899, 36.4518884580786, 0], [34.1281387118972, 36.4487494581968, 0], [34.1205287115858, 36.4339714575318, 0], [34.0965837114773, 36.4215544582761, 0], [34.0909157114561, 36.417193457579, 0], [34.0870817116591, 36.4101364582792, 0], [34.0837517113225, 36.3766934581782, 0], [34.0848877116387, 36.3691094582858, 0], [34.0856927118002, 36.3636924579468, 0], [34.0906367117094, 36.3478044580394, 0], [34.0907207124664, 36.3374704581889, 0], [34.0894997115808, 36.3296124576922, 0], [34.0837517113225, 36.3171954574191, 0], [34.0790287118774, 36.3156394578411, 0], [34.0690267118484, 36.3168594582738, 0], [34.0597227117274, 36.3116674583201, 0], [34.0557207116868, 36.3121944582879, 0], [34.0488887115204, 36.3169704573748, 0], [34.0466957113125, 36.3113594573656, 0], [34.0418887123809, 36.3065834575003, 0], [34.0289147121865, 36.3055834576075, 0], [34.0168877121931, 36.3119994577204, 0], [34.01352671132, 36.3116374575893, 0], [34.0107497114147, 36.3086394576483, 0], [33.9891127115372, 36.2851364578, 0], [33.9871407117934, 36.2806924575249, 0], [33.9883607115963, 36.2789154577833, 0], [34.0064427114234, 36.2888334576145, 0], [34.0196647120984, 36.2994724579333, 0], [34.0230557124251, 36.2998344582272, 0], [34.0239977122937, 36.2982784572222, 0], [33.9939457119434, 36.2741124573653, 0], [33.9900017111853, 36.2709424578305, 0], [33.9796937113932, 36.2597234575762, 0], [33.9709167114994, 36.2501674581229, 0], [33.9699437123648, 36.2432514580132, 0], [33.9714427119143, 36.2327224573442, 0], [33.9697227119006, 36.2241664574056, 0], [33.9648897114945, 36.2154724577618, 0], [33.9585837117429, 36.2122224581053, 0], [33.9528877118928, 36.2129164575864, 0], [33.9498597120697, 36.216220458057, 0], [33.9586937114336, 36.2287474578407, 0], [33.9596397118222, 36.2405274581198, 0], [33.9539987118174, 36.2666924575153, 0], [33.9488597116481, 36.2766104576963, 0], [33.9472497113252, 36.2797504578402, 0], [33.9336397122957, 36.2929724574505, 0], [33.9196927116962, 36.3027494575391, 0], [33.9062227118111, 36.3097754579529, 0], [33.8875007113584, 36.3144984573912, 0], [33.8787497116688, 36.3136934575518, 0], [33.8724707119337, 36.3101954577137, 0], [33.8611947120688, 36.3005554579846, 0], [33.8538627116917, 36.2910534579575, 0], [33.8414457111782, 36.2856934572958, 0], [33.8391107122011, 36.2823904574506, 0], [33.8425287112739, 36.2779424571904, 0], [33.8462217121142, 36.2760274582337, 0], [33.8473887116965, 36.2728614581729, 0], [33.8214147111036, 36.2713044573376, 0], [33.8189737116855, 36.2696104577182, 0], [33.8182487117611, 36.2677224572891, 0], [33.8207507111693, 36.2641674581441, 0], [33.8267207117041, 36.2637214577767, 0], [33.8348347114759, 36.2654454582012, 0], [33.8378327118453, 36.2628054581714, 0], [33.8184427122087, 36.2518874579054, 0], [33.8141937114999, 36.2475814578969, 0], [33.808055711992, 36.232833457264, 0], [33.8004987119011, 36.2272224578848, 0], [33.7683327117673, 36.2140004573124, 0], [33.7619167110547, 36.2113604577947, 0], [33.7452237110864, 36.2023614580996, 0], [33.7027207115193, 36.1690554578426, 0], [33.6958347113199, 36.1621084580411, 0], [33.694388711991, 36.1581374581327, 0], [33.6969987114651, 36.1529724578395, 0], [33.7087777109778, 36.141749458082, 0], [33.7064437118132, 36.138442457203, 0], [33.6944427120239, 36.1317214580775, 0], [33.689692711292, 36.1310534580877, 0], [33.6864427111923, 36.1328314581223, 0], [33.6835287115799, 36.1344444573742, 0], [33.6792487116051, 36.1393314580613, 0], [33.6784437114436, 36.1427494578278, 0], [33.680472711928, 36.146277457793, 0], [33.6871107116467, 36.152747457584, 0], [33.6802477122142, 36.1579704577126, 0], [33.6669997113352, 36.1617774574378, 0], [33.6639177114792, 36.1655534575167, 0], [33.6618037116958, 36.1843064580228, 0], [33.6590837112607, 36.1861944574004, 0], [33.6555817114309, 36.1886094579314, 0], [33.6499177119296, 36.1886094579314, 0], [33.6363597120379, 36.1838874576507, 0], [33.6214447113657, 36.1825294577656, 0], [33.6084707111713, 36.1778334575918, 0], [33.6027787118412, 36.1741364575299, 0], [33.5988877113037, 36.1686934576573, 0], [33.5735817111652, 36.1333344575712, 0], [33.5672757114136, 36.125915457514, 0], [33.5615007111389, 36.1238324580523, 0], [33.5453337115854, 36.1242484577522, 0], [33.5435827110353, 36.1253314578125, 0], [33.5428617116309, 36.1275824577896, 0], [33.5457227110228, 36.1311674577172, 0], [33.5520287107743, 36.1339714580764, 0], [33.5530277113835, 36.1360814576796, 0], [33.5491367108459, 36.1389154572518, 0], [33.5114167109016, 36.1445844573262, 0], [33.504416711762, 36.1469454574392, 0], [33.4833067108414, 36.1541094581332, 0], [33.47194271097, 36.1547504576349, 0], [33.4638897111883, 36.1536404579085, 0], [33.4523317108692, 36.1520264571989, 0], [33.4200287110283, 36.1365544575972, 0], [33.4119987107431, 36.1343344578636, 0], [33.4005847113588, 36.1276084575554, 0], [33.396304711384, 36.1281124581015, 0], [33.3868897117599, 36.1373324575241, 0], [33.3801957111131, 36.1397774577419, 0], [33.365416711606, 36.1388884578333, 0], [33.3614157113779, 36.1414444580285, 0], [33.3597487115848, 36.1489444571869, 0], [33.3529167114184, 36.1495544572854, 0], [33.3341937111533, 36.1461674574317, 0], [33.3204727113504, 36.1363334578279, 0], [33.3014977113551, 36.1285544581727, 0], [33.2899697117601, 36.1278034575764, 0], [33.2668877110957, 36.1299434575215, 0], [33.2265817109861, 36.1269984581768, 0], [33.2131387111174, 36.1260254575373, 0], [33.2001107108901, 36.1265554581009, 0], [33.1767227117329, 36.1328044576364, 0], [33.1644707107554, 36.1340554573963, 0], [33.1472777105763, 36.1332504574795, 0], [33.1373057112714, 36.1302484581597, 0], [33.1308057110722, 36.1264724573893, 0], [33.1242217113863, 36.1197204572507, 0], [33.1136927111301, 36.1012754574516, 0], [33.1015547116336, 36.0935814573174, 0], [33.1001397115707, 36.0896374580671, 0], [33.0994447110999, 36.0877224576491, 0], [33.093612711355, 36.0863034579259, 0], [33.0953327113687, 36.0781094575538, 0], [33.0888327111695, 36.0704454578573, 0], [33.0873597105536, 36.0713034577086, 0], [33.0852777111191, 36.0803864576762, 0], [33.0790287108377, 36.0846664577652, 0], [33.0624427111228, 36.0907774579088, 0], [33.0460547111053, 36.0943334576053, 0], [33.0387497107445, 36.0940014576118, 0], [33.0353317104013, 36.0903624573994, 0], [33.0253597110964, 36.0914984574003, 0], [33.0126107106157, 36.0954704575435, 0], [32.9927477107848, 36.0961104578441, 0], [32.9809717107092, 36.0982204577469, 0], [32.9787477112352, 36.0986094577015, 0], [32.9626657109808, 36.1015274574489, 0], [32.9497217115104, 36.1004174572167, 0], [32.9417227104913, 36.0977204575893, 0], [32.9317207104623, 36.0880274580166, 0], [32.9126127112799, 36.0863874579347, 0], [32.8947217111928, 36.0800014580564, 0], [32.8734737107527, 36.0694994577051, 0], [32.8643867105758, 36.059638457614, 0], [32.858611710301, 36.0533594578888, 0], [32.850303711352, 36.0475534570943, 0], [32.8465267110251, 36.0449174572205, 0], [32.8318597108336, 36.0375284578647, 0], [32.8172227100957, 36.0328594576909, 0], [32.8122217107164, 36.0282514578267, 0], [32.8121677106835, 36.0281104573646, 0], [32.8081087111728, 36.0190844571452, 0], [32.8015817109571, 36.0196644580047, 0], [32.7994157107656, 36.020499457707, 0], [32.7890547107529, 36.0245544577154, 0], [32.7649147103844, 36.0260844573769, 0], [32.7341117111758, 36.0332214575741, 0], [32.7131957107029, 36.0348314575884, 0], [32.7036667108681, 36.0355834576963, 0], [32.6872787108506, 36.0393324573594, 0], [32.6802477111745, 36.0387224578748, 0], [32.6711647102472, 36.0428614580323, 0], [32.6439437111055, 36.0614424578132, 0], [32.6333887106451, 36.0664174576243, 0], [32.5977207106816, 36.0771934575204, 0], [32.5796927108874, 36.0918044573823, 0], [32.5774457106465, 36.0936124574305, 0], [32.5693437098939, 36.0969884575328, 0], [32.5622477109781, 36.0999444571735, 0], [32.5401647109228, 36.0930284577154, 0], [32.5301927103474, 36.0938864575344, 0], [32.5167237102747, 36.0971374574323, 0], [32.5123057107803, 36.0982204577469, 0], [32.487803710991, 36.1106944578496, 0], [32.4874457108197, 36.1109724575402, 0], [32.4636647104348, 36.128970457475, 0], [32.4473607099038, 36.1395564578168, 0], [32.421470710068, 36.1563604572782, 0], [32.4087487108742, 36.1630284577473, 0], [32.3882217098385, 36.1683614572244, 0], [32.3836397106206, 36.1722484577699, 0], [32.3766097107569, 36.1852224576476, 0], [32.3576127098072, 36.205806458073, 0], [32.3473617107556, 36.2132754572138, 0], [32.3336937099028, 36.2201954577722, 0], [32.3198317098727, 36.2271954581418, 0], [32.3143037102662, 36.2294154574634, 0], [32.2981377105251, 36.2358894582386, 0], [32.2925827109021, 36.2443344574205, 0], [32.27786271049, 36.2577774576433, 0], [32.2726937095968, 36.2650824574068, 0], [32.2738037097089, 36.2695844579528, 0], [32.2765007106477, 36.2804714578401, 0], [32.2705837103334, 36.2919424580253, 0], [32.2693597100105, 36.2943344574735, 0], [32.2564737098227, 36.3090284575045, 0], [32.2490267106929, 36.3151084581742, 0], [32.2253877103476, 36.3344454576076, 0], [32.2047497098088, 36.3664164579819, 0], [32.1681397099767, 36.4156684581597, 0], [32.1642487107095, 36.4200284578054, 0], [32.1461107099543, 36.4404174577311, 0], [32.1336315610003, 36.4495894640868, 0], [32.162035554182, 36.5770502979962, 0], [32.0622492978351, 36.7016024839381, 0], [32.1176861069167, 36.8437010877397, 0], [32.2729091723452, 36.9235157496122, 0], [32.4392195995899, 36.9678211683065, 0], [32.7053162831815, 36.9766791597934, 0], [32.8827140722426, 36.9589621459465, 0], [33.1709854794669, 36.9501020928049, 0], [33.5479557812217, 36.941241008974, 0], [33.9914502538744, 37.0121008151752, 0], [34.1466733193029, 37.0828946162391, 0], [34.290809022915, 37.188961456617, 0], [34.4016826410782, 37.2154549272327, 0], [34.5243451361892, 37.3191018408272, 0], [34.6691098081894, 37.318161520586, 0], [35.0451931213546, 37.4591102087733, 0], [35.3999886994768, 37.5322987545316, 0], [35.591578311053, 37.5379256721506, 0], [36.1592512357944, 37.6784605469635, 0], [36.5991977528183, 37.7289880744736, 0], [37.0817197399283, 37.8635596755146, 0], [37.5145703444243, 37.9363502315767, 0], [38.055661320383, 37.8003345462905, 0], [37.8997452947617, 37.6633219032244, 0], [37.6572092551885, 37.5397938899052, 0], [37.4666452237324, 37.3885368489266, 0]]]]}}, {"type": "Feature", "properties": {"place_id": "370306RPis", "name": "Pisidia"}, "geometry": {"type": "Polygon", "coordinates": [[[32.3616080668757, 37.795954069494, 0], [32.4503069614062, 37.6995178688897, 0], [32.5057437704878, 37.5062687422086, 0], [32.6277047504673, 37.2419390972427, 0], [32.7053162831815, 36.9766791597934, 0], [32.4392195995899, 36.9678211683065, 0], [32.2729091723452, 36.9235157496122, 0], [32.1176861069167, 36.8437010877397, 0], [31.8294146996924, 36.9589621459465, 0], [31.3859202270397, 37.0740490023556, 0], [31.153085628897, 37.0652023565051, 0], [30.9867752016523, 37.100582747744, 0], [30.731765879877, 37.1094252651847, 0], [30.5432807289996, 36.9943920497805, 0], [30.4767565581017, 36.8525735030541, 0], [30.3880576635711, 36.6838216452499, 0], [30.3104461308569, 36.6126571829478, 0], [30.1330483417958, 36.5770502979962, 0], [29.9002137436531, 36.6393515623036, 0], [29.6895538691431, 36.6482476340796, 0], [29.5010687182657, 36.7193792103455, 0], [29.301496205572, 36.8525735030541, 0], [29.1795352255925, 36.941241008974, 0], [29.1240984165109, 37.0740490023556, 0], [29.0908363310619, 37.2331120741211, 0], [29.0908363310619, 37.356596302121, 0], [29.1573605019599, 37.4798777083493, 0], [29.1684478637762, 37.5853858760229, 0], [28.9577879892661, 37.8835142483636, 0], [29.2793214819393, 37.7082899884582, 0], [29.512156080082, 37.7258311129099, 0], [29.78934012549, 37.7609009007621, 0], [30.243921959959, 37.9097620289497, 0], [30.5543680908159, 38.0059237889295, 0], [31.1309109052644, 38.1455705662968, 0], [31.3637455034071, 38.1891554835706, 0], [31.5078812070192, 38.215293923492, 0], [31.7739778906108, 38.1804405849844, 0], [31.9624630414882, 38.0583225762681, 0], [32.3616080668757, 37.795954069494, 0]]]}}, {"type": "Feature", "properties": {"place_id": "370585RPar", "name": "Parthi"}, "geometry": {"type": "Polygon", "coordinates": [[[59.8839048959412, 39.1161480893073, 0], [60.2477089565714, 38.9142425258534, 0], [60.7327810357177, 38.6576686595886, 0], [61.0965850950774, 38.3458453015132, 0], [61.4777131579897, 37.8687457593353, 0], [61.8068692115147, 37.2645536252173, 0], [61.9281372313012, 36.8220702617871, 0], [61.4603891544371, 36.724933593507, 0], [61.0792610927952, 36.6693716867357, 0], [61.0457822513208, 36.6564810660347, 0], [60.6461610217659, 36.5024451841925, 0], [60.4902449961445, 36.1395346592175, 0], [60.4382729867571, 35.6483393905447, 0], [60.4036249821927, 35.0265275445627, 0], [60.5075689984267, 34.6140888054599, 0], [60.6192712654272, 34.2371586027118, 0], [60.6106687359734, 34.2284434557188, 0], [60.5909467363696, 34.2127224559281, 0], [60.5888067363822, 34.2093314556897, 0], [60.5856397372272, 34.2043344562689, 0], [60.5668067360011, 34.1746404563725, 0], [60.5623897363191, 34.1522484554769, 0], [60.5396387370798, 34.1333884557422, 0], [60.4866377365225, 34.0895004553236, 0], [60.4784437365137, 34.0792504558113, 0], [60.4784437708148, 34.0792503348044, 0], [60.4866377759052, 34.0895003353835, 0], [60.5396387764625, 34.1333883358643, 0], [60.5623897769722, 34.1522483356257, 0], [60.5668067766542, 34.1746403355021, 0], [60.5856397766099, 34.2043343354411, 0], [60.5888067770353, 34.2093313359196, 0], [60.5909467770227, 34.2127223361629, 0], [60.6106687766265, 34.2284433359758, 0], [60.619271302269, 34.2371584798305, 0], [60.6981330298829, 33.9700246377284, 0], [60.8973861717518, 33.536745260398, 0], [60.8973862263795, 33.5367451396803, 0], [60.9151820143443, 33.4979415128306, 0], [60.9098057372224, 33.4983904554238, 0], [60.8946647370242, 33.4996684550723, 0], [60.8875547369235, 33.4965824549291, 0], [60.8631667373448, 33.4859424550358, 0], [60.8679737362764, 33.4566114550385, 0], [60.8699987375112, 33.4246674553857, 0], [60.854888736579, 33.414390455507, 0], [60.8390277367886, 33.403583454574, 0], [60.7666937373352, 33.3420834549826, 0], [60.7162787369431, 33.2992514554397, 0], [60.6661687365018, 33.2566684554319, 0], [60.6276397371463, 33.2239154551262, 0], [60.6004987369712, 33.1711124547005, 0], [60.5861137372339, 33.1431124544452, 0], [60.5861137728054, 33.1431123353081, 0], [60.6004987763539, 33.1711123345381, 0], [60.627639776529, 33.2239153350362, 0], [60.6661687771549, 33.2566683353869, 0], [60.7162787763258, 33.2992513354533, 0], [60.7666937767179, 33.3420833350551, 0], [60.8390277774418, 33.4035833347313, 0], [60.8548887772321, 33.4143903356792, 0], [60.8699987768939, 33.424667335572, 0], [60.8679737769295, 33.4566113352689, 0], [60.8631667767275, 33.4859423353068, 0], [60.8875547763062, 33.4965823352148, 0], [60.8946647764068, 33.4996683353623, 0], [60.9098057766051, 33.498390335712, 0], [60.9151820702423, 33.4979413920588, 0], [60.9233450671738, 33.4801361947177, 0], [60.6006806952057, 33.094817589451, 0], [60.5595410065437, 33.045567349641, 0], [60.3516529728053, 32.7692249624493, 0], [60.09179293095, 32.3896783741672, 0], [59.8839048959412, 32.0085301092186, 0], [59.7453128738725, 31.7289916351603, 0], [59.6586928599207, 31.3450954772036, 0], [59.5201008365815, 30.989333290814, 0], [59.3641848109601, 30.7216372329281, 0], [59.1909447830566, 30.2289280962529, 0], [58.1861526176587, 30.8704495232508, 0], [57.0427684314626, 31.5815261257945, 0], [56.2978363091905, 31.9203464278628, 0], [55.8127642287738, 32.0525901738851, 0], [55.1371281181714, 32.1699799702473, 0], [54.6000840309081, 34.8418966020307, 0], [54.4961400134037, 35.2107424234512, 0], [54.3921959971697, 35.3662908643806, 0], [54.2536039738305, 35.6342605030566, 0], [54.0110679342574, 35.9293956275045, 0], [53.9417719225878, 36.2094563292795, 0], [54.2362799715483, 36.4606571788893, 0], [54.5827600273554, 36.7388177955057, 0], [54.825296068199, 36.9606232913486, 0], [55.0851561100544, 37.126554704884, 0], [55.2757201415105, 37.1955856958186, 0], [55.5182561810837, 37.3196825364421, 0], [55.8820602404434, 37.4160608863789, 0], [56.5576963510459, 37.6633219032244, 0], [57.0427684314626, 37.8277066438074, 0], [57.2160084593662, 38.2098491894474, 0], [57.2326059842374, 38.2672092293725, 0], [57.3026284733179, 38.5087041812209, 0], [57.3892484872697, 38.8468126200237, 0], [57.5971365222785, 38.968140369316, 0], [57.9089685722508, 39.0354550440024, 0], [58.3593926468327, 39.0892606608736, 0], [58.6885487003577, 39.1161480893073, 0], [59.3468608086779, 39.1295879571501, 0], [59.8839048959412, 39.1161480893073, 0]], [[60.4825827362614, 34.0621944557343, 0], [60.4825827781849, 34.0621943357555, 0], [60.4825827769145, 34.0622213362425, 0], [60.4825827426134, 34.0622214572738, 0], [60.4825827362614, 34.0621944557343, 0]], [[60.5495837363683, 33.7302204552469, 0], [60.5495837833735, 33.7302203981932, 0], [60.5505297761396, 33.7395283356524, 0], [60.5513617763176, 33.7475543351559, 0], [60.5585287771588, 33.772529335367, 0], [60.5673067768649, 33.8173063350495, 0], [60.5673067362118, 33.8173064553739, 0], [60.5585287365057, 33.7725294557543, 0], [60.5513617369349, 33.7475544555783, 0], [60.5505297367569, 33.7395284550297, 0], [60.5495837363683, 33.7302204552469, 0]]]}}, {"type": "Feature", "properties": {"place_id": "385280RLyd", "name": "Lydia"}, "geometry": {"type": "MultiPolygon", "coordinates": [[[[26.4978617273067, 37.5074995137981, 0], [26.4955267270592, 37.5066105143277, 0], [26.49330472721, 37.5103335137229, 0], [26.4977777278201, 37.5178335142913, 0], [26.5009437271627, 37.5182495145058, 0], [26.5023057270051, 37.5147775144062, 0], [26.4978617273067, 37.5074995137981, 0]]], [[[26.5509447277258, 37.5182495145058, 0], [26.5453607271911, 37.5114435135881, 0], [26.5422227276774, 37.5126375140686, 0], [26.5394727277885, 37.5184165140897, 0], [26.5403877276407, 37.5209155141202, 0], [26.5495547267841, 37.5198585136604, 0], [26.5509447277258, 37.5182495145058, 0]]], [[[27.210962270813, 37.5576556152709, 0], [27.1752702258058, 37.5470888351149, 0], [27.1731397056153, 37.5507234586131, 0], [27.173778705158, 37.5530014594597, 0], [27.1861107051021, 37.5523334594046, 0], [27.1988327055663, 37.5642204592599, 0], [27.203166705574, 37.5643874586224, 0], [27.2044157050181, 37.5633044585404, 0], [27.210962270813, 37.5576556152709, 0]]], [[[26.4701387270589, 37.5601385137384, 0], [26.4661097270019, 37.5599705138908, 0], [26.46447172685, 37.5638885137341, 0], [26.4658337266924, 37.5744165140671, 0], [26.4681657275027, 37.5759995145212, 0], [26.4704437270096, 37.5745845145634, 0], [26.4719447274544, 37.5640255137466, 0], [26.4701387270589, 37.5601385137384, 0]]], [[[27.166804704952, 37.5808904588867, 0], [27.1805287054626, 37.5680274584757, 0], [27.1846677052103, 37.5612784585308, 0], [27.1837497059209, 37.5599434588506, 0], [27.1795007052122, 37.5620834585222, 0], [27.1722507059672, 37.5704724587867, 0], [27.169415705509, 37.5714454586353, 0], [27.1700547050517, 37.5636404589338, 0], [27.1666387056037, 37.5648344587161, 0], [27.1538887053106, 37.5822784592088, 0], [27.1515007048426, 37.5887484587815, 0], [27.1520557048987, 37.5983614595254, 0], [27.1541117053995, 37.5999174588714, 0], [27.1598047058125, 37.5977514587779, 0], [27.1628887052933, 37.5945014591254, 0], [27.1608047049636, 37.5919984590303, 0], [27.1615827051086, 37.588779458621, 0], [27.166804704952, 37.5808904588867, 0]]], [[[26.4553597275519, 37.5979455137736, 0], [26.4581947267397, 37.5804705141495, 0], [26.456666727549, 37.5761375142166, 0], [26.4527777279067, 37.5695565138001, 0], [26.4489987266846, 37.5668335138998, 0], [26.433721727862, 37.5654175140476, 0], [26.4331947276348, 37.5670545136658, 0], [26.4402217267909, 37.5740545142148, 0], [26.439694727834, 37.5768045145088, 0], [26.4360007271814, 37.5786925143512, 0], [26.4280547276532, 37.5792495136184, 0], [26.424222727481, 37.5795285140872, 0], [26.4051667274364, 37.575416513832, 0], [26.401750726718, 37.577750513944, 0], [26.4041387271859, 37.5827785141916, 0], [26.4149167277352, 37.5890535137948, 0], [26.419526726782, 37.5896675138787, 0], [26.426944727541, 37.5861395143813, 0], [26.4331947276348, 37.5975265137889, 0], [26.4387227272414, 37.6001925137811, 0], [26.4508057268924, 37.600055513876, 0], [26.4553597275519, 37.5979455137736, 0]]], [[[26.5693607271449, 37.6007495142214, 0], [26.5666937269303, 37.5971105140476, 0], [26.5618317268829, 37.5978885142603, 0], [26.5580267279976, 37.5954165144421, 0], [26.551970727081, 37.5948065137101, 0], [26.5455277276223, 37.5891685138648, 0], [26.5394727277885, 37.5887795139886, 0], [26.5358047273399, 37.5922775143963, 0], [26.5393327273738, 37.5956645137291, 0], [26.54538872702, 37.596278513627, 0], [26.5532777270781, 37.6014435141321, 0], [26.5551657273353, 37.6091955140152, 0], [26.5583897272308, 37.6116675139075, 0], [26.5670277277927, 37.612250514462, 0], [26.5681377279048, 37.610862514575, 0], [26.5669167270192, 37.6069715143302, 0], [26.5693607271449, 37.6007495142214, 0]]], [[[27.1493887059545, 37.6052774594489, 0], [27.1467487057563, 37.604194459256, 0], [27.1428047049982, 37.6067764593271, 0], [27.1396667054845, 37.617610459566, 0], [27.1442507055976, 37.6170844587114, 0], [27.1493887059545, 37.6052774594489, 0]]], [[[26.8068047272418, 37.6249425144669, 0], [26.8030277281854, 37.6236375145359, 0], [26.7899437270299, 37.6309425142242, 0], [26.7883337279774, 37.6360275143459, 0], [26.7910267271257, 37.6394155143364, 0], [26.7960547277919, 37.6338345145569, 0], [26.8060547281961, 37.6304735138689, 0], [26.8083057276866, 37.627444513778, 0], [26.8068047272418, 37.6249425144669, 0]]], [[[26.5097767267142, 37.6561125137299, 0], [26.5151387269723, 37.6510005145786, 0], [26.5177777273581, 37.653026514346, 0], [26.5203607268157, 37.6520835139144, 0], [26.5216387271715, 37.6510005145786, 0], [26.5288327267588, 37.6448585136294, 0], [26.5327777273292, 37.6399985145896, 0], [26.5324167277208, 37.6372485137393, 0], [26.5283597278349, 37.6349975145038, 0], [26.5268327271861, 37.6309165142306, 0], [26.5287227270681, 37.6246945141822, 0], [26.5329717277769, 37.6221115141563, 0], [26.5393617270151, 37.6232215139129, 0], [26.541888726815, 37.6217765142192, 0], [26.5421097272791, 37.6178625136778, 0], [26.5386937278311, 37.6059985138117, 0], [26.5301667267723, 37.5969425140541, 0], [26.5237497275177, 37.5933605139169, 0], [26.5213047275796, 37.5867495136703, 0], [26.5181097273253, 37.5844985136632, 0], [26.5086117267566, 37.5846095139433, 0], [26.5022217275185, 37.5817215138117, 0], [26.4998337270505, 37.5776405142994, 0], [26.5019167275678, 37.5666115145501, 0], [26.5103047267538, 37.5550265142333, 0], [26.5182487279276, 37.5491935141477, 0], [26.5118617268562, 37.5460545143814, 0], [26.5103607276819, 37.5435555144456, 0], [26.5159717269627, 37.5359145142532, 0], [26.5144437277719, 37.5327225140045, 0], [26.5060557273154, 37.5291665139684, 0], [26.5026107269558, 37.5296935139675, 0], [26.4998887268958, 37.5368345145019, 0], [26.4939727276643, 37.5400005144908, 0], [26.4933337268513, 37.5403595137518, 0], [26.4886947268928, 37.5525545142695, 0], [26.4896657276731, 37.5578345141675, 0], [26.4862787278663, 37.5608595139859, 0], [26.481332727062, 37.5586125139729, 0], [26.4808617277629, 37.5636665136639, 0], [26.4761657270638, 37.5738065144129, 0], [26.4794437269923, 37.5785825140845, 0], [26.4763887271528, 37.5852775145372, 0], [26.4805827267458, 37.5927765136981, 0], [26.4770827278112, 37.6045265139604, 0], [26.4785557271566, 37.6070285139297, 0], [26.4837227271547, 37.6067235144871, 0], [26.4871387278731, 37.604861514117, 0], [26.4889997268435, 37.596805514204, 0], [26.4934437278123, 37.5889435137366, 0], [26.4991947275078, 37.5881955140632, 0], [26.5046937274731, 37.5901675141925, 0], [26.5059717278289, 37.596805514204, 0], [26.5142497273242, 37.5989985142519, 0], [26.5166947272624, 37.5996395141828, 0], [26.5120557273039, 37.6123045140646, 0], [26.5136107277815, 37.6187205144511, 0], [26.512250727564, 37.6216925144518, 0], [26.4968337270562, 37.6276395145695, 0], [26.4957217273192, 37.6299435141184, 0], [26.4986107278104, 37.6391945141489, 0], [26.5018617277224, 37.6495815143814, 0], [26.5071947270689, 37.6566115141616, 0], [26.5097767267142, 37.6561125137299, 0]]], [[[26.3643047274583, 37.6874725138477, 0], [26.3612497276187, 37.6812775137712, 0], [26.3571657277163, 37.6729735143564, 0], [26.3482227272038, 37.67216451431, 0], [26.3412227267938, 37.6663055144604, 0], [26.3382217269872, 37.6596945143266, 0], [26.339276727254, 37.6539455144249, 0], [26.33225072664, 37.6487495145914, 0], [26.3301657277683, 37.6441955144037, 0], [26.3263887274414, 37.6421655144481, 0], [26.3216107268807, 37.6328315138838, 0], [26.3096937265779, 37.6263345136916, 0], [26.3058337265769, 37.6201935143475, 0], [26.3006667265788, 37.6200295140484, 0], [26.2965827266764, 37.6179995139941, 0], [26.2941947274788, 37.6129985138532, 0], [26.2816937274788, 37.605556514332, 0], [26.2704447276304, 37.6031685142945, 0], [26.2637207275299, 37.5953065137225, 0], [26.2613327270619, 37.5924985141488, 0], [26.2503047276776, 37.5873605136571, 0], [26.2342777272685, 37.5746955145215, 0], [26.2059167272905, 37.5651665138183, 0], [26.1589717276497, 37.5610845143919, 0], [26.1188597267174, 37.5556105144699, 0], [26.1137217263605, 37.5549165142629, 0], [26.1021377271078, 37.5486105141637, 0], [26.0805277272468, 37.527278514402, 0], [26.0698047265429, 37.5200535142367, 0], [26.0596937266356, 37.5171655135325, 0], [26.046805726823, 37.5198055140668, 0], [26.0369717270376, 37.5166925141382, 0], [26.0303897269766, 37.5183595141651, 0], [26.0225827267803, 37.5159145141715, 0], [26.0111097270306, 37.5167235137344, 0], [26.0047487274337, 37.5146935138002, 0], [25.9975827264049, 37.5159145141715, 0], [25.9911937269792, 37.5106925136859, 0], [25.9854447269085, 37.5103065142341, 0], [25.9778057269558, 37.519084513726, 0], [25.9741667274189, 37.5278315143973, 0], [25.9889447271135, 37.5558885137818, 0], [25.9915827264165, 37.5588075139338, 0], [26.0009167272616, 37.5690535143064, 0], [26.028277726818, 37.5917205139534, 0], [26.0479447265765, 37.6159435136617, 0], [26.0522777267718, 37.6213075143875, 0], [26.0636117271896, 37.6273875137286, 0], [26.0822217270564, 37.640945514319, 0], [26.0871097273078, 37.6404455142994, 0], [26.0936387271483, 37.6346395136686, 0], [26.0976657275805, 37.6343875144295, 0], [26.0986937265606, 37.6346395136686, 0], [26.1216657275344, 37.6403345138325, 0], [26.1323337271225, 37.641360514385, 0], [26.1398327266605, 37.6411095137374, 0], [26.1536097273916, 37.6406665137834, 0], [26.159583727176, 37.6351125139733, 0], [26.1693607274913, 37.6345555143526, 0], [26.1763057267855, 37.6367755139533, 0], [26.1817487270931, 37.6362495138988, 0], [26.1891667265817, 37.6308895141501, 0], [26.1960557274886, 37.6301385143902, 0], [26.206721727452, 37.6313895140864, 0], [26.2211947271959, 37.6367485139895, 0], [26.2309437276823, 37.6435845144932, 0], [26.2411937269215, 37.6508065145518, 0], [26.2596657272688, 37.663806514368, 0], [26.2785277268657, 37.6718595136687, 0], [26.2890547274972, 37.6813615145366, 0], [26.2980557272923, 37.6844445141942, 0], [26.3008057271811, 37.6842765145237, 0], [26.3308617267811, 37.6824715137781, 0], [26.3389447272869, 37.683749513741, 0], [26.3551667266857, 37.6921385142108, 0], [26.3593057277038, 37.6942785140964, 0], [26.3661667275114, 37.6911925142527, 0], [26.3643047274583, 37.6874725138477, 0]]], [[[26.9699167279375, 37.7524715145786, 0], [26.9739437283697, 37.7519455139804, 0], [26.9760837283571, 37.7562485141332, 0], [26.9741667271882, 37.7606385144253, 0], [26.9642767277451, 37.7683905143527, 0], [26.9645557274917, 37.7690545144257, 0], [26.9658047282062, 37.7720255146699, 0], [26.9533607276763, 37.7816385138287, 0], [26.9511947274848, 37.7860255140378, 0], [26.952109727337, 37.7880815140825, 0], [26.961333727221, 37.7881385141634, 0], [26.9687787279964, 37.7864145138473, 0], [26.9758887280971, 37.7826115145477, 0], [26.9813607280459, 37.7823065145902, 0], [26.9826107273024, 37.7850265138851, 0], [26.9795837272917, 37.7908055143946, 0], [26.9869727284094, 37.797778514465, 0], [26.9895287278506, 37.7963595146385, 0], [26.9909987277589, 37.7858045139412, 0], [26.9949437283293, 37.783221514703, 0], [27.0174447274632, 37.7828065141736, 0], [27.03488872756, 37.7772485139586, 0], [27.0406947283713, 37.7787515141098, 0], [27.0451657280861, 37.7814445141899, 0], [27.048026727478, 37.7831955138576, 0], [27.0546657282796, 37.7828595141581, 0], [27.0622207274753, 37.7852515143198, 0], [27.0682507281878, 37.7842215141722, 0], [27.0690547272665, 37.7823595139292, 0], [27.0672487281414, 37.7791935146534, 0], [27.0622767284034, 37.7763055147091, 0], [27.0532777282331, 37.7743875144345, 0], [27.0374447282716, 37.7645835145954, 0], [27.0319437274111, 37.7642205138863, 0], [27.0286097278249, 37.7587775141606, 0], [27.0330007273028, 37.7497785140035, 0], [27.042027727302, 37.7424995145739, 0], [27.0424987278715, 37.7385825139764, 0], [27.0386387278704, 37.734779514174, 0], [27.0411397274663, 37.7317505140582, 0], [27.0639437281965, 37.7324715142317, 0], [27.0687217274869, 37.7282785141314, 0], [27.0697227277208, 37.7227515143557, 0], [27.0694997276319, 37.7220265145863, 0], [27.0681377277895, 37.7174985137661, 0], [27.0648877276899, 37.7141105138754, 0], [27.0614167283966, 37.7144165145964, 0], [27.0571937278919, 37.7172505140841, 0], [27.0506377280349, 37.7100295144784, 0], [27.03761072762, 37.707973513731, 0], [27.0244157282319, 37.7100295144784, 0], [27.0090827272108, 37.707553513934, 0], [27.0019427276565, 37.7106395141751, 0], [26.9892767281204, 37.7111125137029, 0], [26.9814447275325, 37.7089455144707, 0], [26.9749997271786, 37.704692514065, 0], [26.9693597282566, 37.6986115145705, 0], [26.9588047277962, 37.6921385142108, 0], [26.9530557277256, 37.6917755140991, 0], [26.9512497273302, 37.6888345144478, 0], [26.9279437280348, 37.690139514016, 0], [26.8973327271083, 37.6757505144886, 0], [26.8888047275075, 37.6699445145937, 0], [26.8848897276611, 37.6628875136501, 0], [26.8835557276476, 37.6443325144693, 0], [26.8814997271468, 37.64230651393, 0], [26.8722497270587, 37.6413345140126, 0], [26.8631377277606, 37.6380845145128, 0], [26.8623887272568, 37.6378055142992, 0], [26.8499997278426, 37.6377785137037, 0], [26.8382487281587, 37.6400255143783, 0], [26.8203597276964, 37.6382485142107, 0], [26.8106117270224, 37.6395565140078, 0], [26.800887728198, 37.6429175142928, 0], [26.7853887278285, 37.6562495139405, 0], [26.7720547278381, 37.6780015142995, 0], [26.761861728069, 37.6843335141494, 0], [26.7596397269494, 37.6880565140975, 0], [26.7605837277132, 37.6919175141245, 0], [26.758387728068, 37.6967765140683, 0], [26.7506937269996, 37.6998595142498, 0], [26.7315827271097, 37.70841551401, 0], [26.7201377271888, 37.7118065139794, 0], [26.6956387281071, 37.7119445138649, 0], [26.6629707268674, 37.7073895145636, 0], [26.639499728036, 37.7010835137473, 0], [26.6359437269029, 37.6967765140683, 0], [26.6361387271629, 37.6931115137484, 0], [26.6272767279702, 37.6882205140155, 0], [26.6268057274007, 37.6879725138765, 0], [26.6261387280291, 37.6836125140174, 0], [26.6232217277091, 37.6813615145366, 0], [26.6198057269907, 37.6834715145514, 0], [26.6154727280657, 37.6823875142696, 0], [26.6078047272014, 37.6749455145024, 0], [26.6040837278026, 37.675693514301, 0], [26.6033057276576, 37.679832514189, 0], [26.599860727298, 37.6800835146549, 0], [26.5937497278064, 37.6769715143952, 0], [26.588248726946, 37.6765815138916, 0], [26.5884167271896, 37.6843865142911, 0], [26.5816117270396, 37.6890565139685, 0], [26.5808617279939, 37.6938895143457, 0], [26.5859997270803, 37.7052765143819, 0], [26.5832497271915, 37.712195514185, 0], [26.5818607273326, 37.7134705145021, 0], [26.5733597277483, 37.7212785138445, 0], [26.5698337273392, 37.7320825139901, 0], [26.5702227267765, 37.7362205141521, 0], [26.5754157269787, 37.7366105144147, 0], [26.5798047268318, 37.7395285138469, 0], [26.5833607279649, 37.7447775138312, 0], [26.5887217271403, 37.752692513871, 0], [26.6008047280618, 37.7639725140153, 0], [26.6092217268891, 37.7673065139629, 0], [26.6260547272721, 37.7695005145666, 0], [26.6329437269086, 37.7703895141945, 0], [26.6408057269502, 37.7734985146739, 0], [26.6669437272667, 37.7951125138276, 0], [26.6736657277424, 37.7979995138844, 0], [26.6956387281071, 37.800414514246, 0], [26.7136377269896, 37.8051945142001, 0], [26.7421397271948, 37.8146095142028, 0], [26.8125547271249, 37.8144455141593, 0], [26.8263047278395, 37.8110005147469, 0], [26.8551387280118, 37.810081514698, 0], [26.8585547274599, 37.8079715139206, 0], [26.8624717282014, 37.8007235139331, 0], [26.8651677280574, 37.7957225141951, 0], [26.8708317275586, 37.7914995145636, 0], [26.8822777272918, 37.7871665138991, 0], [26.8963337277695, 37.7846675141871, 0], [26.9102497278325, 37.7763895141922, 0], [26.9323877277332, 37.7732765141094, 0], [26.9386667274683, 37.7708885138468, 0], [26.9468607274771, 37.7643315137859, 0], [26.9571667276444, 37.7616385140477, 0], [26.9699167279375, 37.7524715145786, 0]]], [[[26.4753607053054, 38.3997494596996, 0], [26.4713897045309, 38.3908614598363, 0], [26.4684997042273, 38.3911394602743, 0], [26.4620547051438, 38.4031364602315, 0], [26.4655547053488, 38.4042204599814, 0], [26.4753607053054, 38.3997494596996, 0]]], [[[26.3883607042024, 38.4267494596971, 0], [26.3871667046036, 38.425387459495, 0], [26.3807767053655, 38.426139459614, 0], [26.3747497040901, 38.4305834597696, 0], [26.3756677046499, 38.4330824599917, 0], [26.3871117047583, 38.4382204593476, 0], [26.3883607042024, 38.4267494596971, 0]]], [[[26.7703057053158, 38.4404714600369, 0], [26.7675837052558, 38.4361644598265, 0], [26.7649727046989, 38.4364164599291, 0], [26.7638887047908, 38.4403334598333, 0], [26.7593327045065, 38.4443054598389, 0], [26.7614167048362, 38.4461094601073, 0], [26.7639707046525, 38.45522246025, 0], [26.769471705513, 38.4549174602619, 0], [26.7731947045366, 38.4518614598797, 0], [26.7770817045541, 38.4437784594892, 0], [26.7752777050538, 38.4415274594374, 0], [26.7703057053158, 38.4404714600369, 0]]], [[[26.3607497045406, 38.4431114594222, 0], [26.3553327044371, 38.4337764595007, 0], [26.3523617040841, 38.4313044596591, 0], [26.3488877040832, 38.4318044594725, 0], [26.3454717046352, 38.4350544599454, 0], [26.3419717044302, 38.4346384600959, 0], [26.3360557051987, 38.4296684600128, 0], [26.3305547043382, 38.4306364596091, 0], [26.328555704578, 38.4334174595537, 0], [26.3301387048845, 38.440028459601, 0], [26.3284717050914, 38.4439424595894, 0], [26.329110704634, 38.4476124597369, 0], [26.3369707050509, 38.4481924598352, 0], [26.3578047043916, 38.4580264601558, 0], [26.3624727052618, 38.4575264599172, 0], [26.3641397050549, 38.4545284599948, 0], [26.3607497045406, 38.4431114594222, 0]]], [[[26.9411657058424, 38.4324454598552, 0], [26.9332767057843, 38.431888460033, 0], [26.9171387058721, 38.4371944595925, 0], [26.9062497058198, 38.4442474601984, 0], [26.9034727046441, 38.4493324598573, 0], [26.9086377050174, 38.457278460081, 0], [26.9063047056651, 38.4685284596267, 0], [26.9081667057183, 38.4730834598915, 0], [26.9127497047486, 38.4700274602489, 0], [26.9148617049071, 38.4619704597992, 0], [26.9141097049662, 38.4551124595223, 0], [26.9168607059378, 38.4491114602636, 0], [26.9231107047613, 38.4430534598173, 0], [26.9294167057833, 38.4397504601426, 0], [26.94510970533, 38.4392504596322, 0], [26.9465267050177, 38.4371674595591, 0], [26.9411657058424, 38.4324454598552, 0]]], [[[26.2932487270902, 38.4924735146317, 0], [26.29144472759, 38.4892765145429, 0], [26.2821387265738, 38.4896125150855, 0], [26.2781097265168, 38.4921945151063, 0], [26.2807767267314, 38.4958035145078, 0], [26.2909447273792, 38.4945565148001, 0], [26.2932487270902, 38.4924735146317, 0]]], [[[26.2913337268165, 38.4998315148744, 0], [26.2846387276277, 38.4992215151393, 0], [26.2799717265699, 38.4997215145868, 0], [26.2754437273849, 38.5229145150095, 0], [26.2792217275242, 38.5228615153815, 0], [26.2838327276538, 38.5198325154293, 0], [26.288304727181, 38.5090285147642, 0], [26.2946397265739, 38.50458151518, 0], [26.2913337268165, 38.4998315148744, 0]]], [[[26.7518057051397, 38.4826654602943, 0], [26.7481937056192, 38.4772224598058, 0], [26.7486667045431, 38.4728614598742, 0], [26.7414167052981, 38.4613034597669, 0], [26.7370277054451, 38.4606664599855, 0], [26.7274717055939, 38.4631114596954, 0], [26.7257777045139, 38.4654154600549, 0], [26.7303327049858, 38.4731404596513, 0], [26.7274717055939, 38.4756924598838, 0], [26.7124437045235, 38.4793624600667, 0], [26.7069167047293, 38.4799154595429, 0], [26.70191570535, 38.4772224598058, 0], [26.699332704622, 38.4791104597669, 0], [26.6962507047659, 38.4970274602776, 0], [26.6998057048163, 38.5123054596493, 0], [26.6993877057377, 38.5189704594317, 0], [26.7042497045147, 38.5275834596996, 0], [26.7034427047284, 38.5308034595562, 0], [26.7079447049797, 38.5371664599161, 0], [26.7068607050716, 38.5398594595786, 0], [26.7002507051817, 38.5436934596238, 0], [26.7029437056004, 38.5470844595546, 0], [26.7061667056836, 38.5477214595075, 0], [26.7199987049896, 38.5415564595508, 0], [26.724860705037, 38.5373604595857, 0], [26.7362497053, 38.5142784599647, 0], [26.7322497048843, 38.5051954600851, 0], [26.732749705095, 38.5019714602031, 0], [26.7367227054943, 38.4966384594717, 0], [26.7483327049511, 38.4950824601003, 0], [26.750583705712, 38.492084459406, 0], [26.7472777046842, 38.4884714602159, 0], [26.7518057051397, 38.4826654602943, 0]]], [[[26.2053047264938, 38.5438345151399, 0], [26.2128047271146, 38.5382765148117, 0], [26.2204167270508, 38.5404735150096, 0], [26.2226937267454, 38.5374715153319, 0], [26.2297227267966, 38.5396955146899, 0], [26.2331937273604, 38.5382765148117, 0], [26.236554726963, 38.531138515059, 0], [26.245000726702, 38.5308035152093, 0], [26.2490557269631, 38.5286935153727, 0], [26.2684987268203, 38.5250545148301, 0], [26.2692777267777, 38.5200005152035, 0], [26.266610726563, 38.5172765150159, 0], [26.2604707274303, 38.5159715147123, 0], [26.2547777270173, 38.5068885146776, 0], [26.2459997273112, 38.5046955145432, 0], [26.2445827276234, 38.5069995150562, 0], [26.2476117272589, 38.5138315152102, 0], [26.243554727373, 38.5143315146203, 0], [26.2382217267561, 38.5088875152713, 0], [26.2350267265019, 38.5098605150058, 0], [26.2321947267512, 38.514472515381, 0], [26.2296097276688, 38.5156395147761, 0], [26.2269437272665, 38.5129165145942, 0], [26.2246107266439, 38.5127215146056, 0], [26.2176377275207, 38.5143885145592, 0], [26.2116107275158, 38.5192795151835, 0], [26.207250727304, 38.5200005152035, 0], [26.2042767275138, 38.5170555149207, 0], [26.1999717271473, 38.5193895154163, 0], [26.1983887268408, 38.5292505150045, 0], [26.1927777275601, 38.5348045152549, 0], [26.1817487270931, 38.5456955148658, 0], [26.1844157273077, 38.5479735148595, 0], [26.1893327272004, 38.5453865149364, 0], [26.2053047264938, 38.5438345151399, 0]]], [[[25.523944726738, 38.5342215151437, 0], [25.4994447265734, 38.5318335149192, 0], [25.4959717263849, 38.5325275152761, 0], [25.4948617262727, 38.5407785146665, 0], [25.5062767267398, 38.5489725151756, 0], [25.5048617266769, 38.552859514645, 0], [25.5083887268984, 38.556972514983, 0], [25.5112777261191, 38.5548895144807, 0], [25.5236107258756, 38.5544165145718, 0], [25.5243887260207, 38.554359514547, 0], [25.5266947266268, 38.5513875147174, 0], [25.5266107258698, 38.5512765152321, 0], [25.5210837260757, 38.543639515454, 0], [25.527165725926, 38.5371925152431, 0], [25.523944726738, 38.5342215151437, 0]]], [[[26.8349167053299, 38.5823894604155, 0], [26.8309727045719, 38.5645824594854, 0], [26.8279437049364, 38.5712774599764, 0], [26.8293057047788, 38.5790554597868, 0], [26.8332787051781, 38.5870014596952, 0], [26.8362217057022, 38.5878904601774, 0], [26.8376097044782, 38.5855554600119, 0], [26.8349167053299, 38.5823894604155, 0]]], [[[26.0139157265772, 38.6032485149608, 0], [26.0463617275404, 38.5908045145592, 0], [26.0498887264914, 38.5919145147667, 0], [26.0552207272959, 38.5975835148398, 0], [26.061055726478, 38.5979995153955, 0], [26.062749727558, 38.5940815145705, 0], [26.0594437265302, 38.5868065145473, 0], [26.0637487268967, 38.5830835150714, 0], [26.0738887264453, 38.5790825149239, 0], [26.0749427268997, 38.5719715147368, 0], [26.0859717273668, 38.5626105146501, 0], [26.0904727265353, 38.5587765149305, 0], [26.100694727216, 38.5595815153444, 0], [26.1073047271059, 38.5540275148812, 0], [26.1087487268101, 38.5507775146773, 0], [26.1104157266032, 38.547111514807, 0], [26.1141657269136, 38.5452495153918, 0], [26.1159167274637, 38.5461385148889, 0], [26.1165827270229, 38.5486105148853, 0], [26.1166927267135, 38.5489995150721, 0], [26.1187227270103, 38.5566665150561, 0], [26.1239167270248, 38.5547785154348, 0], [26.128749727431, 38.5471645154507, 0], [26.1317207265135, 38.550803515397, 0], [26.1291937267136, 38.5563315148828, 0], [26.1324727264545, 38.5617785153252, 0], [26.1305267269147, 38.5670815147305, 0], [26.1325837272279, 38.5686685146956, 0], [26.1461387264121, 38.558887514757, 0], [26.1571387272378, 38.5551105146127, 0], [26.1570547264809, 38.5500825150349, 0], [26.1612487273443, 38.5385815148413, 0], [26.1591397266229, 38.53497251486, 0], [26.1504727264198, 38.5201375151256, 0], [26.1488607264721, 38.5103065151729, 0], [26.1509987268347, 38.4981385151101, 0], [26.1497777272194, 38.4954185151009, 0], [26.1447767265697, 38.4918055150518, 0], [26.1359997266759, 38.4898335148842, 0], [26.1296117270626, 38.4903595145492, 0], [26.1278317268712, 38.4878615144445, 0], [26.1277497270094, 38.4818875153141, 0], [26.1285837268122, 38.4791375147174, 0], [26.1396387274833, 38.4794725153064, 0], [26.142527726704, 38.4778595152449, 0], [26.1436117266121, 38.4739455151526, 0], [26.1383057272821, 38.4684975145285, 0], [26.1438057270598, 38.4666095151514, 0], [26.1454997268694, 38.4640845146554, 0], [26.1508327274863, 38.4695275153502, 0], [26.1531097271808, 38.4667505148318, 0], [26.1538327274805, 38.4564435147649, 0], [26.1506377272262, 38.4522775146826, 0], [26.1475827273867, 38.4482495150856, 0], [26.1414997264536, 38.4320565145999, 0], [26.1396097265716, 38.4242205153395, 0], [26.1359157271893, 38.4089735146546, 0], [26.1369717272686, 38.402778514624, 0], [26.1386947267194, 38.4005005150404, 0], [26.1389157271835, 38.4001955148355, 0], [26.1423887273721, 38.3956105151219, 0], [26.1442507274253, 38.3855285148884, 0], [26.1437487275897, 38.3809425143934, 0], [26.1436117266121, 38.3795545144227, 0], [26.1432487273789, 38.3761405147577, 0], [26.1452217269351, 38.3696935152246, 0], [26.1460837265667, 38.3668595152042, 0], [26.1465547271362, 38.3653335149704, 0], [26.1493887265117, 38.342387514953, 0], [26.1528047272301, 38.3375545149044, 0], [26.1609437273936, 38.3348615144404, 0], [26.1649437265389, 38.3335265149576, 0], [26.1654447265621, 38.3294175150865, 0], [26.1592767276004, 38.3244165145374, 0], [26.1572777265698, 38.3093335151645, 0], [26.1554997272736, 38.3070565144364, 0], [26.1476117270279, 38.3041645143259, 0], [26.1343607267117, 38.2912215144486, 0], [26.1111947265606, 38.2768055142792, 0], [26.1076387266979, 38.2727195148375, 0], [26.1058057275564, 38.2660825147409, 0], [26.1079997275768, 38.2582775142875, 0], [26.1070557268129, 38.2537225149112, 0], [26.1189987273197, 38.2364155144814, 0], [26.1172217265655, 38.2340005148737, 0], [26.1041657265094, 38.2161675144884, 0], [26.0994717267056, 38.2130005149364, 0], [26.0846387271656, 38.2090255143013, 0], [26.0646107265283, 38.2089995142309, 0], [26.0462777267834, 38.2034455142279, 0], [26.0401107263637, 38.1996115142224, 0], [26.0368607275345, 38.1941375149581, 0], [26.0292487263279, 38.1896095151211, 0], [26.0268607271303, 38.1850815143754, 0], [26.0275267266895, 38.1708595144426, 0], [26.0256667262611, 38.162387515004, 0], [26.0186387272927, 38.1548615141157, 0], [26.0180277263084, 38.1542205145474, 0], [26.012805726465, 38.1535835143214, 0], [26.0102497270238, 38.1570545143489, 0], [26.0105837266158, 38.1609455147807, 0], [26.0065267267299, 38.1614455141868, 0], [25.9998337271658, 38.1594425142253, 0], [25.9926947274239, 38.166610514332, 0], [25.9829157274838, 38.1733315144618, 0], [25.9733617272574, 38.1736375144017, 0], [25.9661667265873, 38.1773865148383, 0], [25.9639167269093, 38.182666514489, 0], [25.9509157266984, 38.1866685149891, 0], [25.95191572712, 38.195136514789, 0], [25.9499167273597, 38.1983605145473, 0], [25.9389437265504, 38.200999514589, 0], [25.9293057268374, 38.1960295142881, 0], [25.9244167267736, 38.1999735146676, 0], [25.9248327262273, 38.2088885142099, 0], [25.9152217265308, 38.2141685151374, 0], [25.9130837261682, 38.2197755149077, 0], [25.9137227269813, 38.225249514559, 0], [25.9085267273419, 38.2260015151227, 0], [25.9032497263828, 38.2226105144198, 0], [25.8974717266709, 38.2237775150341, 0], [25.8936667265152, 38.2217485144207, 0], [25.8913877271958, 38.2256925146017, 0], [25.8926387262647, 38.233222514785, 0], [25.8873057269182, 38.2472495142186, 0], [25.8847217263778, 38.249332514403, 0], [25.877194727011, 38.2498625148035, 0], [25.869611726716, 38.247165514804, 0], [25.8685277268079, 38.2540545151436, 0], [25.8756937265662, 38.2707215144181, 0], [25.8830547265847, 38.2791405144852, 0], [25.8941377270847, 38.2829435145604, 0], [25.9015827265897, 38.2915265152175, 0], [25.902972726261, 38.2931665142597, 0], [25.9114437263916, 38.2972215149795, 0], [25.9184437268016, 38.2980835143178, 0], [25.9225827265493, 38.3037795147933, 0], [25.9254717270404, 38.3041955148623, 0], [25.9264997272909, 38.2936395151633, 0], [25.9308337272986, 38.2922515148261, 0], [25.9337767265523, 38.2944985150165, 0], [25.9315277266866, 38.3002505144175, 0], [25.93416572726, 38.3027495145559, 0], [25.9527217270939, 38.3009715147362, 0], [25.9638057274062, 38.3031655145501, 0], [25.9676107262915, 38.3070255151228, 0], [25.9747497273039, 38.3186685146954, 0], [25.9719447262993, 38.3253325145237, 0], [25.9731387271685, 38.3278345152586, 0], [25.9772487272749, 38.3312485150567, 0], [25.9802227270651, 38.3371655144292, 0], [25.9854997267538, 38.3407775143063, 0], [25.9875827272711, 38.3437495146463, 0], [25.9873887268235, 38.3474725147903, 0], [25.987361726807, 38.3480835145039, 0], [25.9902777273146, 38.3489985149204, 0], [25.9931387267065, 38.3455275146978, 0], [25.9966107270827, 38.345275514505, 0], [25.9975547265761, 38.3509705148235, 0], [25.9902777273146, 38.3705285143846, 0], [25.9952767270691, 38.3741375147299, 0], [25.9930547272199, 38.3828615145314, 0], [25.9940277263546, 38.390193514983, 0], [25.993165726723, 38.3936645143508, 0], [25.9906117269066, 38.395499514514, 0], [25.9888317267152, 38.39274951496, 0], [25.9853607274219, 38.3923335144235, 0], [25.9781947263931, 38.4015535148074, 0], [25.9741667274189, 38.4041095144066, 0], [25.9631377269519, 38.4051095147473, 0], [25.961139727004, 38.4074435148231, 0], [25.9630277272612, 38.4179455151858, 0], [25.9619157262538, 38.4218595149427, 0], [25.9540557271074, 38.4223895148987, 0], [25.9570557271016, 38.4287795153443, 0], [25.9578607272631, 38.4450265147291, 0], [25.9558887262489, 38.4496385151945, 0], [25.9486097273627, 38.4492225148204, 0], [25.9400557262874, 38.4639735148057, 0], [25.9305287273479, 38.4697755148473, 0], [25.9012507266225, 38.4775845148825, 0], [25.8922207271862, 38.4771955145313, 0], [25.8708607261601, 38.4915845153353, 0], [25.8659717273667, 38.4957505148071, 0], [25.8525007263987, 38.5132485151592, 0], [25.8436947268637, 38.5314175147756, 0], [25.8312777263502, 38.5415835148957, 0], [25.8292767269651, 38.545276514699, 0], [25.8307777261395, 38.5489155148089, 0], [25.8346387272233, 38.5528065152186, 0], [25.8375547264605, 38.5557515146724, 0], [25.8426667266133, 38.568305515007, 0], [25.8459167267129, 38.5721665150516, 0], [25.861499726569, 38.5830575151051, 0], [25.8814157266205, 38.5924985146398, 0], [25.9012507266225, 38.5934715154918, 0], [25.9417487262846, 38.5917505148253, 0], [25.9543337270416, 38.5948595150809, 0], [25.9672217268542, 38.6006925146589, 0], [25.9888317267152, 38.602332515322, 0], [26.0016937263238, 38.6056665153201, 0], [26.0139157265772, 38.6032485149608, 0]]], [[[25.5921667264602, 38.613082514926, 0], [25.6003047268113, 38.6044425153388, 0], [25.6043047259566, 38.6001925149208, 0], [25.6092487271362, 38.5969425146269, 0], [25.6197217264643, 38.5943595154198, 0], [25.6219997259713, 38.5904725154535, 0], [25.6199167267244, 38.5849725148978, 0], [25.6236377261231, 38.5776405151456, 0], [25.619222726066, 38.5735275146678, 0], [25.6183047267766, 38.5682785154084, 0], [25.6127217260543, 38.5623625148942, 0], [25.6110837259025, 38.5426675148656, 0], [25.6075547260562, 38.5396955146899, 0], [25.5830837268033, 38.5377765147999, 0], [25.5778877258936, 38.543777514675, 0], [25.5691657258451, 38.5461115149117, 0], [25.5659447266572, 38.5438345151399, 0], [25.5647217261467, 38.5358315152276, 0], [25.5629727264918, 38.5344735154527, 0], [25.5606377262444, 38.5358615151834, 0], [25.5561097270594, 38.5525815151002, 0], [25.5625547261428, 38.5573615146329, 0], [25.5646947261302, 38.5681115153846, 0], [25.5631097261989, 38.5693315150823, 0], [25.557166726951, 38.5738905147908, 0], [25.5522777268872, 38.5814705151933, 0], [25.5444157268456, 38.5835835148071, 0], [25.5418337259299, 38.5893055146876, 0], [25.5351657267575, 38.5930285152788, 0], [25.5326377258748, 38.6038055148138, 0], [25.534694726188, 38.6067505147221, 0], [25.5399167260314, 38.6037475155013, 0], [25.5480837260237, 38.6034735152739, 0], [25.5524157264067, 38.5981935147206, 0], [25.5585557268099, 38.6004445153115, 0], [25.5647217261467, 38.6074975153875, 0], [25.5664437270555, 38.603610515022, 0], [25.5669727269076, 38.6037475155013, 0], [25.5699437259901, 38.604499515344, 0], [25.573804727074, 38.6108895151959, 0], [25.5781667269106, 38.6113315147254, 0], [25.5819167259506, 38.6062775147173, 0], [25.584554726524, 38.6071655150591, 0], [25.5878047266236, 38.6126405152647, 0], [25.5921667264602, 38.613082514926, 0]]], [[[26.72497170454, 38.6917494600733, 0], [26.7222787053917, 38.6881364602875, 0], [26.7118887057378, 38.6933054603367, 0], [26.7081947050851, 38.6974974601101, 0], [26.7082787045717, 38.7013884603561, 0], [26.7224447047401, 38.6954454598248, 0], [26.72497170454, 38.6917494600733, 0]]], [[[26.8148877048802, 38.9287794601534, 0], [26.8197497049276, 38.9241104599338, 0], [26.8241667046095, 38.9247204601463, 0], [26.8264707055909, 38.9235564598917, 0], [26.8275827053279, 38.921248460514, 0], [26.8229997050272, 38.9140014605881, 0], [26.8197497049276, 38.9122234603471, 0], [26.8084997052668, 38.9192504598696, 0], [26.8115267052775, 38.9235564598917, 0], [26.8083897055762, 38.9265814605106, 0], [26.8081657056749, 38.9297784598356, 0], [26.8148877048802, 38.9287794601534, 0]]], [[[25.839555727116, 39.2135275159557, 0], [25.8371657270232, 39.2114975160728, 0], [25.8299447261491, 39.2211685154344, 0], [25.8361657266017, 39.2252235158959, 0], [25.8388607266452, 39.2306935151476, 0], [25.8421107267448, 39.231582515361, 0], [25.8453057269991, 39.2285835155386, 0], [25.8408337262014, 39.2231405159826, 0], [25.839555727116, 39.2135275159557, 0]]], [[[26.6026117054022, 39.2888064609212, 0], [26.5812777045802, 39.281776460412, 0], [26.5792767051952, 39.2840834607331, 0], [26.5853607046702, 39.2929454606241, 0], [26.5901107054022, 39.2958594605747, 0], [26.5918057050241, 39.3058884599952, 0], [26.5953877050909, 39.3079184601223, 0], [26.5995007046345, 39.3073874605959, 0], [26.6014727043783, 39.3034704609137, 0], [26.5986937048483, 39.2973324607619, 0], [26.6038337048299, 39.2908584604996, 0], [26.6026117054022, 39.2888064609212, 0]]], [[[26.6099167044925, 39.3390534607126, 0], [26.6065557048899, 39.3372494605239, 0], [26.600194705293, 39.3391944607462, 0], [26.5996667052533, 39.3417204605097, 0], [26.6041947044383, 39.3466944606503, 0], [26.6088047047555, 39.3429714609033, 0], [26.6099167044925, 39.3390534607126, 0]]], [[[26.3536947271526, 39.3794435162139, 0], [26.3554437268075, 39.3791955154072, 0], [26.3562767267978, 39.3798065159961, 0], [26.3608337268945, 39.3832505153572, 0], [26.3652227267476, 39.3818315158581, 0], [26.3660277269091, 39.3779175154319, 0], [26.361220726707, 39.3733895159904, 0], [26.3599717272629, 39.3688315155118, 0], [26.3528607273499, 39.3664165155169, 0], [26.353331726649, 39.3615835157241, 0], [26.3503047266383, 39.356139515484, 0], [26.3523057272937, 39.3538315159551, 0], [26.3578597271043, 39.3516955158445, 0], [26.3637767274186, 39.3523065154118, 0], [26.367860727321, 39.3506655153959, 0], [26.3704167267621, 39.345832515338, 0], [26.3742217269179, 39.3439445154856, 0], [26.3845817271181, 39.347945515449, 0], [26.3981667270264, 39.3493875158893, 0], [26.4030837269191, 39.3445015156233, 0], [26.4203597267723, 39.3411095157599, 0], [26.4235547270266, 39.3376115152886, 0], [26.4240837268787, 39.3351095154466, 0], [26.4207497272924, 39.3308065160782, 0], [26.4113327267732, 39.3241115158415, 0], [26.4106097277439, 39.3235815158275, 0], [26.4161657271793, 39.3221665156785, 0], [26.4167207272354, 39.3198625156816, 0], [26.4087217274867, 39.316970515677, 0], [26.4041667270148, 39.310638515466, 0], [26.3991387276191, 39.3090815157789, 0], [26.3954707271704, 39.3015815157788, 0], [26.3886107271752, 39.2966385158931, 0], [26.3858597274739, 39.2913895156102, 0], [26.3798877273143, 39.2866665155859, 0], [26.3789437278209, 39.2832485158932, 0], [26.3826667268445, 39.2786095152107, 0], [26.3928047267682, 39.2709425155084, 0], [26.4138047267278, 39.2615275155017, 0], [26.4204727271706, 39.2568625156289, 0], [26.430720726785, 39.2544435152332, 0], [26.4367497276851, 39.2468335160048, 0], [26.4449437276939, 39.2446665152042, 0], [26.4474157276485, 39.2430565152892, 0], [26.4748317270503, 39.2252765159339, 0], [26.4780007271005, 39.2224995155402, 0], [26.4767777278605, 39.2206645155071, 0], [26.4866097267507, 39.2123065153664, 0], [26.4961657278723, 39.1911385158718, 0], [26.5088327272208, 39.1788325160386, 0], [26.5208047273688, 39.1752505160238, 0], [26.5299167279373, 39.1762765157579, 0], [26.5348607278465, 39.1732215156834, 0], [26.5380837279297, 39.1729425156298, 0], [26.5415287270189, 39.1696925150787, 0], [26.534304727978, 39.1613345159271, 0], [26.5343607276358, 39.1574435157391, 0], [26.5345267269841, 39.1434705150866, 0], [26.540637727746, 39.1404145158078, 0], [26.5456387271254, 39.1410295156314, 0], [26.5485287274289, 39.1386945159762, 0], [26.5516657271303, 39.1214975150338, 0], [26.554776727898, 39.1191665159206, 0], [26.5554157274407, 39.118693515027, 0], [26.5618607277946, 39.1174735155328, 0], [26.5647217271864, 39.1146655151188, 0], [26.5652497272261, 39.1114725151912, 0], [26.5607217267707, 39.1048885156498, 0], [26.5618057279492, 39.1007495154837, 0], [26.5682217273915, 39.0958325157559, 0], [26.5796947271411, 39.0870015150658, 0], [26.5856667273007, 39.0779985153518, 0], [26.5958327270533, 39.0739435157157, 0], [26.6002497280057, 39.0613055152468, 0], [26.6016937277098, 39.0593865156349, 0], [26.61847272806, 39.0369985156807, 0], [26.619277726951, 39.0331115158504, 0], [26.6124717269887, 39.0176385153885, 0], [26.6095007279061, 39.0151665151964, 0], [26.5947777280568, 39.0121645157734, 0], [26.5865837280481, 39.0134155155446, 0], [26.5676937273518, 39.020557515054, 0], [26.5621387277288, 39.0208625152943, 0], [26.5547217267822, 39.0168335152822, 0], [26.541554727223, 39.0183905152912, 0], [26.5374997269619, 39.0209425157544, 0], [26.5338897270662, 39.0303875152197, 0], [26.5217777277739, 39.0390275157106, 0], [26.5295557270585, 39.0471645158279, 0], [26.5275547276734, 39.0492515155811, 0], [26.516444727157, 39.0509985159163, 0], [26.5133057278308, 39.0556105154846, 0], [26.5163877276868, 39.0628885150034, 0], [26.5267217276831, 39.065971515304, 0], [26.5295277272296, 39.0732495158591, 0], [26.5264717275777, 39.0817795159591, 0], [26.5254727269685, 39.082973515523, 0], [26.5070277279081, 39.1053615155566, 0], [26.4885267279196, 39.1195825150863, 0], [26.4838887277735, 39.1219175157307, 0], [26.4680267269004, 39.1214445155658, 0], [26.4568057268809, 39.1186105156075, 0], [26.4517497276563, 39.1152495153396, 0], [26.4445277269697, 39.1061935157172, 0], [26.4435267267358, 39.099776515822, 0], [26.4548607271535, 39.0804175150399, 0], [26.4673057274959, 39.0713345158814, 0], [26.4865277268889, 39.064887515138, 0], [26.4963337268455, 39.0569725157442, 0], [26.5306947268119, 39.0185275149163, 0], [26.5321387277865, 39.0169175149233, 0], [26.5331667267665, 39.0095555157767, 0], [26.5409447273216, 39.0037495158061, 0], [26.5468327279946, 39.0050275149271, 0], [26.5479997275769, 39.0036385152307, 0], [26.5413887278746, 38.9968605149034, 0], [26.5421657269368, 38.9911115154665, 0], [26.5221937272277, 38.9755815156337, 0], [26.5163607276704, 38.9765815150453, 0], [26.5146937278773, 38.9811935157126, 0], [26.5084987276288, 38.9829705156918, 0], [26.5008597276761, 38.977695515462, 0], [26.4923607277166, 38.9785005155353, 0], [26.4885267279196, 38.9765015157701, 0], [26.4832497269604, 38.9761125152654, 0], [26.4799727268443, 38.9736405148971, 0], [26.4679997268839, 38.9751655149114, 0], [26.4565277269467, 38.9725565155714, 0], [26.4495277278071, 38.974250515683, 0], [26.4444447272956, 38.9692765148963, 0], [26.4191657271735, 38.96547251539, 0], [26.3939987276374, 38.9671665150374, 0], [26.3789157267217, 38.9744445151458, 0], [26.3773327276856, 38.9748605151653, 0], [26.3672497276071, 38.9775535155129, 0], [26.3599167274176, 38.9783055148975, 0], [26.3573047270483, 38.9785535157171, 0], [26.3494167268026, 38.9793625156178, 0], [26.3325267269494, 38.9791375155222, 0], [26.2827777273869, 39.004417515733, 0], [26.2667767271818, 39.0105545150318, 0], [26.2203327275642, 39.020667515891, 0], [26.2024987269473, 39.0238605154266, 0], [26.1899167268978, 39.0237495158168, 0], [26.1852487272981, 39.0222775153777, 0], [26.1787217270824, 39.0201945157164, 0], [26.1712777273897, 39.0141105150686, 0], [26.1679717276324, 39.0091095153084, 0], [26.1633047265747, 39.0103065157706, 0], [26.1593337270706, 39.0188065156447, 0], [26.1413327272928, 39.0297505156711, 0], [26.1376947275683, 39.0403055157025, 0], [26.1118047264621, 39.0719445156145, 0], [26.0907497266571, 39.0755845157998, 0], [26.0861107266987, 39.0797495153936, 0], [26.0852767268959, 39.0825005153171, 0], [26.0863057269587, 39.0843615153423, 0], [26.086778727153, 39.0852505155447, 0], [26.0938607274248, 39.0870015150658, 0], [26.1045837268583, 39.0981095157319, 0], [26.1107497274656, 39.0987205153791, 0], [26.1180547265559, 39.0975265151921, 0], [26.1285547271709, 39.0933035152275, 0], [26.1338607265009, 39.0934715149884, 0], [26.1441937266847, 39.0990825157236, 0], [26.1621377269923, 39.1016385151663, 0], [26.1657217266839, 39.1050565154112, 0], [26.1706387265767, 39.1184995151029, 0], [26.1810547264346, 39.1270825153029, 0], [26.1884437275524, 39.129527515483, 0], [26.2001947272363, 39.130305515177, 0], [26.204333726984, 39.1321105157891, 0], [26.2088047266989, 39.1370845153194, 0], [26.2109997265316, 39.1374435152217, 0], [26.2129437264465, 39.1377485151059, 0], [26.2181947272016, 39.1356125155827, 0], [26.2231937269561, 39.1373895157733, 0], [26.2345007273574, 39.146194515613, 0], [26.2392207273653, 39.1477505154486, 0], [26.2456657277192, 39.1465255156692, 0], [26.2486377266141, 39.1483345152618, 0], [26.2514167274146, 39.1560815158295, 0], [26.2634447272204, 39.1557235153152, 0], [26.2711387270184, 39.1581645154561, 0], [26.2785547268822, 39.1635545155645, 0], [26.2821667276731, 39.1683345157719, 0], [26.2819437275842, 39.1726945155282, 0], [26.2837497267092, 39.1740265160051, 0], [26.2896117271781, 39.1734995159737, 0], [26.2934717271791, 39.1759715154205, 0], [26.2947497275349, 39.1809995158889, 0], [26.2928047265372, 39.1881095157372, 0], [26.2771657270234, 39.2004425154389, 0], [26.2669707276295, 39.2048335151414, 0], [26.2576387276796, 39.2088885160365, 0], [26.2376937267165, 39.2113875154746, 0], [26.2229167268343, 39.2067485159385, 0], [26.2138607271939, 39.2093615152201, 0], [26.2026667271909, 39.2088045155529, 0], [26.1672497271451, 39.1991115156227, 0], [26.1583057268202, 39.1902765151509, 0], [26.1552767271847, 39.1845815154616, 0], [26.1535277275298, 39.1681095155885, 0], [26.1501937266732, 39.1608315159923, 0], [26.1394997268809, 39.1536095157326, 0], [26.1323337271225, 39.1456675159279, 0], [26.1273057264564, 39.1438905157956, 0], [26.1229167266033, 39.1446375158119, 0], [26.1199437266255, 39.142139515436, 0], [26.1166667265094, 39.1358335155202, 0], [26.1150837274733, 39.1328045158595, 0], [26.1119437270644, 39.118415515031, 0], [26.1124437272752, 39.1129145154897, 0], [26.1103607267579, 39.1113315153153, 0], [26.1062507266515, 39.111831515531, 0], [26.1031107275129, 39.1162225153138, 0], [26.0987217263894, 39.1169435153996, 0], [26.0924447275495, 39.1096645154091, 0], [26.0856377265044, 39.1067765155647, 0], [26.0873047275679, 39.1012495158419, 0], [26.0840277274518, 39.0973885152195, 0], [26.0772487275059, 39.0949435158253, 0], [26.0701667272341, 39.0922775156431, 0], [26.0555287266839, 39.0937765159554, 0], [26.0041387262619, 39.1118885154249, 0], [25.9921397273678, 39.1138345158996, 0], [25.9733047265169, 39.1114725151912, 0], [25.9700547264172, 39.1098895151556, 0], [25.9598057269905, 39.1106675158621, 0], [25.9547497264954, 39.1068345152063, 0], [25.9521667270378, 39.1093595151537, 0], [25.9536667263997, 39.1134715159018, 0], [25.9525277266462, 39.1157755155272, 0], [25.946137727408, 39.1204185155157, 0], [25.9433607262323, 39.1266095153255, 0], [25.9413047270019, 39.1312215151724, 0], [25.9357777272078, 39.1360545157495, 0], [25.9171097267881, 39.1449165158146, 0], [25.9106667273294, 39.1451945156531, 0], [25.9032497263828, 39.1393045154089, 0], [25.8982497268159, 39.1402775151891, 0], [25.8959997271378, 39.1460265154145, 0], [25.8878607269743, 39.1538615158202, 0], [25.8796387271367, 39.1543885152287, 0], [25.873805726309, 39.1565015151675, 0], [25.868304726719, 39.1631655153245, 0], [25.8660277270244, 39.1698335153217, 0], [25.8643047263032, 39.1728325157244, 0], [25.8549437267121, 39.1763345152881, 0], [25.8500267268193, 39.1809455153945, 0], [25.8424167265079, 39.1826095153322, 0], [25.8389447261318, 39.1888045154216, 0], [25.8322507267553, 39.1925275160409, 0], [25.8393057270106, 39.1947785157149, 0], [25.848361726651, 39.1898875160157, 0], [25.8501397272176, 39.1914705155495, 0], [25.8526377261058, 39.2040555154333, 0], [25.8509437262963, 39.208415515636, 0], [25.8498057263552, 39.2113875154746, 0], [25.8545547272748, 39.21616751549, 0], [25.853471727179, 39.2225835153879, 0], [25.8547227262479, 39.2282785158857, 0], [25.8535817268697, 39.2319715158361, 0], [25.8491667268125, 39.2322235155115, 0], [25.8486117267564, 39.2354425153799, 0], [25.8584167269006, 39.2420005153273, 0], [25.8599167262625, 39.2465545160457, 0], [25.8565267270186, 39.2573315154762, 0], [25.8586387271771, 39.2610015151632, 0], [25.8624437273328, 39.2605015155993, 0], [25.8680837262548, 39.2643315161266, 0], [25.8729167266609, 39.2741395155712, 0], [25.8787777273175, 39.2731935158452, 0], [25.8805827266301, 39.2750015153839, 0], [25.880027726574, 39.2784455153159, 0], [25.8841947261506, 39.2834435157199, 0], [25.8938877269793, 39.282664515177, 0], [25.9091657268847, 39.2902485157987, 0], [25.9134997268924, 39.296470515526, 0], [25.921166726674, 39.2975535155729, 0], [25.9207777272367, 39.2913625155382, 0], [25.923665726645, 39.2867775151744, 0], [25.928611726179, 39.2833055155357, 0], [25.9383327268366, 39.284583515264, 0], [25.9471107265427, 39.2797235152115, 0], [25.9529717271992, 39.2794145152847, 0], [25.9651657263534, 39.288917516113, 0], [25.9710557266512, 39.2893325160668, 0], [25.975081727271, 39.2833595159822, 0], [25.9780267274199, 39.2821955157085, 0], [25.9874437266688, 39.2830005158741, 0], [26.0022217263634, 39.2886125153253, 0], [26.0046667263015, 39.2940825152431, 0], [26.014415726788, 39.2976375159821, 0], [26.0194167274377, 39.2971375153379, 0], [26.0258057268634, 39.2920565156502, 0], [26.0294717264168, 39.2913895156102, 0], [26.033721726938, 39.2906105159403, 0], [26.0366927272909, 39.2926405157248, 0], [26.0364717268268, 39.2967485155522, 0], [26.0418047274437, 39.2989995154329, 0], [26.0383047272387, 39.3019975161485, 0], [26.0421387270357, 39.3026385155153, 0], [26.0465277268888, 39.3009985153611, 0], [26.0505827271499, 39.2966115158788, 0], [26.062665726801, 39.2978895156219, 0], [26.0756657271994, 39.30119251611, 0], [26.0831107267044, 39.3079715156191, 0], [26.0934447267006, 39.310638515466, 0], [26.0979987273601, 39.3194995159245, 0], [26.1012497272721, 39.3206095160128, 0], [26.1082227263953, 39.3139145156542, 0], [26.1152227268053, 39.3108595154782, 0], [26.1273607275721, 39.315555515465, 0], [26.1404437263743, 39.3234175161073, 0], [26.1483607275317, 39.3242755159, 0], [26.1578327266258, 39.3253055160805, 0], [26.1744437267324, 39.3333885160956, 0], [26.1774997276547, 39.339305515574, 0], [26.1752217268774, 39.3441385160356, 0], [26.1708327270243, 39.3460005160676, 0], [26.1685557273298, 39.3508335153132, 0], [26.1751377273908, 39.3630825160896, 0], [26.1761397274371, 39.3649445161609, 0], [26.1744437267324, 39.3673625154657, 0], [26.1735547270843, 39.368636515946, 0], [26.1615557269198, 39.3735535153415, 0], [26.1607227269294, 39.3765565155113, 0], [26.1766657265816, 39.3786655157029, 0], [26.1820277268397, 39.3824995153118, 0], [26.1855557268736, 39.3824725160371, 0], [26.1908047267335, 39.3787495159207, 0], [26.2019997265489, 39.378387516202, 0], [26.2179997269416, 39.3850815162222, 0], [26.2333327266923, 39.3856125158689, 0], [26.2609157265253, 39.379138515319, 0], [26.3106377273418, 39.3769715160882, 0], [26.3200837275023, 39.3777765159586, 0], [26.3254157270364, 39.3800005161445, 0], [26.3332497272491, 39.389056515439, 0], [26.3391667275634, 39.3905825161812, 0], [26.3436387270906, 39.3939705155961, 0], [26.3468887271903, 39.3934705154453, 0], [26.3493877271613, 39.3854445161402, 0], [26.3528607273499, 39.3833345159489, 0], [26.3536947271526, 39.3794435162139, 0]]], [[[26.6277217054682, 39.3978614603538, 0], [26.6287777055475, 39.3935004607132, 0], [26.6370557050429, 39.3942794602363, 0], [26.6452217052228, 39.3905294605329, 0], [26.6681937049262, 39.3906394607779, 0], [26.6704997055324, 39.3885574609409, 0], [26.6668607047251, 39.3835824608094, 0], [26.6611937045162, 39.3804434606057, 0], [26.6552767054724, 39.3796114606674, 0], [26.6450267049628, 39.3825254609609, 0], [26.6282207045962, 39.3829454603982, 0], [26.625304705359, 39.3830254609865, 0], [26.6231377053551, 39.3777764609665, 0], [26.6345827052759, 39.3634444606018, 0], [26.6392777048921, 39.3624454602368, 0], [26.6452767050682, 39.3671684605547, 0], [26.649138704694, 39.36825146023, 0], [26.6535277045471, 39.3672784602969, 0], [26.6578617045548, 39.3635554601969, 0], [26.6550827050247, 39.3576384607772, 0], [26.6599157054308, 39.350722461119, 0], [26.6636937055701, 39.3479154602555, 0], [26.6739437048093, 39.345943460392, 0], [26.6865267046712, 39.3412204604511, 0], [26.6822217055751, 39.3350554605894, 0], [26.6633887056194, 39.3348614603776, 0], [26.6521397045006, 39.3320534608678, 0], [26.6418057045044, 39.3312754611102, 0], [26.6279997054025, 39.3317214611081, 0], [26.6227487046474, 39.3347504603941, 0], [26.6144447049479, 39.3451644608159, 0], [26.6167217046425, 39.3545264603866, 0], [26.6108887050852, 39.3566664603104, 0], [26.6091667054468, 39.3587484605104, 0], [26.6103897046868, 39.3608054605833, 0], [26.6186677054526, 39.3627504603907, 0], [26.6205267047982, 39.3659164603705, 0], [26.6180547048436, 39.3703604608642, 0], [26.6165557052941, 39.3730844611471, 0], [26.6190277052487, 39.378306460547, 0], [26.6185277050379, 39.3819724609894, 0], [26.6148337043853, 39.3881944605234, 0], [26.6056937052582, 39.3887784611033, 0], [26.603970704537, 39.3901934607812, 0], [26.6054987049982, 39.3924444603355, 0], [26.610526704394, 39.3937484607603, 0], [26.6171107053502, 39.3979984609702, 0], [26.6277217054682, 39.3978614603538, 0]]], [[[26.6023617052968, 39.3975294610902, 0], [26.5984437047429, 39.3930014605797, 0], [26.5926947046722, 39.3733894609949, 0], [26.589471704589, 39.3732214603259, 0], [26.5865547055394, 39.3750834611099, 0], [26.5864157049371, 39.3826364606651, 0], [26.578082704326, 39.3921394602918, 0], [26.5775827053856, 39.3958044602336, 0], [26.5805277055345, 39.396445460678, 0], [26.5890007052899, 39.3931384609226, 0], [26.5914987054486, 39.3995014603844, 0], [26.6006387045756, 39.3991384609467, 0], [26.6023617052968, 39.3975294610902, 0]]], [[[27.3501205259, 39.6127812028748, 0], [27.4166446967979, 39.4930986000537, 0], [27.5386056767774, 39.3817799490581, 0], [27.6051298476753, 39.2616994633941, 0], [27.7492655512875, 39.1843960435386, 0], [28.0375369585117, 39.0897985099974, 0], [28.325808365736, 39.0639771286824, 0], [28.6473418584092, 39.0381462990231, 0], [28.7914775620214, 39.0725853056918, 0], [29.0132247983477, 39.0725853056918, 0], [29.1795352255925, 39.0897985099974, 0], [29.3347582910209, 39.1414129204574, 0], [29.3569330146536, 39.029533923148, 0], [29.3569330146536, 38.8743317494589, 0], [29.3236709292046, 38.6928332842704, 0], [29.301496205572, 38.5021968791023, 0], [29.2349720346741, 38.3632344102401, 0], [29.2017099492251, 38.1978693395684, 0], [29.0353995219803, 38.0670520629671, 0], [28.8801764565519, 37.9797103413566, 0], [28.7914775620214, 37.9272553491006, 0], [28.6584292202255, 37.901013808722, 0], [28.536468240246, 37.8922645484999, 0], [28.4034198984502, 37.8134744200518, 0], [28.2592841948381, 37.7871923356405, 0], [28.0597116821444, 37.7433680838976, 0], [27.8823138930833, 37.7346001176279, 0], [27.7049161040222, 37.7082899884582, 0], [27.5718677622264, 37.664419010264, 0], [27.2165836239324, 37.5593197037599, 0], [27.2162777054755, 37.5611374594749, 0], [27.2099167058786, 37.5693054590453, 0], [27.2143327057482, 37.5731124591611, 0], [27.2138877053827, 37.5772514592151, 0], [27.2172777058971, 37.5847504584994, 0], [27.2168057055151, 37.5886374586332, 0], [27.2109997059744, 37.5967784594593, 0], [27.2035557050113, 37.5976104593225, 0], [27.1975837061221, 37.6002494591899, 0], [27.1866947060698, 37.6114724591432, 0], [27.1794447055545, 37.6100004589308, 0], [27.1739997056221, 37.610553459002, 0], [27.1678887061306, 37.6179994586482, 0], [27.161387706119, 37.6225004595017, 0], [27.1427497051529, 37.6246674595191, 0], [27.1392777060472, 37.626140459309, 0], [27.1196937059629, 37.6344984593931, 0], [27.1027767048229, 37.6366384587037, 0], [27.0897217058495, 37.6439704594197, 0], [27.0603617052623, 37.643832458783, 0], [27.040137705823, 37.6519734592184, 0], [27.0314997052612, 37.6528314594805, 0], [27.0225557049362, 37.6513594595103, 0], [27.0185827058073, 37.6539724588541, 0], [27.0209997059166, 37.6575844587046, 0], [27.0179157051653, 37.6615554590776, 0], [27.0087507056467, 37.6635284595598, 0], [27.0068047048365, 37.6660834589207, 0], [27.0085827054031, 37.6688604594584, 0], [27.010415705815, 37.6717484585931, 0], [27.0102787048374, 37.6770284593046, 0], [27.0139157047496, 37.6836124587204, 0], [27.0233327052688, 37.6910284585784, 0], [27.0282777049904, 37.6925274588096, 0], [27.0389177060201, 37.6921114589813, 0], [27.0476947059139, 37.686221459481, 0], [27.0531387060338, 37.6852224589339, 0], [27.074805705365, 37.6875834589275, 0], [27.0972497050287, 37.6867214588957, 0], [27.1428887057552, 37.6989704594427, 0], [27.1451657054498, 37.699584459321, 0], [27.1628057056191, 37.7013314589807, 0], [27.1903897052645, 37.7092774588325, 0], [27.2178057059367, 37.7195274592532, 0], [27.2300827060355, 37.7257224588052, 0], [27.239804705235, 37.7328604591788, 0], [27.2524447058374, 37.7502784593243, 0], [27.2608047051946, 37.7695844595186, 0], [27.2648617050805, 37.7798344590945, 0], [27.2710287055002, 37.8118054595555, 0], [27.2689437053581, 37.8191944590021, 0], [27.2655827057554, 37.8222234590134, 0], [27.2484167055928, 37.8276094591971, 0], [27.24330470544, 37.830695459373, 0], [27.2377777056459, 37.8432764594669, 0], [27.2368337061525, 37.8454704594283, 0], [27.2411667050774, 37.8460844588172, 0], [27.2444717050223, 37.8506124594056, 0], [27.2412487062096, 37.8584704590645, 0], [27.2422217053443, 37.8614154594237, 0], [27.2518617059525, 37.8658324595098, 0], [27.2604707056026, 37.8732214596577, 0], [27.2645277054885, 37.8829994592953, 0], [27.2639867053469, 37.884711459018, 0], [27.2616117049809, 37.8922224587875, 0], [27.2672497055485, 37.8969154588402, 0], [27.2700267054538, 37.9028314588773, 0], [27.2692777062204, 37.9067494592505, 0], [27.2610837062117, 37.912639459231, 0], [27.2611677056983, 37.9151644596641, 0], [27.2643047053996, 37.9233314588808, 0], [27.2675547054992, 37.9264984595938, 0], [27.2748337056559, 37.9279434591465, 0], [27.2772497059527, 37.9313314593679, 0], [27.2744997060639, 37.945609459691, 0], [27.2702217057139, 37.9564704596785, 0], [27.2738897048921, 37.9630544588834, 0], [27.2719437053523, 37.9662774597736, 0], [27.2688057058385, 37.9672774591977, 0], [27.26124970556, 37.9660254596771, 0], [27.2573047049896, 37.9697754592499, 0], [27.2507497062155, 37.9820554592646, 0], [27.2438887051374, 37.9847214592361, 0], [27.2382217061989, 37.98938745927, 0], [27.2257787054814, 37.9891924592526, 0], [27.2160837050278, 37.9937204594595, 0], [27.1921117049029, 37.9946394598575, 0], [27.1704997054171, 37.988166459342, 0], [27.161832705214, 37.9876394593239, 0], [27.1497497055629, 37.9901654597048, 0], [27.1424157055609, 37.9866364591023, 0], [27.1379167060172, 37.9915274592405, 0], [27.1236107054341, 37.9963604592958, 0], [27.1125827047794, 38.0055274597554, 0], [27.1061937053537, 38.0148044596411, 0], [27.0968057057461, 38.0206944591491, 0], [27.0881667053719, 38.0222204592859, 0], [27.0829157058872, 38.0204994593071, 0], [27.07830570557, 38.0214994593941, 0], [27.0732227050585, 38.0259434590225, 0], [27.0682217056792, 38.0370554592348, 0], [27.0674987053795, 38.0386384592202, 0], [27.0544717049646, 38.0487204598136, 0], [27.0453337054623, 38.0539434598542, 0], [27.0151937051054, 38.0627204592176, 0], [26.9799727051321, 38.0775254589934, 0], [26.9712217054424, 38.0756104595736, 0], [26.9553597058396, 38.0784144597123, 0], [26.9213047056363, 38.0711934589903, 0], [26.9052507052106, 38.0659704598204, 0], [26.8969987046489, 38.0608324594626, 0], [26.883721705399, 38.0500564592346, 0], [26.8808327049079, 38.0393324594514, 0], [26.8769717050944, 38.035251459541, 0], [26.8728887050044, 38.034167459202, 0], [26.8706107054975, 38.0360564599442, 0], [26.8696667047337, 38.0440824597162, 0], [26.8680837056976, 38.0457224597864, 0], [26.8617777046756, 38.0522494592327, 0], [26.8599717055506, 38.0616674593221, 0], [26.8558057057864, 38.0671954596995, 0], [26.8487777055476, 38.0764994595702, 0], [26.8533057047326, 38.0849144599755, 0], [26.8517487046301, 38.0918044597173, 0], [26.852887705654, 38.1025844596738, 0], [26.8478597049878, 38.1175834595924, 0], [26.8464157052837, 38.1219174591359, 0], [26.8427507055427, 38.1247214598357, 0], [26.8384717053802, 38.1279974597384, 0], [26.8373887052845, 38.1321364594855, 0], [26.8255267048271, 38.1438064593561, 0], [26.8233597048233, 38.1506954596907, 0], [26.8252217048764, 38.156333459573, 0], [26.8255557057388, 38.1573324593268, 0], [26.8251377053898, 38.1601364599047, 0], [26.8248057054226, 38.1623604594516, 0], [26.8182767055821, 38.1675254597001, 0], [26.8015557045146, 38.1719164591369, 0], [26.7925827045484, 38.1720534598759, 0], [26.7820277053584, 38.167167460029, 0], [26.7785837048112, 38.1685824597328, 0], [26.774083705455, 38.1858594600356, 0], [26.7745837056658, 38.1954724596955, 0], [26.7773057057258, 38.1995544596076, 0], [26.780221704963, 38.200194459509, 0], [26.791415704966, 38.1951934600433, 0], [26.7921657052822, 38.202972459109, 0], [26.7901937055384, 38.2053064595715, 0], [26.7806657055161, 38.2075264592149, 0], [26.7661667055681, 38.2194174595903, 0], [26.75930570449, 38.2229724593739, 0], [26.7546387047027, 38.2225834592733, 0], [26.7507497050604, 38.2176094599302, 0], [26.7373887050535, 38.217109459642, 0], [26.7353057045362, 38.214862459706, 0], [26.7361107046977, 38.211417459084, 0], [26.7345827055069, 38.2089154596512, 0], [26.7233617054874, 38.212306459781, 0], [26.7123047051915, 38.2124434594279, 0], [26.7056667054728, 38.2125544600166, 0], [26.7004447056294, 38.2119444597714, 0], [26.6933327046335, 38.2056384592621, 0], [26.6892507056264, 38.2047764598622, 0], [26.6875547049216, 38.20641645987, 0], [26.688777705432, 38.209834459636, 0], [26.6873887055732, 38.2123594597333, 0], [26.6833607053285, 38.2131114597755, 0], [26.6730837048025, 38.2084424600426, 0], [26.6537227048071, 38.2114974600686, 0], [26.6481107044436, 38.2067484594895, 0], [26.6454997051571, 38.2063324592091, 0], [26.6394727051522, 38.2091674593885, 0], [26.636249705069, 38.2076104594962, 0], [26.6393597047539, 38.2041394592101, 0], [26.6348607052102, 38.1980014593132, 0], [26.6326097044493, 38.1620554599937, 0], [26.6314717045082, 38.1584434594686, 0], [26.6273327047605, 38.1454154599109, 0], [26.6211397054072, 38.140693459854, 0], [26.6096377047459, 38.1454424598056, 0], [26.6047497044944, 38.146194459408, 0], [26.6041387047806, 38.1450534591361, 0], [26.6120547048552, 38.135776459494, 0], [26.6162487044482, 38.1155544592568, 0], [26.6141107053559, 38.1105534595697, 0], [26.606193705469, 38.1067504597267, 0], [26.5981387047922, 38.1084704597263, 0], [26.5923327052513, 38.1081114594882, 0], [26.5897217046944, 38.1085814597742, 0], [26.586638705026, 38.112750459368, 0], [26.5798607048925, 38.1353064593645, 0], [26.5768887047272, 38.139415459619, 0], [26.575639705283, 38.1411094592905, 0], [26.5685007055411, 38.1448584599643, 0], [26.5667227049746, 38.1302214599195, 0], [26.5619157047725, 38.1218064593667, 0], [26.5572487049852, 38.1200554594811, 0], [26.5532487045694, 38.1235274590173, 0], [26.5448607053834, 38.1236644597196, 0], [26.5458597047221, 38.1302794592117, 0], [26.5429987053302, 38.1316944591796, 0], [26.5359987049202, 38.1292754590651, 0], [26.5337217052257, 38.1309164600702, 0], [26.5313337047577, 38.1417234599135, 0], [26.5210837055185, 38.1512484599162, 0], [26.5232217046107, 38.1555554594362, 0], [26.5124437053318, 38.1678614600294, 0], [26.516000705007, 38.1710274596756, 0], [26.5194717043003, 38.1705014592352, 0], [26.5209707051202, 38.1730264600331, 0], [26.5188327047576, 38.1800534596941, 0], [26.5185277048069, 38.1810564594379, 0], [26.5215277048011, 38.1858324591291, 0], [26.5213047047122, 38.1894984595755, 0], [26.5184167053038, 38.19047145944, 0], [26.5149167050988, 38.1886664592155, 0], [26.5106657047653, 38.1793324596222, 0], [26.5066107045042, 38.1800834596409, 0], [26.5032207052602, 38.1840284593617, 0], [26.4907227046974, 38.1834974599689, 0], [26.4879167051508, 38.1874154592378, 0], [26.4912217050957, 38.1933324598913, 0], [26.4894997041869, 38.1947514594656, 0], [26.4821947050966, 38.1909444599833, 0], [26.4729177049921, 38.1919704593219, 0], [26.4625837049959, 38.1969184593066, 0], [26.4614717052589, 38.1996954597415, 0], [26.464499705082, 38.2060544595155, 0], [26.462222704117, 38.2079154599524, 0], [26.4584157043365, 38.2059164595461, 0], [26.4552497049939, 38.20641645987, 0], [26.4512787042194, 38.2121954598123, 0], [26.4414997042793, 38.2162204597257, 0], [26.4441947043228, 38.2196114598372, 0], [26.4424987048884, 38.2221674596786, 0], [26.4368057044755, 38.2242234592411, 0], [26.4332767046292, 38.2254714595315, 0], [26.4245827044097, 38.225833459114, 0], [26.4227767052846, 38.2230834598705, 0], [26.4326107050701, 38.2060004596888, 0], [26.4293327051416, 38.2023884598679, 0], [26.4250277047751, 38.2040554599149, 0], [26.4211117051163, 38.2118864595474, 0], [26.4170547052304, 38.2110284590949, 0], [26.3953057047671, 38.227778459706, 0], [26.3921947052698, 38.2319444593504, 0], [26.3947217050697, 38.2426944591857, 0], [26.4002487048639, 38.2433044600293, 0], [26.4026387049567, 38.2460284601561, 0], [26.4027207048184, 38.250388459806, 0], [26.3985267052254, 38.259139459372, 0], [26.3910827042624, 38.2644994601325, 0], [26.3850267046162, 38.2664184592643, 0], [26.3840557051063, 38.2609174595177, 0], [26.3885837042913, 38.2549164594461, 0], [26.3876107051567, 38.2501104598382, 0], [26.3725277042409, 38.2349424596495, 0], [26.3698877053132, 38.2333864593288, 0], [26.3481387048498, 38.2329444591481, 0], [26.3422777041933, 38.2300254599387, 0], [26.3194997049375, 38.2390284594714, 0], [26.3152217045875, 38.2420534600858, 0], [26.303027704163, 38.2586934599454, 0], [26.2834167053326, 38.2717204601603, 0], [26.2809447041076, 38.2733604598857, 0], [26.2719987041579, 38.2764434593327, 0], [26.261554704471, 38.2765844600387, 0], [26.2454717044042, 38.2698894592348, 0], [26.2405547045114, 38.2708624594098, 0], [26.2342487047599, 38.275970460057, 0], [26.2328887045423, 38.2807764593441, 0], [26.2350557045461, 38.2892494600919, 0], [26.2331657046641, 38.2972784600779, 0], [26.2349447050431, 38.299777459901, 0], [26.2416107045907, 38.2981104596082, 0], [26.2428047041895, 38.3001394592835, 0], [26.2474167041315, 38.2989424595678, 0], [26.2525267046595, 38.2918044593956, 0], [26.2551117050123, 38.2908584594996, 0], [26.261554704471, 38.2937504596005, 0], [26.270249704503, 38.2929724600277, 0], [26.2796667050222, 38.2999724600214, 0], [26.2827217048618, 38.308166459777, 0], [26.2823327041541, 38.3120264593708, 0], [26.2817227042527, 38.3178054592272, 0], [26.284778705175, 38.3267204599334, 0], [26.2862777047245, 38.3280554592281, 0], [26.2900277050349, 38.3268884600013, 0], [26.2931667043611, 38.3234174598496, 0], [26.2998617048203, 38.3251644600207, 0], [26.3033327041137, 38.3235274597537, 0], [26.3053887046145, 38.3260264601536, 0], [26.2976667049876, 38.332053459308, 0], [26.2894727049788, 38.3458894600484, 0], [26.2837767051287, 38.3519164598917, 0], [26.2871667043726, 38.3626664594434, 0], [26.284778705175, 38.3759724596034, 0], [26.2859987049779, 38.3791654597069, 0], [26.2911947046172, 38.376109459342, 0], [26.2968327051849, 38.366195459519, 0], [26.3034167048707, 38.3610834599266, 0], [26.3065827042133, 38.3603624597253, 0], [26.3092777042568, 38.3646924601282, 0], [26.3093887050303, 38.3704184593467, 0], [26.3174167044203, 38.3794704599868, 0], [26.3202777050826, 38.3776084600335, 0], [26.3223897052411, 38.3656654598733, 0], [26.3306937049405, 38.3596114597308, 0], [26.3309437050459, 38.3573334602123, 0], [26.327109705249, 38.3541674593247, 0], [26.3264707044359, 38.3504974594466, 0], [26.321221704576, 38.3501124598671, 0], [26.3173327049337, 38.3439704599097, 0], [26.324138704896, 38.3338044596391, 0], [26.3348057046718, 38.3298064594931, 0], [26.3388877049493, 38.3301924599306, 0], [26.3444997053129, 38.3358604592127, 0], [26.3468337044776, 38.3353874596051, 0], [26.3487217047348, 38.3280294598753, 0], [26.3552777045917, 38.3217504596787, 0], [26.3696937048655, 38.3156394600352, 0], [26.3726937048597, 38.3156924594076, 0], [26.3824727047998, 38.3159174593587, 0], [26.3854157053239, 38.3177214596805, 0], [26.389804705177, 38.3353034595057, 0], [26.3869167044982, 38.3506924596561, 0], [26.3895837047129, 38.3538624599907, 0], [26.3924447053752, 38.3520004596572, 0], [26.3928597050166, 38.3433034601681, 0], [26.3957497053201, 38.34141545984, 0], [26.4004167051075, 38.3422774599766, 0], [26.4038327045555, 38.3392484592424, 0], [26.3984447053636, 38.3310844595152, 0], [26.3995547042054, 38.3287764591846, 0], [26.4050827050824, 38.3284714595641, 0], [26.4159447051182, 38.334525459201, 0], [26.4235287052256, 38.3355824596384, 0], [26.4218617054325, 38.3401944597619, 0], [26.4382777052789, 38.347083459967, 0], [26.4427777046351, 38.3476674593795, 0], [26.4446657048923, 38.3479154599576, 0], [26.4520277047231, 38.3523894601708, 0], [26.474750705404, 38.3690564602423, 0], [26.4827497051527, 38.377444459701, 0], [26.4833887046954, 38.3801644596259, 0], [26.4785557042893, 38.385276459744, 0], [26.4783897049409, 38.3919174597163, 0], [26.4805557051324, 38.3983034595376, 0], [26.4781107051942, 38.4061384601485, 0], [26.4744167045416, 38.4112204597051, 0], [26.4683337048789, 38.4124444595089, 0], [26.4636667050916, 38.4115824597894, 0], [26.4593327050838, 38.4132494596488, 0], [26.4617207042814, 38.4159734601157, 0], [26.4658337050955, 38.4172774602517, 0], [26.4545837054347, 38.4220004597443, 0], [26.4497217053873, 38.4261924597293, 0], [26.4529717042165, 38.42935945977, 0], [26.4613607044854, 38.4277224596423, 0], [26.4654447043877, 38.4269174595428, 0], [26.4721657050511, 38.4293324597922, 0], [26.4767777049931, 38.4267494596971, 0], [26.4838327052484, 38.4159164599827, 0], [26.4848057043831, 38.4069434598563, 0], [26.4890837047331, 38.4029994599151, 0], [26.496360705265, 38.4026944593028, 0], [26.5004727049962, 38.4051394596297, 0], [26.505944704945, 38.416305459315, 0], [26.5124167053154, 38.4198874602166, 0], [26.511054705473, 38.4242514595233, 0], [26.5160557048523, 38.4280814600375, 0], [26.5153057045361, 38.4331394595159, 0], [26.4727497047485, 38.4600294595526, 0], [26.4716397046363, 38.4607234596126, 0], [26.445388705192, 38.4723044596532, 0], [26.4260007051802, 38.4784994601302, 0], [26.4225007049752, 38.4780844596096, 0], [26.4177777042597, 38.4735564603548, 0], [26.4165287048156, 38.4692224594715, 0], [26.4181667049674, 38.4641684597451, 0], [26.4151937049897, 38.4605284596023, 0], [26.4081667045632, 38.4581104600469, 0], [26.405415704862, 38.4514994597063, 0], [26.4004167051075, 38.4488064593165, 0], [26.3960547052708, 38.4486384596599, 0], [26.3934727043552, 38.4509424596521, 0], [26.3941937050301, 38.4587514596186, 0], [26.3925837047071, 38.4660834595342, 0], [26.4009717051636, 38.4781374603699, 0], [26.4077777051259, 38.4851684595578, 0], [26.4125557044163, 38.4901114595765, 0], [26.413527705009, 38.4946934597292, 0], [26.4041117043021, 38.5046644597061, 0], [26.3994707047189, 38.5067784595545, 0], [26.3936667048029, 38.5068624603076, 0], [26.3941117051683, 38.5146364600904, 0], [26.3904167047032, 38.52016746, 0], [26.3864167042875, 38.52341845977, 0], [26.3774167043048, 38.5260534597859, 0], [26.3728617051033, 38.531386459539, 0], [26.3723597052678, 38.5348314598517, 0], [26.3761937050647, 38.5370554603411, 0], [26.3827227049052, 38.5289724599709, 0], [26.3848317043562, 38.5321654600353, 0], [26.3814997043948, 38.5406684596847, 0], [26.3637767045512, 38.5695834599027, 0], [26.3588887042998, 38.5775824599319, 0], [26.3578047043916, 38.5819434601924, 0], [26.361554704702, 38.5965534601891, 0], [26.3563327048586, 38.6124454600679, 0], [26.3559167041344, 38.6222754600869, 0], [26.3590827047474, 38.6348604601536, 0], [26.355555704526, 38.6502494596565, 0], [26.3595007050964, 38.6577484602804, 0], [26.3666107051971, 38.6629174598867, 0], [26.399527704189, 38.67166446005, 0], [26.4011937054401, 38.6721374601903, 0], [26.4076937043689, 38.6752504603681, 0], [26.4156947050128, 38.6822504601743, 0], [26.4229997053735, 38.6819144602999, 0], [26.4344997051397, 38.6744454597358, 0], [26.4385827052297, 38.6734994600501, 0], [26.4456117052809, 38.6743044604108, 0], [26.4589997053043, 38.6729994601044, 0], [26.4674717052473, 38.6731104598682, 0], [26.4721657050511, 38.6755824598427, 0], [26.4749157049399, 38.6754454597383, 0], [26.4785817044933, 38.6752504603681, 0], [26.5101947054662, 38.6512484601831, 0], [26.5218617043931, 38.651332459822, 0], [26.5261667047596, 38.647609460406, 0], [26.5225557050515, 38.6421654600058, 0], [26.5230557052623, 38.6387214595047, 0], [26.5506107052664, 38.6035264604512, 0], [26.5540827043722, 38.6023324597241, 0], [26.5608057046603, 38.6033894595499, 0], [26.5636937053391, 38.6024434597687, 0], [26.5671117044119, 38.5984984600947, 0], [26.5655557053922, 38.5932494596781, 0], [26.5668327046652, 38.5909724597694, 0], [26.5706117046169, 38.5842514600756, 0], [26.5722217049398, 38.564750460056, 0], [26.5747507043646, 38.5596954603774, 0], [26.6014437047371, 38.5419154597382, 0], [26.6068317051993, 38.5349424598772, 0], [26.612611704536, 38.5325844600606, 0], [26.6213337045845, 38.5320014598472, 0], [26.627110704484, 38.5300824594329, 0], [26.6281107049056, 38.522277460355, 0], [26.6314447044917, 38.5156094596702, 0], [26.6369167044406, 38.5132214600935, 0], [26.6380267045528, 38.5104704594279, 0], [26.6363887044009, 38.50177745958, 0], [26.6383607054152, 38.4924734599432, 0], [26.6419157054655, 38.4758064602058, 0], [26.6408877052151, 38.4691954594848, 0], [26.6349717047132, 38.4646944597003, 0], [26.6273057047441, 38.4728314595237, 0], [26.6194717045313, 38.4747504602173, 0], [26.5987487046936, 38.4720834598125, 0], [26.593194704883, 38.4700844594406, 0], [26.5933337054853, 38.4636644594796, 0], [26.6057487051036, 38.4589154595143, 0], [26.6068607048406, 38.4561644593426, 0], [26.6031947052872, 38.4486384596599, 0], [26.6033607046356, 38.4426954602291, 0], [26.6002767051548, 38.4351654595074, 0], [26.5923607050802, 38.4316094599272, 0], [26.5908337044314, 38.4284434602313, 0], [26.5936657054525, 38.4235564597736, 0], [26.6002217053094, 38.4193604597885, 0], [26.6043047053994, 38.4195284599004, 0], [26.6102217044432, 38.4235834599203, 0], [26.614804704744, 38.4212224596013, 0], [26.6178047047382, 38.4117774596524, 0], [26.6286387049452, 38.40155346005, 0], [26.6297227048533, 38.3978614599215, 0], [26.6281387047344, 38.3926384601742, 0], [26.631526705624, 38.3884424601199, 0], [26.6336937056278, 38.3808584595784, 0], [26.6455837046437, 38.3793064598916, 0], [26.6512507048525, 38.3602214594834, 0], [26.6466387049105, 38.3483614601298, 0], [26.6521657047047, 38.3366124598709, 0], [26.6581667045055, 38.331943459388, 0], [26.6690827045743, 38.3262784595323, 0], [26.6726667055363, 38.3182214595826, 0], [26.6781387054851, 38.3158334596181, 0], [26.6862507056321, 38.3148034591113, 0], [26.6961667052794, 38.3160284594361, 0], [26.7000007050763, 38.3189424596798, 0], [26.7027227051363, 38.3241954598095, 0], [26.7028617044682, 38.3292234601682, 0], [26.6965007048713, 38.3433034601681, 0], [26.6924987048308, 38.3465534598874, 0], [26.6759717054813, 38.3477204602413, 0], [26.678082704557, 38.3508864600638, 0], [26.677583705429, 38.353026459603, 0], [26.6767497056263, 38.3566394597707, 0], [26.6785277049224, 38.3586654597857, 0], [26.6828877051343, 38.3581654599918, 0], [26.6882777052213, 38.353026459603, 0], [26.6918327052716, 38.3554984601504, 0], [26.6774157051854, 38.3861954602242, 0], [26.6796397046594, 38.3946374600486, 0], [26.6838607055393, 38.4009704599068, 0], [26.6873887055732, 38.4155844599911, 0], [26.7075817044761, 38.4333874597156, 0], [26.7111107055928, 38.4347224593497, 0], [26.7159727056401, 38.4309724597333, 0], [26.7208877046377, 38.4297484593609, 0], [26.7229437051385, 38.4308624598588, 0], [26.7217767055561, 38.4349704600828, 0], [26.7236667054382, 38.4368054593161, 0], [26.7291657054034, 38.4358324593594, 0], [26.7311377051472, 38.4334974597241, 0], [26.7306667045777, 38.4257234601559, 0], [26.7353057045362, 38.4242774601518, 0], [26.7374167048823, 38.4272224594309, 0], [26.7403047055611, 38.4273864593244, 0], [26.7414437053146, 38.4260284601102, 0], [26.7396947056597, 38.4129714596201, 0], [26.7433337051966, 38.407195459385, 0], [26.7536387055516, 38.4003904598016, 0], [26.7547487056638, 38.398555459321, 0], [26.7529447048931, 38.3953624598969, 0], [26.7551937047588, 38.392112459863, 0], [26.7643337051562, 38.3858064601459, 0], [26.7636107048565, 38.3803054598553, 0], [26.7698897045916, 38.3744734598747, 0], [26.7749177052578, 38.3659434595324, 0], [26.7778047048538, 38.3651954598912, 0], [26.7819437046015, 38.3678894601184, 0], [26.7894437052222, 38.3778604602328, 0], [26.7931937055326, 38.37688746012, 0], [26.7940007053189, 38.3745834599432, 0], [26.7930277049138, 38.3726384600539, 0], [26.7891387052715, 38.3650274600007, 0], [26.7908057050646, 38.3622504592191, 0], [26.8128337052746, 38.3596114597308, 0], [26.8226657054352, 38.3693044602724, 0], [26.8443047049375, 38.3744734598747, 0], [26.9084167058237, 38.3807484600874, 0], [26.9281667052563, 38.3847234599381, 0], [26.9578057055902, 38.3906934597913, 0], [26.982694705192, 38.3976094597103, 0], [27.0051117048393, 38.4095834596074, 0], [27.0212497060219, 38.4148054600418, 0], [27.0404447053985, 38.4140274600523, 0], [27.0513057056219, 38.4184144597557, 0], [27.0533047053822, 38.4167784597577, 0], [27.0482217048707, 38.4115824597894, 0], [27.0498887059342, 38.4090264596717, 0], [27.0608877056772, 38.4072494599519, 0], [27.0612767051145, 38.4079704598203, 0], [27.0618057049665, 38.4090534602716, 0], [27.0576377055776, 38.4155534593384, 0], [27.0603327056211, 38.4180254598347, 0], [27.0724447049134, 38.4042774593852, 0], [27.0776117049115, 38.4016684596033, 0], [27.0801657059983, 38.4017214597514, 0], [27.0845827056803, 38.4017784601303, 0], [27.1008337059907, 38.4104154598564, 0], [27.1166377050405, 38.4138064598824, 0], [27.1257777054379, 38.4188874593299, 0], [27.1306667055018, 38.4266124593619, 0], [27.1401667056953, 38.4328344597395, 0], [27.1436667059003, 38.4437784594892, 0], [27.1466937059109, 38.4478334599415, 0], [27.1626397050003, 38.445472459496, 0], [27.1658897050999, 38.4470284592029, 0], [27.1682777055679, 38.4499734598161, 0], [27.1684167048998, 38.4543034600516, 0], [27.1655827055244, 38.4571104602532, 0], [27.1637497051125, 38.4638054599442, 0], [27.159194705911, 38.4675554596511, 0], [27.1536937050505, 38.4683334598299, 0], [27.1484167053618, 38.4668344598024, 0], [27.1374717056518, 38.4663044598596, 0], [27.1347217057629, 38.4661674599897, 0], [27.1281107047902, 38.4591934597595, 0], [27.1193047052552, 38.4570534597608, 0], [27.1133327050956, 38.4514424597553, 0], [27.1089437052425, 38.450358460199, 0], [27.1009447054938, 38.4560004601567, 0], [27.0952487056436, 38.4583624601281, 0], [27.0888607047599, 38.4610284599236, 0], [27.079194705218, 38.468555459863, 0], [27.0756107055264, 38.4656364594433, 0], [27.0752217048187, 38.4615284597632, 0], [27.0713877050218, 38.4601934595272, 0], [27.0667497048757, 38.4605284596023, 0], [27.062499705625, 38.4649424599029, 0], [27.0467777051665, 38.4652214594846, 0], [27.0182227047408, 38.4634164598561, 0], [27.011722705812, 38.4596404599903, 0], [27.0052507054417, 38.4594154600735, 0], [26.9991947057955, 38.4591934597595, 0], [26.9926397057509, 38.4538034598765, 0], [26.9850267047319, 38.4520834598738, 0], [26.9784997057866, 38.4469444593439, 0], [26.9762777059374, 38.4405554594693, 0], [26.9729727047221, 38.4365004600995, 0], [26.97005470586, 38.435859459892, 0], [26.9689447057478, 38.43860945996, 0], [26.9726937049754, 38.4477224599593, 0], [26.9719157048304, 38.4516364595788, 0], [26.9607767046727, 38.4481654599358, 0], [26.9591387057913, 38.4417754596798, 0], [26.9544447047171, 38.4395554601665, 0], [26.9479157048766, 38.4458614598316, 0], [26.9406947052729, 38.448028459443, 0], [26.9376387056209, 38.4540284593892, 0], [26.9272497057794, 38.4569734598315, 0], [26.9236387048009, 38.4636644594796, 0], [26.9226377058374, 38.4698594602752, 0], [26.9172497053752, 38.47522345969, 0], [26.9076387056787, 38.4839164596421, 0], [26.9061657050628, 38.4852484600332, 0], [26.9038887053683, 38.487140460107, 0], [26.8956107046025, 38.4936934601496, 0], [26.882165705109, 38.503970460088, 0], [26.8738607055971, 38.5089144596312, 0], [26.8649727049299, 38.5116114601071, 0], [26.8458327053987, 38.517386459664, 0], [26.8317217050756, 38.5238034595765, 0], [26.8223057056392, 38.5317494598233, 0], [26.8167227049169, 38.5419154597382, 0], [26.8182767055821, 38.5462484601537, 0], [26.8229707053859, 38.5473054598328, 0], [26.8302497055426, 38.5354994598271, 0], [26.8373887052845, 38.5289724599709, 0], [26.8759987046893, 38.5130264599367, 0], [26.8838327049021, 38.5119704596097, 0], [26.8879997057491, 38.5151094601894, 0], [26.8869437056698, 38.5194734597105, 0], [26.8838327049021, 38.5229714594505, 0], [26.878999704496, 38.5283044600173, 0], [26.8829167052375, 38.5328324601783, 0], [26.8803617056088, 38.5356404598637, 0], [26.8699167048391, 38.5371664599161, 0], [26.8631927047385, 38.535914459525, 0], [26.8589727049415, 38.5423884594136, 0], [26.8538057049433, 38.5447494595233, 0], [26.8469707053397, 38.5512764595947, 0], [26.8397217046368, 38.5530014602415, 0], [26.8357217054914, 38.5560564594672, 0], [26.8369447047315, 38.5580824598794, 0], [26.8427767057467, 38.5586654602942, 0], [26.8455007054315, 38.5625264597607, 0], [26.8477227052807, 38.581054459577, 0], [26.845527705448, 38.5868064599304, 0], [26.8507497052914, 38.59816745966, 0], [26.8462507057477, 38.6046674602835, 0], [26.8352777049384, 38.60805446042, 0], [26.8336107051452, 38.607886459872, 0], [26.8291397054304, 38.6074714597337, 0], [26.8198887055299, 38.5993614601783, 0], [26.8105277046684, 38.5976674602035, 0], [26.8043057056738, 38.5934174597385, 0], [26.7993337046654, 38.5932764598207, 0], [26.7973607051091, 38.5955844598502, 0], [26.7965277051188, 38.5981404603641, 0], [26.7976667048723, 38.6001654597943, 0], [26.8005007055181, 38.605388459978, 0], [26.7982767047737, 38.6097784603085, 0], [26.7792217045415, 38.6171684602207, 0], [26.7779447052685, 38.6130554596958, 0], [26.7591107055004, 38.6177214600095, 0], [26.7566947052035, 38.6266664596895, 0], [26.7573887045915, 38.6307784593947, 0], [26.7603607047569, 38.6332774597231, 0], [26.7714997049146, 38.6360814602543, 0], [26.7736107052607, 38.6383314596813, 0], [26.770499704493, 38.6422764599355, 0], [26.7652487050083, 38.6423604601702, 0], [26.749970705103, 38.6384734596388, 0], [26.7446117055524, 38.6454154596218, 0], [26.7353317047403, 38.6487494603577, 0], [26.7398047053504, 38.6518894603091, 0], [26.7383877056626, 38.6544454597347, 0], [26.7322767049007, 38.6545294595933, 0], [26.7314717047392, 38.6542204595928, 0], [26.7237217052835, 38.6512214600303, 0], [26.7229177049344, 38.6533044600846, 0], [26.7264997050012, 38.6573594598376, 0], [26.7332777051347, 38.6600264597221, 0], [26.7353897052932, 38.6627234600383, 0], [26.7345827055069, 38.6659424604729, 0], [26.7369987045334, 38.6691084601503, 0], [26.742471705565, 38.665832460382, 0], [26.7474987051484, 38.6689714605504, 0], [26.7532497048439, 38.6658894601977, 0], [26.7550557052393, 38.6683874603509, 0], [26.7540837046466, 38.6759714604763, 0], [26.7503597045403, 38.678527460305, 0], [26.7451107046804, 38.6793054601754, 0], [26.7354157054973, 38.676944459614, 0], [26.7345827055069, 38.6787794601361, 0], [26.7396387047316, 38.6828034596524, 0], [26.7397207045933, 38.6860274596139, 0], [26.7334997054112, 38.6936674598108, 0], [26.7331387045323, 38.7037764595737, 0], [26.729583704482, 38.7143584604299, 0], [26.7308617048378, 38.7186924596648, 0], [26.7301667056374, 38.7267224604211, 0], [26.742970704693, 38.737056460082, 0], [26.7437227046339, 38.7434454597375, 0], [26.7646387051069, 38.7387764602098, 0], [26.7688057046835, 38.7421684597926, 0], [26.7723057048885, 38.7421104605045, 0], [26.7733897047966, 38.7381934598957, 0], [26.7856937049118, 38.7396124600954, 0], [26.7899717052619, 38.7477754604586, 0], [26.8081657056749, 38.7509454604191, 0], [26.8167227049169, 38.7551644599805, 0], [26.8198597046182, 38.7635834604678, 0], [26.8283057056276, 38.7620844599712, 0], [26.8343327056325, 38.7583044596564, 0], [26.8368607052449, 38.7543904596514, 0], [26.836165704774, 38.7500564601134, 0], [26.8381387056007, 38.7465814597452, 0], [26.8398057053938, 38.7468604603031, 0], [26.8428327054045, 38.7474174604039, 0], [26.8529167052953, 38.7536654599773, 0], [26.8573057051484, 38.7533604596425, 0], [26.8863047048567, 38.73366546041, 0], [26.8921387054967, 38.7338064596709, 0], [26.8998597053112, 38.7387234603779, 0], [26.9035547057763, 38.7461924596939, 0], [26.8999177045937, 38.7522234595846, 0], [26.9043877057666, 38.7558054605283, 0], [26.9086947057579, 38.763999460057, 0], [26.9055817053654, 38.7676924598939, 0], [26.909694704909, 38.7690004598556, 0], [26.9221107056101, 38.7626104603951, 0], [26.9331107051655, 38.759223459969, 0], [26.9350547050805, 38.7604704598182, 0], [26.9372767049296, 38.7619164600923, 0], [26.9400267048185, 38.7664444600024, 0], [26.9398607054701, 38.7673604601619, 0], [26.9392507055687, 38.7705834599525, 0], [26.9388887048774, 38.7709724598037, 0], [26.9344157055377, 38.775916459854, 0], [26.9375547048639, 38.7841104602312, 0], [26.9365007056798, 38.7885014602227, 0], [26.9335557055309, 38.7876124604018, 0], [26.9287777049701, 38.7828894603759, 0], [26.9243597054758, 38.7822754597325, 0], [26.9223607057155, 38.783473460298, 0], [26.9091947046983, 38.8061094606696, 0], [26.8976667051033, 38.8122474604256, 0], [26.8946377054678, 38.8191674602824, 0], [26.8971117050472, 38.8244164602146, 0], [26.9003047056767, 38.8243594601241, 0], [26.9109987054689, 38.8186944601645, 0], [26.9148057052494, 38.8193054597541, 0], [26.9207497055801, 38.8224174599399, 0], [26.9264447056179, 38.8287234599675, 0], [26.9391667048117, 38.8344154598681, 0], [26.942721704862, 38.8360284601385, 0], [26.9474157059362, 38.8357234597575, 0], [26.949361705476, 38.832248459859, 0], [26.9433877056916, 38.8165544597963, 0], [26.9469167055378, 38.8061674604105, 0], [26.9535827050854, 38.8037794597883, 0], [26.9629437046766, 38.804305460622, 0], [26.9688607049908, 38.8069454598115, 0], [26.9769437054966, 38.8139144603443, 0], [26.9809167058959, 38.8207204605402, 0], [26.9810557052278, 38.8255264598609, 0], [26.979083705484, 38.828082460615, 0], [26.9642217050324, 38.8306114599515, 0], [26.963971704927, 38.8324734598633, 0], [26.9678607058397, 38.8356094598246, 0], [26.9697487048265, 38.8403884604282, 0], [26.9676377057508, 38.8488874603298, 0], [26.9688607049908, 38.8509444601501, 0], [26.9721107050904, 38.8522484599995, 0], [26.974889705891, 38.8466944604845, 0], [26.977193705602, 38.8455274604971, 0], [26.9799727051321, 38.8502764599205, 0], [26.9834727053371, 38.8506654601506, 0], [26.9863607047454, 38.8490294597069, 0], [26.9870827052327, 38.8535834604616, 0], [26.9894707057007, 38.855834460478, 0], [27.0048617047339, 38.8626664605075, 0], [27.0094167052058, 38.8687774597591, 0], [27.0116667048839, 38.8702504601136, 0], [27.0168607048985, 38.8736944604588, 0], [27.0248337057135, 38.8758314600172, 0], [27.0268057054573, 38.8733054605869, 0], [27.0201657048434, 38.8658594597107, 0], [27.0212227060055, 38.8612514596845, 0], [27.0246107056246, 38.857528460168, 0], [27.03016670506, 38.8567504604303, 0], [27.0361117052031, 38.860305460644, 0], [27.038278705207, 38.8650814601176, 0], [27.0466667056635, 38.8713604599531, 0], [27.0519447051646, 38.8717224606452, 0], [27.0571377053668, 38.8691094598283, 0], [27.0603617052623, 38.8701934601378, 0], [27.0619157059276, 38.8726954606577, 0], [27.0599987060291, 38.8777494603244, 0], [27.0609437053349, 38.8804734598825, 0], [27.0653607050169, 38.8810844601307, 0], [27.063193705013, 38.8868594605394, 0], [27.0645267052141, 38.8930274606985, 0], [27.0628337052169, 38.8953314607336, 0], [27.0467487055253, 38.8956104604652, 0], [27.0404167055696, 38.8993864606803, 0], [27.045443705153, 38.9018324607476, 0], [27.0462777049558, 38.9055824598686, 0], [27.047471705825, 38.9109454599453, 0], [27.0531117060174, 38.9135814606887, 0], [27.0543877054779, 38.9176934606404, 0], [27.050887705273, 38.9285274604153, 0], [27.0528047051714, 38.9348904598681, 0], [27.052083705767, 38.9404174607185, 0], [27.048360705473, 38.9427794601221, 0], [27.0413337050466, 38.9435844597784, 0], [27.0333607055019, 38.9411924603969, 0], [27.0302767060211, 38.9348334603755, 0], [27.0187777047969, 38.9322774603847, 0], [27.0076677055509, 38.9223894605867, 0], [27.007609704998, 38.9198874607721, 0], [27.0113597053084, 38.9186664606666, 0], [27.0178597055076, 38.9203864601086, 0], [27.01922170535, 38.916694459804, 0], [27.016833704882, 38.915359460518, 0], [27.0063057057085, 38.9148594600854, 0], [26.9981377059038, 38.91683146054, 0], [26.9868887047851, 38.9225264602114, 0], [26.9696097054946, 38.9335814601054, 0], [26.9661387049309, 38.9352484597078, 0], [26.9636117051309, 38.9394144607087, 0], [26.9648607058455, 38.9416954599211, 0], [26.9742507050779, 38.9476124599081, 0], [26.974387704785, 38.9476924601928, 0], [26.9745267053873, 38.9476924601928, 0], [26.9745557050286, 38.9476924601928, 0], [26.9796387055401, 38.9471664603711, 0], [26.9836667057847, 38.9448044599019, 0], [26.986083705894, 38.9474974606991, 0], [26.9821947049813, 38.9497214603252, 0], [26.9774437057073, 38.9524454601845, 0], [26.9760837054897, 38.955916460213, 0], [26.971665704725, 38.9555274602643, 0], [26.9546947048224, 38.9424164599972, 0], [26.9525277048186, 38.9407494599272, 0], [26.9478047053735, 38.9389984600622, 0], [26.9387227055291, 38.9396094606966, 0], [26.9360007054691, 38.9357484607379, 0], [26.9405267050293, 38.9295004601141, 0], [26.9361107051597, 38.9291114604809, 0], [26.9287217053124, 38.937945459901, 0], [26.9249727048144, 38.9400554603454, 0], [26.9164707054177, 38.9394984603436, 0], [26.9036937051082, 38.9346114603548, 0], [26.8969437048036, 38.9320254602269, 0], [26.8918057057172, 38.9257234604254, 0], [26.8859437052482, 38.9253614601588, 0], [26.8816657048982, 38.9180824606109, 0], [26.8555557056811, 38.9162214607061, 0], [26.8518327053871, 38.9188034605607, 0], [26.8580837052934, 38.9237514599949, 0], [26.8524717049298, 38.9325294606355, 0], [26.8367207048301, 38.935081460209, 0], [26.8244987045767, 38.939166460218, 0], [26.8196387054245, 38.943358460713, 0], [26.8169987052263, 38.9546124602662, 0], [26.8070557055627, 38.955916460213, 0], [26.8021947053277, 38.96055545986, 0], [26.8017497049622, 38.9654424603432, 0], [26.7996667057154, 38.9883034599236, 0], [26.8019997050676, 38.9997214601235, 0], [26.8069987048221, 39.0124734602236, 0], [26.8175557049072, 39.0246654602029, 0], [26.8147217055318, 39.0281364604668, 0], [26.8069987048221, 39.0241394605671, 0], [26.8026097049691, 39.0246654602029, 0], [26.8001937046722, 39.0336374605642, 0], [26.8011107054195, 39.0354454602117, 0], [26.8055547051179, 39.0369984604212, 0], [26.8091947057377, 39.0419724607681, 0], [26.831527704628, 39.0441394608451, 0], [26.8414727051869, 39.0509444600965, 0], [26.8449437057506, 39.0533064608435, 0], [26.8762487047947, 39.0676374601009, 0], [26.8817497056552, 39.0701364599032, 0], [26.8836667055537, 39.0713614605399, 0], [26.8880267057655, 39.0741384608055, 0], [26.8888337055518, 39.0775564606458, 0], [26.8893887056079, 39.0799704607803, 0], [26.8893887056079, 39.0800014602576, 0], [26.8899987055093, 39.0825834606173, 0], [26.8884157052028, 39.0897214608295, 0], [26.8733877054028, 39.109859460357, 0], [26.859305704721, 39.1217764608644, 0], [26.8464997047702, 39.1382214609643, 0], [26.8394997056306, 39.1442484602453, 0], [26.8324167055465, 39.1503594602689, 0], [26.8084157057803, 39.1646954602061, 0], [26.7978897049612, 39.1673884602036, 0], [26.7750277049485, 39.1688604602498, 0], [26.7691937055788, 39.170775460488, 0], [26.766643705012, 39.174556460738, 0], [26.7615277056096, 39.1821394606245, 0], [26.7430837050912, 39.1966094605045, 0], [26.7299727051897, 39.2137214606577, 0], [26.7291657054034, 39.2167204606493, 0], [26.7325287046309, 39.2216944602319, 0], [26.7353897052932, 39.2193864604881, 0], [26.7381377055572, 39.2106394603761, 0], [26.7410827044358, 39.2110554602931, 0], [26.7426397045382, 39.2146944607112, 0], [26.7378057055901, 39.2344434608504, 0], [26.7350827057177, 39.2434154602909, 0], [26.7282767044849, 39.2533604604938, 0], [26.7237777049412, 39.2569994602532, 0], [26.7181657045777, 39.2615274604182, 0], [26.7056387056439, 39.2667494602901, 0], [26.6883887047243, 39.2706374610366, 0], [26.6534727047017, 39.2741384603217, 0], [26.6431097050643, 39.2717504607176, 0], [26.637250705303, 39.2725294606758, 0], [26.6340827050651, 39.2755544601028, 0], [26.615582704889, 39.2762794600945, 0], [26.6118047047498, 39.2783884605821, 0], [26.6106947046376, 39.281360460845, 0], [26.6128327050002, 39.2852204606247, 0], [26.6209157055059, 39.2913054605103, 0], [26.6243897055068, 39.3019974601137, 0], [26.6246387045294, 39.3071664604313, 0], [26.6249157046513, 39.3125264602983, 0], [26.6502227046021, 39.3250004605802, 0], [26.6610277051678, 39.3214144607615, 0], [26.6538327044978, 39.3155554604239, 0], [26.6530277056067, 39.3071094605515, 0], [26.6518327049251, 39.3061934602358, 0], [26.6454717053282, 39.3104164610358, 0], [26.641221704807, 39.3054424604155, 0], [26.6368877047993, 39.3082504608131, 0], [26.6338877048051, 39.3059994605686, 0], [26.6322777044821, 39.2993884604374, 0], [26.6336667056114, 39.2959174606329, 0], [26.6413057055641, 39.2958334601262, 0], [26.64813770446, 39.2984724603341, 0], [26.6539987051166, 39.2979164600884, 0], [26.6599997049174, 39.2902784600927, 0], [26.666972705311, 39.2860824607724, 0], [26.6716667051148, 39.2855564608603, 0], [26.6741097054281, 39.2888064609212, 0], [26.6746937051255, 39.2896114608144, 0], [26.6718877055789, 39.2951654607957, 0], [26.661693704727, 39.3001094602862, 0], [26.6615277053786, 39.3049154607092, 0], [26.6636657044708, 39.3080824607907, 0], [26.6738047054774, 39.3148034602409, 0], [26.6835557055886, 39.3160284608185, 0], [26.6901107056332, 39.3198314606841, 0], [26.6980547055366, 39.3375014609707, 0], [26.6984997046316, 39.3384704610459, 0], [26.7014707049846, 39.3424714609511, 0], [26.7030557049159, 39.3445814610293, 0], [26.7154997054458, 39.3476104611533, 0], [26.7256657051984, 39.3545564606733, 0], [26.7360287048359, 39.3571654608892, 0], [26.7399727055939, 39.3612204604843, 0], [26.7464157050526, 39.3606674606972, 0], [26.7580547054211, 39.3661954602645, 0], [26.7667497054531, 39.3736374608227, 0], [26.78030570572, 39.3736374608227, 0], [26.7848047052638, 39.3770294606768, 0], [26.7897217051565, 39.3851654606059, 0], [26.8008327054853, 39.393943460871, 0], [26.8105557057677, 39.4052234603026, 0], [26.8094157049314, 39.4075274603596, 0], [26.8035827053741, 39.4099154608575, 0], [26.8036937048772, 39.4144704603859, 0], [26.8067777056284, 39.4199444605946, 0], [26.7997487055772, 39.4333034604424, 0], [26.8016107056303, 39.4367214609777, 0], [26.8105277046684, 39.4402494610911, 0], [26.8256947050707, 39.433139461214, 0], [26.8336387049741, 39.4328034606799, 0], [26.8353057047672, 39.4340544610595, 0], [26.8447487054906, 39.4413064603847, 0], [26.8521387051503, 39.441638461162, 0], [26.8575287052373, 39.4449994606244, 0], [26.8594167054945, 39.4495544608861, 0], [26.8564167055003, 39.4596664603813, 0], [26.8606107050933, 39.4739984605858, 0], [26.8586937051948, 39.479526460806, 0], [26.8628617045838, 39.4813034607196, 0], [26.8807507050461, 39.476890460676, 0], [26.8919717050655, 39.4776374610927, 0], [26.9236947057291, 39.4839704609419, 0], [26.9305547057243, 39.4868314608413, 0], [26.9401947050621, 39.4939994603609, 0], [26.9365007056798, 39.49977846071, 0], [26.935805705209, 39.5066674609911, 0], [26.9414997054344, 39.5321954604435, 0], [26.9453887050767, 39.5444984610267, 0], [26.9471397056268, 39.5446924611295, 0], [26.9515837053252, 39.5448334608437, 0], [26.9558887056916, 39.5516394606048, 0], [26.9525277048186, 39.5581084609715, 0], [26.9373337056702, 39.5752784611101, 0], [26.9259717054236, 39.5811954608133, 0], [26.8805267051447, 39.5826104612541, 0], [26.8718047050963, 39.5765834608153, 0], [26.8675267047463, 39.5706934608486, 0], [26.8600267053959, 39.5660014604273, 0], [26.8505287048273, 39.5645554608328, 0], [26.846639705185, 39.5623314610967, 0], [26.839749705736, 39.5585554612384, 0], [26.8339035637909, 39.5595921065101, 0], [26.9842375859615, 39.6554749402521, 0], [27.2835963550021, 39.6981423239158, 0], [27.3501205259, 39.6127812028748, 0]]]]}}, {"type": "Feature", "properties": {"place_id": "397443RArm", "name": "Armenia"}, "geometry": {"type": "Polygon", "coordinates": [[[38.3843223206724, 40.9187282484567, 0], [38.4153076185853, 40.7898274174284, 0], [38.5372685985648, 40.6469699206933, 0], [38.6037927694627, 40.5122358562318, 0], [38.9364136239522, 40.2504168516273, 0], [39.2246850311764, 40.1233651139155, 0], [39.5683932474823, 40.0470198759853, 0], [40.045149805584, 40.0215524395282, 0], [40.3888580218898, 40.0045688654394, 0], [40.8323524945425, 39.8345007691303, 0], [41.198235434481, 39.6896109558353, 0], [41.4643321180727, 39.6810785333697, 0], [41.6971667162153, 39.6810785333697, 0], [42.173923274317, 39.8600379066303, 0], [42.5952430233371, 39.9875810653703, 0], [43.7594160140504, 39.9790855807313, 0], [44.1918231248869, 39.953592789062, 0], [44.3913956375806, 39.8855655442469, 0], [44.5355313411927, 39.8089541332866, 0], [44.5811596425291, 39.7528498092899, 0], [44.7572785775191, 39.5358660880337, 0], [44.9346763665802, 39.3046090147612, 0], [45.0788120701923, 39.0036904984898, 0], [44.9790258138454, 38.9605971379698, 0], [44.8459774720496, 38.8915932160044, 0], [44.5909681502743, 38.7793187424875, 0], [44.4411804906445, 38.6900021575317, 0], [44.3735086049828, 38.653018197109, 0], [44.3361063014633, 38.623803182782, 0], [44.3361057551872, 38.6238027559976, 0], [44.3193710959454, 38.6107274238968, 0], [44.2652335869079, 38.5260710543218, 0], [44.1772601356748, 38.4519149395566, 0], [44.1501913811561, 38.3882918316914, 0], [44.0554507409757, 38.2927521390168, 0], [43.9268741573293, 38.2396201023134, 0], [43.8321335158786, 38.2130395128946, 0], [43.7306256867509, 38.181129984787, 0], [43.5614459719617, 38.1332394804679, 0], [43.4667053317813, 38.1119447173277, 0], [43.2772240501502, 38.0959695686979, 0], [43.0809755808422, 38.1012950063511, 0], [42.9794677517145, 38.1066200559002, 0], [42.8644255446923, 38.1172689896163, 0], [42.7493833389405, 38.1598491987881, 0], [42.6343411331887, 38.1917680481476, 0], [42.4786957950236, 38.1917680481476, 0], [42.3606929427575, 38.1950921237184, 0], [42.2549556213318, 38.1784702267107, 0], [42.1597920312865, 38.1452150545185, 0], [42.0752021738918, 38.1285817814041, 0], [41.9800385838465, 38.0786592174466, 0], [41.8531537971193, 38.0203731241208, 0], [41.8002851364065, 37.9286869601644, 0], [41.7897114037557, 37.8368863191936, 0], [41.8087441222729, 37.7382821045507, 0], [41.8290456878444, 37.7008114788611, 0], [41.8696488202577, 37.6847468380425, 0], [41.8696488202577, 37.6740351444149, 0], [41.8019769333257, 37.6526071166333, 0], [41.7546066132355, 37.64724914298, 0], [41.700469104198, 37.64724914298, 0], [41.5854268984462, 37.6418907827819, 0], [41.470384691424, 37.6311729038337, 0], [41.3621096746195, 37.6311729038337, 0], [41.2132315241312, 37.6311729038337, 0], [41.1320252618454, 37.6204534779285, 0], [41.0169830548232, 37.5936481526437, 0], [40.6022897371715, 37.5947205507989, 0], [40.1865136684244, 37.7044523134497, 0], [39.8573576148995, 37.8003345462905, 0], [39.4242575438702, 37.8960924782486, 0], [39.181721504297, 37.9780716896789, 0], [39.1643975020148, 38.1281293034279, 0], [39.3382196163788, 38.1933382648887, 0], [39.3878909977225, 38.2602300851926, 0], [39.4588501128387, 38.3493234569447, 0], [39.5298092292254, 38.393829097232, 0], [39.4801378478818, 38.477203374441, 0], [39.4091787314951, 38.4660923670805, 0], [39.3311237051213, 38.4494226473958, 0], [39.2175891199189, 38.4438652172135, 0], [39.238876854962, 38.5160784137159, 0], [39.1466300048026, 38.5382833018125, 0], [39.075670888416, 38.5882192439267, 0], [38.9976158620421, 38.5660297753876, 0], [38.9124649231404, 38.5660297753876, 0], [38.8273139842386, 38.5826725186662, 0], [38.798930337938, 38.6381204820692, 0], [38.651335377429, 38.650534950888, 0], [38.6259674930953, 38.736089103644, 0], [38.7811905585237, 38.8225221920519, 0], [38.8074590769172, 38.8169404511376, 0], [38.8698894530543, 38.9433524502001, 0], [38.9142389003196, 39.1070075142448, 0], [38.7035790258095, 39.1758015201313, 0], [38.2600845531568, 39.3303421264974, 0], [37.9385510604836, 39.5444164259465, 0], [37.672454376892, 39.902578690855, 0], [37.4839692260146, 40.3349857645094, 0], [37.4839692260146, 40.4869430137401, 0], [37.4950565878309, 40.739442132274, 0], [37.4950565878309, 40.8485619648669, 0], [37.5299719767864, 41.0209994207102, 0], [37.5420267149042, 41.0191114623005, 0], [37.5466957155868, 41.0198324618335, 0], [37.5565837154051, 41.024581461843, 0], [37.5728337146328, 41.0258594619051, 0], [37.5806117151878, 41.0301394620426, 0], [37.5875287146532, 41.0306934627492, 0], [37.5986667149985, 41.0420264627523, 0], [37.6117787147124, 41.0479434621041, 0], [37.6143077154075, 41.0503614622811, 0], [37.6201667151688, 41.0706104624613, 0], [37.6351397151235, 41.0830264618458, 0], [37.6433907146025, 41.0938334621403, 0], [37.6504177150289, 41.1030274619775, 0], [37.6571117156758, 41.1171114621515, 0], [37.6605567147651, 41.1193614618919, 0], [37.6688617155473, 41.1213604622188, 0], [37.6721647158675, 41.1254154626487, 0], [37.6789707158298, 41.1273344625344, 0], [37.6874427157728, 41.1348614619296, 0], [37.6893617152961, 41.1335834620994, 0], [37.6870267150487, 41.1288874627247, 0], [37.6882517151839, 41.1252784626304, 0], [37.6963617157061, 41.1224444624622, 0], [37.7016947150526, 41.1165004621431, 0], [37.7142217152567, 41.111831462094, 0], [37.7218897148507, 41.1105844618544, 0], [37.7296947154222, 41.115081462612, 0], [37.73558471572, 41.113529462286, 0], [37.7458877151797, 41.1135554619498, 0], [37.7561947151595, 41.1170274625972, 0], [37.7568317150773, 41.1170544619871, 0], [37.7637477160008, 41.1171684622664, 0], [37.7695847148076, 41.1128614624598, 0], [37.7733607153221, 41.1119464621045, 0], [37.7738037147923, 41.1119464621045, 0], [37.7828067154826, 41.1141664625706, 0], [37.7879977147895, 41.1134984625262, 0], [37.7907487157612, 41.1095004619642, 0], [37.7891657154547, 41.0995564623379, 0], [37.783221715124, 41.0905574620291, 0], [37.7847517152099, 41.0830574625844, 0], [37.7777217153463, 41.0765574625924, 0], [37.775722715586, 41.0677224626678, 0], [37.7794147153434, 41.0598334624998, 0], [37.7838057148213, 41.0504454618241, 0], [37.7862507160299, 41.0480534625381, 0], [37.7887497160009, 41.045639462036, 0], [37.8030017152807, 41.0380554624756, 0], [37.8039167151328, 41.0305294621435, 0], [37.8039707151657, 41.0304454620958, 0], [37.8063317156173, 41.0267484625881, 0], [37.8073887155089, 41.0261384623595, 0], [37.8075297157361, 41.0260544624604, 0], [37.8114167157536, 41.0237774622696, 0], [37.8244437148981, 41.0200274620236, 0], [37.86061071526, 41.0141374622804, 0], [37.8690837150155, 41.0104174621328, 0], [37.8750577160703, 41.0038074618963, 0], [37.877692715936, 40.9907494620851, 0], [37.8779987156991, 40.9892234621761, 0], [37.8780827151857, 40.9888034621527, 0], [37.8785287153636, 40.9885294618052, 0], [37.8803597148803, 40.9873614617549, 0], [37.883834715964, 40.9851684623481, 0], [37.893138716085, 40.9821664624345, 0], [37.919276715131, 40.9842794625358, 0], [37.9381677156397, 40.9823874616437, 0], [37.9552767150617, 40.980194461789, 0], [37.9663617151865, 40.9813884623335, 0], [37.9765017160055, 40.9791104622067, 0], [38.0003047160744, 40.9801674618087, 0], [38.0266117151764, 40.9718624619259, 0], [38.0275837157691, 40.9715534617874, 0], [38.0381927149919, 40.9713324617693, 0], [38.0472487159027, 40.9673884626223, 0], [38.055194715431, 40.9656674619783, 0], [38.0569987162016, 40.9653324618537, 0], [38.0590817154485, 40.9649424624157, 0], [38.0876657155154, 40.9598044619612, 0], [38.1055567156025, 40.9598884618885, 0], [38.1161007155856, 40.9541394617236, 0], [38.117221716175, 40.9535294619539, 0], [38.1255567151406, 40.9513624618379, 0], [38.1451377157876, 40.9519994624449, 0], [38.1538617154608, 40.9485014622925, 0], [38.1651387151381, 40.9473874625608, 0], [38.1727487154495, 40.9426654623355, 0], [38.1820567160905, 40.9394154625415, 0], [38.2011377152564, 40.9347224618931, 0], [38.2195277157418, 40.9353064625887, 0], [38.2384987152171, 40.9358904619606, 0], [38.2666127157973, 40.9437484619439, 0], [38.2732507155161, 40.9435534625624, 0], [38.2786407156031, 40.9405284624409, 0], [38.2789727155703, 40.9403874621099, 0], [38.2853047155259, 40.9440844621256, 0], [38.2899707155008, 40.9422224619978, 0], [38.2982487162666, 40.9322514622714, 0], [38.3089717157001, 40.9301684619826, 0], [38.3196377156635, 40.9207764620667, 0], [38.3311957159826, 40.9155274624237, 0], [38.3402477163734, 40.9154734623439, 0], [38.354945715831, 40.9087484616958, 0], [38.3621937154512, 40.9085844620676, 0], [38.3699987160227, 40.9091374623253, 0], [38.3841097163457, 40.9186664617751, 0], [38.3843223206724, 40.9187282484567, 0]], [[44.4896127220301, 39.630138460832, 0], [44.475497721187, 39.606224461084, 0], [44.4489707214333, 39.5754734610853, 0], [44.4754987209994, 39.606224461084, 0], [44.4896127220301, 39.630138460832, 0], [44.4916387218068, 39.6463054607728, 0], [44.4854437215583, 39.6753614609812, 0], [44.484943834414, 39.6777229305225, 0], [44.4849437213475, 39.6777224611938, 0], [44.4854427217459, 39.6753614609812, 0], [44.4916377219944, 39.6463054607728, 0], [44.4896127220301, 39.630138460832, 0]], [[44.4354167220615, 39.5453604607685, 0], [44.4430847216555, 39.5237504605048, 0], [44.4354177218739, 39.5453604607685, 0], [44.4361957220189, 39.5606654607489, 0], [44.4354167220615, 39.5453604607685, 0]], [[44.4533877211152, 39.5015564605479, 0], [44.4530780867101, 39.4970597392543, 0], [44.453388722198, 39.5015564605479, 0], [44.4523047210195, 39.5073314608128, 0], [44.4533877211152, 39.5015564605479, 0]], [[44.4326667221727, 39.4673614608348, 0], [44.4396397212958, 39.4485284609635, 0], [44.4402237209932, 39.4435004607866, 0], [44.4396407211082, 39.4485284609635, 0], [44.4326667221727, 39.4673614608348, 0], [44.4333617213731, 39.4730564604291, 0], [44.4507487219998, 39.4934154609867, 0], [44.4333607215607, 39.4730564604291, 0], [44.4326667221727, 39.4673614608348, 0]], [[44.4319157220441, 39.417915460487, 0], [44.4240567214397, 39.4101944605903, 0], [44.4236677220024, 39.4098054605786, 0], [44.4240577212521, 39.4101944605903, 0], [44.4319157220441, 39.417915460487, 0]], [[44.2243040621156, 39.4102783865383, 0], [44.2243037216459, 39.4102784611356, 0], [44.1927797217624, 39.4067234603566, 0], [44.2243040621156, 39.4102783865383, 0]], [[44.3961677218436, 39.4065554604158, 0], [44.3726117211724, 39.3976934606637, 0], [44.3530277210881, 39.3875004608365, 0], [44.3726127209848, 39.3976934606637, 0], [44.3961677218436, 39.4065554604158, 0]], [[44.1578907217563, 39.3929714610994, 0], [44.1700827212857, 39.3986934606625, 0], [44.1747517206978, 39.4023894605368, 0], [44.1700817214733, 39.3986934606625, 0], [44.1578907217563, 39.3929714610994, 0], [44.1546398082322, 39.3791388275892, 0], [44.1546407216567, 39.3791394609674, 0], [44.1578907217563, 39.3929714610994, 0]], [[44.0475967216476, 39.3769184608941, 0], [44.0492517211511, 39.3795544609188, 0], [44.0475962211062, 39.3769184608941, 0], [44.0472797214073, 39.37641546026, 0], [44.0475967216476, 39.3769184608941, 0]], [[44.0677497217024, 39.3868604602343, 0], [44.0700267213969, 39.3904154611491, 0], [44.0677492389467, 39.3868602697509, 0], [44.0677497217024, 39.3868604602343, 0]], [[44.0683327215874, 39.400806460779, 0], [44.069805430009, 39.4053035698304, 0], [44.0698047211204, 39.4053034608713, 0], [44.0683327215874, 39.400806460779, 0]], [[44.0757797207172, 39.4062234603243, 0], [44.0758868746902, 39.4062262598491, 0], [44.0757787209048, 39.4062234603243, 0], [44.0748594219864, 39.4060818888338, 0], [44.0757797207172, 39.4062234603243, 0]], [[44.050777720717, 39.3572764606397, 0], [44.0514187211549, 39.3566934607242, 0], [44.050777720717, 39.3572774606101, 0], [44.0472797214073, 39.3668064606979, 0], [44.0472797214073, 39.366805460864, 0], [44.050777720717, 39.3572764606397, 0]], [[44.096168720963, 39.2923044609886, 0], [44.1089707216641, 39.2897494603726, 0], [44.096168720963, 39.2923054609052, 0], [44.0879447215005, 39.2974434601571, 0], [44.096168720963, 39.2923044609886, 0]], [[44.0981107212531, 39.2542224601179, 0], [44.1012767218661, 39.24861146017, 0], [44.0981107174419, 39.254223460578, 0], [44.0981107212531, 39.2542224601179, 0]], [[44.2015007219985, 39.150527460962, 0], [44.218387721144, 39.1386374609121, 0], [44.2014997209156, 39.1505284609297, 0], [44.1926657215518, 39.1547774605623, 0], [44.2015007219985, 39.150527460962, 0]], [[44.2081947213749, 39.1136094607343, 0], [44.2275547215579, 39.0993344605486, 0], [44.2081957211873, 39.1136094607343, 0], [44.1960567218785, 39.1168324600286, 0], [44.2081947213749, 39.1136094607343, 0]], [[44.1846397217866, 38.9880824598064, 0], [44.1923393774484, 38.9833636725435, 0], [44.1846397217866, 38.9880834601033, 0], [44.1815267213941, 38.9941674600346, 0], [44.1846397217866, 38.9880824598064, 0]], [[44.1935277211834, 38.9579424598453, 0], [44.2057497214368, 38.9560854605437, 0], [44.1935277211834, 38.9579434605681, 0], [44.191307720959, 38.959861460557, 0], [44.1935277211834, 38.9579424598453, 0]], [[44.2140277209322, 38.918998459889, 0], [44.2189178351453, 38.915474099653, 0], [44.2189177208084, 38.9154744604454, 0], [44.2140277209322, 38.918998459889, 0]], [[44.2538077218974, 38.8596644598664, 0], [44.2545028595724, 38.8581949825809, 0], [44.2538077218974, 38.8596654599971, 0], [44.2456937208552, 38.8768044601523, 0], [44.2538077218974, 38.8596644598664, 0]], [[44.3160287218187, 38.6360544603404, 0], [44.3325277213393, 38.6289714594951, 0], [44.3160287218187, 38.636055459639, 0], [44.3078679557266, 38.6384753321441, 0], [44.3160287218187, 38.6360544603404, 0]]]}}, {"type": "Feature", "properties": {"place_id": "405295RBit", "name": "Bithynia"}, "geometry": {"type": "Polygon", "coordinates": [[[33.2264222885485, 40.9491287387993, 0], [33.0046750522221, 40.9742465390218, 0], [32.7829278158958, 40.9658750010774, 0], [32.5279184941205, 40.9072444978964, 0], [32.2729091723452, 40.8904833683854, 0], [32.0622492978351, 40.8904833683854, 0], [31.6631042724477, 40.9407540145539, 0], [31.1752603525297, 40.9240013800715, 0], [30.3880576635711, 40.8821012109907, 0], [30.1219609799795, 40.8821012109907, 0], [29.8447769345715, 41.007722068478, 0], [29.545418165531, 41.0495425768032, 0], [29.3074941754458, 40.9932797679585, 0], [29.1393003201482, 41.2117803952611, 0], [29.1414167070312, 41.2163314623326, 0], [29.1519717074916, 41.2187764625872, 0], [29.1533047076927, 41.2190814619663, 0], [29.1571097078484, 41.224750462172, 0], [29.1656107074327, 41.2252764626476, 0], [29.1724167073951, 41.2292514623563, 0], [29.1775837073932, 41.2303044624786, 0], [29.1838607075035, 41.2274434625488, 0], [29.1995827079619, 41.2273594619765, 0], [29.2090547070561, 41.2292204628443, 0], [29.2202217070426, 41.2280844622357, 0], [29.2221107071123, 41.2308044622465, 0], [29.2189447077696, 41.2354424625146, 0], [29.2214447075531, 41.2374454626991, 0], [29.2507227070081, 41.2345844619148, 0], [29.2556667069172, 41.2396924626957, 0], [29.2569997071184, 41.2410844620464, 0], [29.2603047070633, 41.2407754623707, 0], [29.2662217073776, 41.2367774623721, 0], [29.307387707494, 41.2276954626626, 0], [29.3657777070555, 41.2179984621885, 0], [29.3997777074136, 41.2202484622268, 0], [29.4142777071739, 41.2146674628165, 0], [29.4212777075839, 41.2119704623492, 0], [29.4692777074915, 41.200862462152, 0], [29.5125557077665, 41.1927794625505, 0], [29.5316937076729, 41.1873054626952, 0], [29.5713617080522, 41.1797484627225, 0], [29.5731107077071, 41.1783594625386, 0], [29.5966397070915, 41.1768874623792, 0], [29.6073057083252, 41.1784704628515, 0], [29.6119987083166, 41.1751664625899, 0], [29.6153887075606, 41.1762234620821, 0], [29.6192777072029, 41.1825554621098, 0], [29.6281387078536, 41.1848594622996, 0], [29.6466097083885, 41.1775274619401, 0], [29.6795007071763, 41.1684984627813, 0], [29.693805707947, 41.1704444620125, 0], [29.7082787076909, 41.169417462811, 0], [29.7135277075508, 41.164470462091, 0], [29.7189447076543, 41.1641114624013, 0], [29.722638708307, 41.162055462761, 0], [29.7301937075027, 41.1578894626528, 0], [29.7377217079523, 41.1574704622897, 0], [29.7615827073038, 41.1635284618507, 0], [29.7839447083761, 41.162723461985, 0], [29.7970557082777, 41.1582794626111, 0], [29.8042767078814, 41.1574164623266, 0], [29.8256107074329, 41.1472504628556, 0], [29.8491117082588, 41.1452784622493, 0], [29.8624607079761, 41.1467124625381, 0], [29.8749447086245, 41.1480554623878, 0], [29.8848317086304, 41.1457214620142, 0], [29.8946107085706, 41.1482234623081, 0], [29.9591937074854, 41.1446644622136, 0], [29.9695827085974, 41.1471404619619, 0], [29.9790547076915, 41.1425544622253, 0], [29.9917217083104, 41.1417494621309, 0], [29.9999997078058, 41.1433334626686, 0], [30.0106387077527, 41.1453624619941, 0], [30.0111387079635, 41.1451674621482, 0], [30.0228327081772, 41.1408874621678, 0], [30.0293617080177, 41.1446104622252, 0], [30.0447497076138, 41.1437484625558, 0], [30.0566667079165, 41.1463884624933, 0], [30.0775827083895, 41.1409984628163, 0], [30.0850557077234, 41.1453624619941, 0], [30.0990277087145, 41.1465834625349, 0], [30.104609708354, 41.1436644626569, 0], [30.1154167085445, 41.1481664623834, 0], [30.1403057081464, 41.1497764625543, 0], [30.1542217082094, 41.1434164622822, 0], [30.1612777082771, 41.145499462167, 0], [30.175750708021, 41.1505844625284, 0], [30.1804157081835, 41.153415462215, 0], [30.1821937087501, 41.1584164625755, 0], [30.1843337087375, 41.1592784626169, 0], [30.1886387078336, 41.1545554623771, 0], [30.1919727086902, 41.1546934620535, 0], [30.2002217085443, 41.1622504621128, 0], [30.197444708639, 41.1669154623292, 0], [30.215110707742, 41.1693604621883, 0], [30.2204167083424, 41.1669154623292, 0], [30.2250557083009, 41.1688604623514, 0], [30.2286107083512, 41.1728894621475, 0], [30.2240827078958, 41.1791944626202, 0], [30.2264437083473, 41.1839444622238, 0], [30.2341667077866, 41.1811934619386, 0], [30.2376377083504, 41.1843064624918, 0], [30.2329157087177, 41.1922224628551, 0], [30.2354157085012, 41.1939734628468, 0], [30.2471387083562, 41.1922484619201, 0], [30.2594997079416, 41.1971664625929, 0], [30.2728327081196, 41.2155564622553, 0], [30.2768327085354, 41.2165824626728, 0], [30.2822227086224, 41.2152784627262, 0], [30.2966117088797, 41.2063594619209, 0], [30.3150827081442, 41.2067214625028, 0], [30.3240827081268, 41.2050814624389, 0], [30.3311937080399, 41.2076374622482, 0], [30.3338597084421, 41.2068594622185, 0], [30.3343617082777, 41.2062754619854, 0], [30.3378617084827, 41.2021674625004, 0], [30.3458607082314, 41.1984704622089, 0], [30.3522217090987, 41.1989704625633, 0], [30.3590827089064, 41.1909704622057, 0], [30.3738877086175, 41.18458146238, 0], [30.4134447082233, 41.1716644627496, 0], [30.4258797079008, 41.1696549620031, 0], [30.4326667088867, 41.1685564625669, 0], [30.4806377091531, 41.1537784624368, 0], [30.4921667085605, 41.150196462003, 0], [30.5461387086277, 41.1464164619462, 0], [30.5711937088484, 41.1403354622033, 0], [30.5833607092565, 41.1413354627724, 0], [30.5901947090477, 41.1390574628215, 0], [30.6152227092519, 41.1375284623071, 0], [30.628083709048, 41.1352774626768, 0], [30.6434437088152, 41.1365854625305, 0], [30.6462777081906, 41.1360554626195, 0], [30.6482217081056, 41.1330264623486, 0], [30.6531097083571, 41.1335564618546, 0], [30.6588607093229, 41.1335834620994, 0], [30.7034437086997, 41.1149184620068, 0], [30.7210007091949, 41.1097494625581, 0], [30.7538047090589, 41.0916674621942, 0], [30.7776387083939, 41.0910844619865, 0], [30.8032487086707, 41.0864184624333, 0], [30.8039717089704, 41.0863044623871, 0], [30.8604997084788, 41.0815854619746, 0], [30.9421937089813, 41.0775574619995, 0], [30.9549867088301, 41.0786934625272, 0], [30.9640557085725, 41.0794984623568, 0], [30.9685557091991, 41.0786664626868, 0], [30.987666709089, 41.0793604625117, 0], [30.9906677088957, 41.0794714618894, 0], [31.0023057094517, 41.0771944623705, 0], [31.0259167086978, 41.0823054621662, 0], [31.064695709429, 41.0836374621226, 0], [31.1031667095019, 41.0941124625866, 0], [31.1370567088989, 41.099250462038, 0], [31.1494717097876, 41.0994724623412, 0], [31.2067227095957, 41.1009714617144, 0], [31.2228887093367, 41.1028904621363, 0], [31.2332497093494, 41.1040844625467, 0], [31.2724167097056, 41.1154174624883, 0], [31.290527709174, 41.1190564621266, 0], [31.3078617095802, 41.1250264624646, 0], [31.3178887100009, 41.1301384624359, 0], [31.3265837100328, 41.1375844620693, 0], [31.3388747087756, 41.1433754628435, 0], [31.3400267099015, 41.1439174627325, 0], [31.3506107100031, 41.1616094620771, 0], [31.357749709745, 41.1684454626684, 0], [31.3769437093092, 41.1791384620626, 0], [31.3842217096534, 41.1877784623821, 0], [31.3880007096051, 41.1945004621952, 0], [31.4032787095105, 41.204887462277, 0], [31.4112227094139, 41.2148894624709, 0], [31.4135837098654, 41.2225834628449, 0], [31.412137709266, 41.2279164626303, 0], [31.4063897090077, 41.2324984625577, 0], [31.4046937095734, 41.2387504622089, 0], [31.4060837092446, 41.2453614622013, 0], [31.4101657095222, 41.2518344629076, 0], [31.42427870947, 41.2629734628749, 0], [31.420778709265, 41.2649464624443, 0], [31.4201107088107, 41.2683904621939, 0], [31.422971709473, 41.2788314625983, 0], [31.4197767092187, 41.2856104624499, 0], [31.4131947091577, 41.2909164627212, 0], [31.3980827098711, 41.2963334627217, 0], [31.395334709607, 41.3005564620086, 0], [31.3952507088501, 41.3081094621128, 0], [31.3986107099107, 41.317165462237, 0], [31.404861709817, 41.3237764627184, 0], [31.4079167096565, 41.3243594626291, 0], [31.4192767090079, 41.3218344627267, 0], [31.43911170901, 41.3318064623696, 0], [31.4476657100852, 41.3326114622993, 0], [31.4560547090837, 41.3354724628516, 0], [31.4676957090769, 41.3350294625157, 0], [31.4696937090248, 41.3349454619916, 0], [31.481637709344, 41.349334462026, 0], [31.4915827099029, 41.3569714625381, 0], [31.5302777098771, 41.3711924623331, 0], [31.5383057092671, 41.3729434622012, 0], [31.545444709009, 41.3708034621162, 0], [31.5548607097159, 41.3708874621443, 0], [31.5648327090208, 41.378723462772, 0], [31.5695287097198, 41.3805844623257, 0], [31.5926117101967, 41.38030646277, 0], [31.5981677096321, 41.3855824625788, 0], [31.6021937089815, 41.3868064625555, 0], [31.6058617094301, 41.3862764630485, 0], [31.6091117095297, 41.3858334624102, 0], [31.6240277100143, 41.3900264627144, 0], [31.6321107092496, 41.3967784621213, 0], [31.6397777103016, 41.3978344622313, 0], [31.6507487102157, 41.4065554623007, 0], [31.6981387102218, 41.4224164628314, 0], [31.707694710073, 41.4281954628593, 0], [31.7206117095269, 41.4332234621659, 0], [31.721166709583, 41.4334454623548, 0], [31.7230547098402, 41.4341924621128, 0], [31.7274437096933, 41.4399714625339, 0], [31.7340567102908, 41.4428904626278, 0], [31.7460007093395, 41.4442214626282, 0], [31.7477227102484, 41.4451374627088, 0], [31.7523617102069, 41.4476124625552, 0], [31.7600267103636, 41.4605824622113, 0], [31.7657227102138, 41.4635544629546, 0], [31.7832217101559, 41.4645274625044, 0], [31.7843607099094, 41.4645844626211, 0], [31.791110710214, 41.4732204628181, 0], [31.7993607098805, 41.4730264630066, 0], [31.8035567103688, 41.472915462657, 0], [31.8314727099813, 41.487525462513, 0], [31.838916709674, 41.4933894629247, 0], [31.8473057099428, 41.5035554629692, 0], [31.8559727101459, 41.5054744626442, 0], [31.871444710499, 41.5162504624296, 0], [31.9003047096049, 41.527137462995, 0], [31.9122777095654, 41.5282214626723, 0], [31.9202787102093, 41.5331384630562, 0], [31.939111710165, 41.5403324622856, 0], [31.9496937093714, 41.5430564625663, 0], [31.9578347104301, 41.5417784630593, 0], [31.9939437102391, 41.5552784623333, 0], [32.0185017096862, 41.5711404631949, 0], [32.0231937098652, 41.5741384627131, 0], [32.0276107095471, 41.5801394629427, 0], [32.0378497095795, 41.58241446256, 0], [32.0481107105663, 41.5846934623396, 0], [32.05533171017, 41.587360462834, 0], [32.0844157104478, 41.5922244629012, 0], [32.1017227095671, 41.598999462277, 0], [32.1191097101938, 41.6025544629823, 0], [32.1533047095415, 41.6142504631591, 0], [32.1644707097157, 41.6201664624842, 0], [32.1716957098394, 41.6299174626073, 0], [32.1789707107464, 41.644248462346, 0], [32.1829187107541, 41.6473884622811, 0], [32.1855007103993, 41.6494714630643, 0], [32.1975557102216, 41.6546404625006, 0], [32.1957207101849, 41.6583904624591, 0], [32.1999167106731, 41.6611674631812, 0], [32.2079997099084, 41.6628604623686, 0], [32.2257767097848, 41.6746404626177, 0], [32.232139710277, 41.6814464628078, 0], [32.2292787096146, 41.6873054629292, 0], [32.2311097104017, 41.6908874626209, 0], [32.2355537101001, 41.6929744626874, 0], [32.2385827097357, 41.6962774625947, 0], [32.2511937106968, 41.7009434630778, 0], [32.2681117103788, 41.7168884623385, 0], [32.2768597106313, 41.7229154628804, 0], [32.3047787096811, 41.734890462739, 0], [32.3326107098071, 41.7312504631069, 0], [32.3408317098323, 41.730861462853, 0], [32.3467787108707, 41.7324184632087, 0], [32.3491397100518, 41.7350544626729, 0], [32.3459167099686, 41.7402494627815, 0], [32.3495297105719, 41.7432784627374, 0], [32.3616107105982, 41.7413334627851, 0], [32.3656657108593, 41.7433624625354, 0], [32.3670277107017, 41.7440264624879, 0], [32.372611709966, 41.7556954624209, 0], [32.3784177107772, 41.7590824626107, 0], [32.386611710786, 41.7584724623619, 0], [32.3989717105589, 41.7491374631167, 0], [32.4166107109158, 41.7480544630712, 0], [32.4356647100652, 41.7700534625481, 0], [32.4443897108213, 41.7753604633285, 0], [32.4904177109851, 41.7910004630825, 0], [32.4921687102648, 41.7920834629311, 0], [32.5007777099149, 41.7973594634367, 0], [32.5078617110819, 41.8082504625666, 0], [32.5131947104284, 41.8098334628814, 0], [32.5175017104197, 41.8132784632324, 0], [32.5219457101181, 41.8151394625999, 0], [32.5319447107099, 41.8139454627031, 0], [32.5407487106202, 41.8165014633722, 0], [32.5496937107575, 41.8137514634314, 0], [32.5580827110264, 41.8186114629777, 0], [32.5765267102744, 41.8195264633584, 0], [32.5818327108748, 41.8240854629897, 0], [32.5841407111058, 41.8326684632129, 0], [32.6072767105328, 41.8379444628403, 0], [32.621444710326, 41.8388324629167, 0], [32.6287227106702, 41.8386384633231, 0], [32.6749457110941, 41.8374714633989, 0], [32.6811257103453, 41.8383024627526, 0], [32.6848607109289, 41.8388064629467, 0], [32.6905827109831, 41.844249463034, 0], [32.7136647103771, 41.8488044630415, 0], [32.7228627113275, 41.8554454626879, 0], [32.7291947112831, 41.8544154626451, 0], [32.7656937103418, 41.8580554630829, 0], [32.7789157110168, 41.8617214627399, 0], [32.7843057111038, 41.8668064629289, 0], [32.7856097103932, 41.8680264630881, 0], [32.8157497107503, 41.8657494628855, 0], [32.8238597112724, 41.8639454631799, 0], [32.8340567102911, 41.8680004626838, 0], [32.8657497102306, 41.8658904628926, 0], [32.8683627104123, 41.8678054626263, 0], [32.8690837110872, 41.8721394627581, 0], [32.8745007111907, 41.8743624632284, 0], [32.8858067105091, 41.8769984629506, 0], [32.908889710986, 41.8780554633392, 0], [32.9210817105153, 41.8803904630256, 0], [32.9397507107475, 41.8874744626554, 0], [32.9481124226169, 41.8906403539594, 0], [32.9481124874078, 41.8906402584418, 0], [33.1155486703853, 41.806029364018, 0], [33.2264222885485, 41.6322380696187, 0], [33.2929464594464, 41.5078137649227, 0], [33.2596843739974, 41.266580880933, 0], [33.2707717358138, 41.1247525456885, 0], [33.2264222885485, 40.9491287387993, 0]]]}}, {"type": "Feature", "properties": {"place_id": "410300RPap", "name": "Paphlagonia"}, "geometry": {"type": "MultiPolygon", "coordinates": [[[[35.5798876393125, 41.6306114820305, 0], [35.5798873903122, 41.6306114193596, 0], [35.5798798999768, 41.6306134827516, 0], [35.5798876393125, 41.6306114820305, 0]]], [[[35.4228897137701, 41.677944462667, 0], [35.4253096434441, 41.6731764358135, 0], [35.3326956499752, 41.6986654426973, 0], [35.3480567130753, 41.698333463351, 0], [35.3566097130677, 41.6936374628022, 0], [35.3671377135116, 41.6927494629153, 0], [35.3816677127256, 41.6891094630356, 0], [35.4031677128959, 41.6837234630367, 0], [35.4114987126119, 41.6833614630247, 0], [35.4179997126235, 41.6828884632293, 0], [35.4228897137701, 41.677944462667, 0]]], [[[35.9251098637875, 41.7172775272827, 0], [35.9251097621548, 41.7172775016791, 0], [35.9402767142815, 41.7294994627263, 0], [35.9492497142477, 41.7306404628927, 0], [35.9511377132346, 41.730861462853, 0], [35.9635277137316, 41.7396664632096, 0], [35.9711687133091, 41.7398604629946, 0], [35.9754447140343, 41.7382504627828, 0], [35.9815297133218, 41.7360004631352, 0], [35.9815297717606, 41.7360004128909, 0], [35.9815292356477, 41.736000061181, 0], [35.9251098637875, 41.7172775272827, 0]]], [[[34.9457507128154, 42.1018064635096, 0], [34.9501647130602, 42.1001124632126, 0], [34.9533047121987, 42.1001124632126, 0], [34.9624447125961, 42.1000824636486, 0], [34.9634167131888, 42.1000824636486, 0], [34.9711687122693, 42.0979154633246, 0], [34.9859427127143, 42.0977514628066, 0], [34.9946667123876, 42.0936924630779, 0], [34.9999997130045, 42.0883904627953, 0], [35.0032767131205, 42.0883904627953, 0], [35.0080567133061, 42.0896374629904, 0], [35.0183337125618, 42.0961384635022, 0], [35.0250817132416, 42.0821114633466, 0], [35.0386967126035, 42.0722774628717, 0], [35.0414427132427, 42.0653344632699, 0], [35.0523607129363, 42.057140463086, 0], [35.0521657126762, 42.053916463618, 0], [35.0466117128656, 42.0514454633866, 0], [35.0451927122827, 42.0481104631218, 0], [35.0528607131471, 42.0364724630811, 0], [35.0578347125099, 42.0330544631457, 0], [35.0619737122576, 42.0302234634882, 0], [35.0753057126232, 42.0278054629866, 0], [35.0783887122917, 42.0272484632641, 0], [35.0925827122889, 42.0271114632859, 0], [35.105945713191, 42.0239184631229, 0], [35.1141127131833, 42.0251654634235, 0], [35.1284717127166, 42.0213624629643, 0], [35.1339147130241, 42.0221934636222, 0], [35.1401097132726, 42.025390463086, 0], [35.1418347123483, 42.0262794633464, 0], [35.1425017129902, 42.0266114628584, 0], [35.1456377128792, 42.028221462825, 0], [35.1456947123493, 42.0282514633342, 0], [35.1640017131606, 42.0376664629212, 0], [35.1767497125584, 42.0392494634688, 0], [35.1857487127287, 42.0387234634897, 0], [35.190807712661, 42.0361934630287, 0], [35.1949727126127, 42.0340844630972, 0], [35.2038347130759, 42.0224994630024, 0], [35.2216377131564, 42.0156934630812, 0], [35.221053713459, 42.012889462886, 0], [35.2179447135865, 42.0108334631162, 0], [35.1978607132915, 42.0087504626413, 0], [35.1861117132324, 42.0090824630573, 0], [35.179279713066, 42.0120544630215, 0], [35.1702237134256, 42.0128054635934, 0], [35.1636657126734, 42.0146104635388, 0], [35.1523627127921, 42.0177494633743, 0], [35.147529712386, 42.0173074629742, 0], [35.1419987133422, 42.0167774635391, 0], [35.1419447133093, 42.0167504628335, 0], [35.1297227130559, 42.0115544631234, 0], [35.1214977125106, 42.005916463462, 0], [35.1209447133498, 41.9980544634384, 0], [35.1188887128489, 41.995971462814, 0], [35.1130297130876, 41.9901394631967, 0], [35.112750713341, 41.9825284634455, 0], [35.1087497131128, 41.9728054630923, 0], [35.1032217135062, 41.9703334633089, 0], [35.0994457129918, 41.9661674632099, 0], [35.097389712491, 41.941165462821, 0], [35.0930287124668, 41.9295844627185, 0], [35.0920567131445, 41.9177784628309, 0], [35.1018597123934, 41.8989184633313, 0], [35.1096957135014, 41.8879734629417, 0], [35.1193887130597, 41.8820004625613, 0], [35.1305007132009, 41.8768044627515, 0], [35.134471712705, 41.8722494627314, 0], [35.1356927123203, 41.8672794630903, 0], [35.1321377135403, 41.856666463098, 0], [35.1378897130482, 41.8499454633513, 0], [35.1551937127303, 41.8419724632278, 0], [35.1619457126598, 41.8348614626982, 0], [35.1703067130997, 41.8246384625196, 0], [35.2019157135526, 41.8073344630367, 0], [35.2023047129899, 41.8071094631758, 0], [35.2091407124059, 41.8016124632749, 0], [35.2086107127415, 41.7983324628748, 0], [35.2015567135689, 41.7983054633827, 0], [35.199359712841, 41.7947764632867, 0], [35.1990017126697, 41.79422346259, 0], [35.2000007132789, 41.7910534632394, 0], [35.2080837125142, 41.7828904633809, 0], [35.2068897129154, 41.7777484625645, 0], [35.2124447125384, 41.7703054626227, 0], [35.2390287130327, 41.7514724626122, 0], [35.2500577134997, 41.7477494629215, 0], [35.2598607127487, 41.7444154626307, 0], [35.2656667135599, 41.7397494629059, 0], [35.2670827134352, 41.7357214627139, 0], [35.2640267125128, 41.728168462878, 0], [35.2685847124219, 41.723640462572, 0], [35.2942507136269, 41.7095564630571, 0], [35.3179437127347, 41.7013054628031, 0], [35.3326947187649, 41.6986654569256, 0], [35.1556232445878, 41.5990816878077, 0], [35.0558369882409, 41.5244175174063, 0], [34.9006139228125, 41.5244175174063, 0], [34.8895265609962, 41.4413561659303, 0], [35.0114875409757, 41.3831498800686, 0], [35.1223611591388, 41.3415420340784, 0], [35.2997589481999, 41.3415420340784, 0], [35.2554095009347, 41.2415746824403, 0], [35.2221474154857, 41.1414541806018, 0], [35.1001864355062, 41.0579034909021, 0], [34.9671380937104, 40.9909864283018, 0], [34.8562644755472, 40.9826170147779, 0], [34.745390857384, 40.9323782282965, 0], [34.6345172392209, 40.9156234699233, 0], [34.4682068119761, 40.8737179918964, 0], [34.3684205556292, 40.781432522631, 0], [34.1355859574866, 40.7898274174284, 0], [33.8584019120786, 40.6890186539677, 0], [33.8140524648133, 40.5964764480124, 0], [33.6255673139359, 40.7478423323737, 0], [33.2264222885485, 40.9491287387993, 0], [33.2707717358138, 41.1247525456885, 0], [33.2596843739974, 41.266580880933, 0], [33.2929464594464, 41.5078137649227, 0], [33.2264222885485, 41.6322380696187, 0], [33.1155486703853, 41.806029364018, 0], [32.9481124874078, 41.8906402584418, 0], [32.9481124226169, 41.8906403539594, 0], [32.9481127109999, 41.8906404627171, 0], [32.9694177109102, 41.8954734627419, 0], [32.9818037108872, 41.8998604634906, 0], [32.9869997105265, 41.9027784629633, 0], [32.9916117104685, 41.9156384630852, 0], [33.011028711392, 41.9164164635304, 0], [33.0158047110576, 41.9182204632974, 0], [33.0239717110499, 41.9235264627482, 0], [33.0321387110423, 41.9318044633343, 0], [33.0413897109427, 41.9354174625609, 0], [33.088222711268, 41.9446104629044, 0], [33.0899167110776, 41.9449464631841, 0], [33.100333710748, 41.948055462993, 0], [33.1436117110229, 41.9541664633395, 0], [33.1735577109323, 41.9619174633431, 0], [33.1848907115376, 41.9709164627912, 0], [33.2038617110129, 41.9792784628135, 0], [33.2206387117382, 41.9843064627133, 0], [33.244834710494, 41.9890824631877, 0], [33.2676657112407, 41.9936104628648, 0], [33.29061171074, 42.0079154631936, 0], [33.3394167108092, 42.0253604631141, 0], [33.3468057106564, 42.025390463086, 0], [33.3554727108596, 42.02283446359, 0], [33.3676377116428, 42.0216944636145, 0], [33.3758317116516, 42.0234984628851, 0], [33.3872227115395, 42.023529463166, 0], [33.4192507108833, 42.0152774633877, 0], [33.4290007111822, 42.0142514628358, 0], [33.440276711047, 42.0163344634469, 0], [33.4516677109349, 42.0166134628868, 0], [33.4852487111315, 42.01119646273, 0], [33.5248867107868, 42.0079724635677, 0], [33.5374447115274, 42.0076944627174, 0], [33.5528607109523, 42.0051654627416, 0], [33.5807497118188, 41.9954714630286, 0], [33.6007497113568, 41.9926944633342, 0], [33.6637227112191, 41.9893344631074, 0], [33.7437787115698, 41.9850004630138, 0], [33.7501377115419, 41.9844164630341, 0], [33.7729147109853, 41.9823604629624, 0], [33.7900547122142, 41.9808044634839, 0], [33.8136097118026, 41.9825824627309, 0], [33.8276937121092, 41.9791944635342, 0], [33.8310547117118, 41.9792784628135, 0], [33.8508067120397, 41.9798314628583, 0], [33.9083597123613, 41.9776384631892, 0], [33.9227217113317, 41.9794994628166, 0], [33.9484447120068, 41.9785844634201, 0], [33.9685817112519, 41.9828334628129, 0], [33.9874457117441, 41.9837224629781, 0], [33.997390712303, 41.9874724629225, 0], [34.004306711956, 41.9888614633964, 0], [34.039138712492, 41.9841384631443, 0], [34.058334711681, 41.9852214629883, 0], [34.0824167114966, 41.9834444628911, 0], [34.0998607115934, 41.9853324627032, 0], [34.1308597121448, 41.9768904626341, 0], [34.1421397125296, 41.9759444627394, 0], [34.1614147121432, 41.9702754629585, 0], [34.1810837115265, 41.9644734627803, 0], [34.1951107123629, 41.9633334627444, 0], [34.2079007115041, 41.9631194631469, 0], [34.2233317119262, 41.9628604635379, 0], [34.231334712195, 41.9602774635252, 0], [34.2526667121217, 41.9533614629343, 0], [34.2713047118174, 41.9523884635216, 0], [34.2940827123435, 41.9474444626412, 0], [34.3250277115916, 41.9440264629969, 0], [34.335803712516, 41.9518054626701, 0], [34.3390277124116, 41.9531934629887, 0], [34.3447757126698, 41.9523624634433, 0], [34.359611711647, 41.9479444635067, 0], [34.3665277125704, 41.9490854635482, 0], [34.3772777120204, 41.9543344635548, 0], [34.3952487123444, 41.9554444631613, 0], [34.4065817116794, 41.9627224633673, 0], [34.4126667122373, 41.964862463003, 0], [34.4246677120266, 41.9649734632551, 0], [34.4317207126571, 41.9677774628238, 0], [34.4340557129046, 41.9687234631176, 0], [34.4793057116529, 41.9691124628936, 0], [34.4868317124778, 41.9780274632982, 0], [34.4916647128839, 41.9797784632465, 0], [34.4946937125194, 41.9793324629663, 0], [34.4983327120563, 41.9763334628068, 0], [34.5029987120312, 41.9665834628159, 0], [34.512637712827, 41.9625014627728, 0], [34.5588877119969, 41.9508324631252, 0], [34.5778047127096, 41.9495544634221, 0], [34.5857777122543, 41.9545284634775, 0], [34.5931927123057, 41.9546924635261, 0], [34.6099737122806, 41.9459724631862, 0], [34.6533317127925, 41.9461934625182, 0], [34.6931957119739, 41.9501114630789, 0], [34.7167777128491, 41.9468614628708, 0], [34.7299157127671, 41.9486964633881, 0], [34.7387237119269, 41.9512214634784, 0], [34.762138712371, 41.9579424631504, 0], [34.7821657131959, 41.9558604628663, 0], [34.8273317124577, 41.9699174626878, 0], [34.8803897124851, 42.0088344635131, 0], [34.8890837127047, 42.0152204629522, 0], [34.9126667121219, 42.0358624627884, 0], [34.9212757130425, 42.0478894627154, 0], [34.9491957131751, 42.0780834632768, 0], [34.945251712417, 42.0859714629797, 0], [34.94666671248, 42.0968894631009, 0], [34.9428067124789, 42.1004184634215, 0], [34.9457507128154, 42.1018064635096, 0]]]]}}, {"type": "Feature", "properties": {"place_id": "350330RCyp", "name": "Cyprus"}, "geometry": {"type": "Polygon", "coordinates": [[[34.5979157130211, 35.6995014576308, 0], [34.5919457124864, 35.6958354574311, 0], [34.5895007125482, 35.6930544571904, 0], [34.5871657123008, 35.6903874568461, 0], [34.5847207123626, 35.6788064577541, 0], [34.5801927119072, 35.674057457006, 0], [34.5795827120058, 35.6565024567457, 0], [34.5795557119893, 35.6551934567441, 0], [34.575137712495, 35.6486134574926, 0], [34.5699157126516, 35.6463624571377, 0], [34.5660017126176, 35.6457784574749, 0], [34.5448337124144, 35.6426924575754, 0], [34.5391957118468, 35.6353344567833, 0], [34.5286107119328, 35.6365854574006, 0], [34.4558597119428, 35.60488945713, 0], [34.4537507124919, 35.6039734567253, 0], [34.4350277122268, 35.5924724569607, 0], [34.4336667121968, 35.5899434567356, 0], [34.4289437127518, 35.581001457208, 0], [34.423667711605, 35.5798874574259, 0], [34.4173627116658, 35.5621954574744, 0], [34.4123347122701, 35.5567214568492, 0], [34.3893887127707, 35.5409164566999, 0], [34.3627207127899, 35.5314184568849, 0], [34.3399167120597, 35.5181394566474, 0], [34.3270267126223, 35.5068054572414, 0], [34.302306711806, 35.4850004573248, 0], [34.2071647123727, 35.4482234569447, 0], [34.1964987124094, 35.4426954568342, 0], [34.1756397114065, 35.4318354566735, 0], [34.1329997121322, 35.404640457289, 0], [34.1140287113866, 35.3893894573609, 0], [34.0889437117123, 35.3642774565309, 0], [34.0846097117045, 35.3571934573871, 0], [34.0823597120264, 35.3506664565801, 0], [34.0753327116, 35.3301664567644, 0], [34.0719717119973, 35.3256684565513, 0], [34.0654717117981, 35.3221934572778, 0], [34.0517237119787, 35.3184164564239, 0], [34.0433617117263, 35.3175854569634, 0], [34.0397487123934, 35.3172494567218, 0], [34.021304711875, 35.316944457043, 0], [34.0019457115045, 35.3221404566598, 0], [33.9908337113633, 35.3207784567719, 0], [33.9791677122487, 35.3193624571178, 0], [33.9653057122187, 35.312053456947, 0], [33.96397371183, 35.3113594573315, 0], [33.9562757115119, 35.3048634568572, 0], [33.9482497117467, 35.2946394571751, 0], [33.9388887121556, 35.2786414568038, 0], [33.9303317116432, 35.2725294567634, 0], [33.9164737121331, 35.2480544568289, 0], [33.9154737117116, 35.2436104568237, 0], [33.9073067117192, 35.2072224572486, 0], [33.9080547124106, 35.1991964568764, 0], [33.9081387118972, 35.1983074566944, 0], [33.9181097113897, 35.1732214570545, 0], [33.9158897124357, 35.168751457207, 0], [33.9106407113054, 35.1676104570694, 0], [33.9059447118768, 35.1635554570227, 0], [33.9056127119097, 35.1632764570429, 0], [33.906165712341, 35.1627774572459, 0], [33.9070817120055, 35.1619724569586, 0], [33.9168627115704, 35.161915456791, 0], [33.9214707122628, 35.1595844572102, 0], [33.9247207123624, 35.1557234565718, 0], [33.9442787122426, 35.1325834565703, 0], [33.9447217117129, 35.1320574567142, 0], [33.9542237115311, 35.1230284567936, 0], [33.9658627118996, 35.1152494569675, 0], [33.972556711276, 35.1025854566214, 0], [33.9748607122574, 35.0982214568832, 0], [33.9763067115864, 35.0954704571902, 0], [33.9874457117441, 35.0825844563578, 0], [34.0030827116332, 35.0687794566876, 0], [34.0462227123886, 35.0388334564863, 0], [34.0686947118812, 35.0090834570697, 0], [34.0731127113756, 35.0032234566254, 0], [34.0738337120505, 35.0022774568498, 0], [34.0759427115014, 35.0000004566133, 0], [34.0887227125185, 34.9863324564817, 0], [34.0805547114434, 34.9786684567219, 0], [34.0891377121599, 34.965915456572, 0], [34.0986937120111, 34.9642224569704, 0], [34.0994457119521, 34.9632764562412, 0], [34.1014177116959, 34.9606664567267, 0], [34.0964737117867, 34.9549444560714, 0], [34.0922777112984, 34.9554714569676, 0], [34.089248711663, 34.9591944565164, 0], [34.0886647119656, 34.9599154561737, 0], [34.0880277120477, 34.9597514564003, 0], [34.0833317113487, 34.9585574565249, 0], [34.0801387119896, 34.9577484566395, 0], [34.078609711716, 34.9579734566461, 0], [34.0778617122951, 34.9580844560609, 0], [34.0764997124527, 34.958278456872, 0], [34.0497517122349, 34.9718894565017, 0], [34.0421677121275, 34.9727214562452, 0], [34.0291407117126, 34.9806944569952, 0], [34.0169987116962, 34.9794424562593, 0], [34.0105817124415, 34.9787794562052, 0], [34.0023347122122, 34.9816664568744, 0], [33.9918597119889, 34.9798624570535, 0], [33.9770547122778, 34.9845274561569, 0], [33.9709437115159, 34.9845014566256, 0], [33.9643897112837, 34.977806456064, 0], [33.9628597111977, 34.9770854566651, 0], [33.9600567123588, 34.9757764567736, 0], [33.9353337121053, 34.9745294566798, 0], [33.9143067121292, 34.9674154564727, 0], [33.9056127119097, 34.9560284561243, 0], [33.9053617119919, 34.9556974565509, 0], [33.8944747115644, 34.9505274565655, 0], [33.8867767112463, 34.9448624560779, 0], [33.8864707114832, 34.9446674560886, 0], [33.8759157122933, 34.9398614561544, 0], [33.8684737122255, 34.9388354565327, 0], [33.8657497112703, 34.9398614561544, 0], [33.8567777111165, 34.9431644561498, 0], [33.8541687114548, 34.9453624570285, 0], [33.8402787115959, 34.9571644562018, 0], [33.8271677116943, 34.966026456681, 0], [33.8158077110725, 34.9692234563832, 0], [33.8134157113549, 34.9695814570557, 0], [33.7797777116881, 34.9748044567278, 0], [33.7121127116469, 34.9739994564242, 0], [33.7091407114815, 34.9735564570538, 0], [33.6958047118663, 34.9716114568585, 0], [33.6876677113276, 34.9684984566353, 0], [33.6715547118071, 34.9590574562023, 0], [33.6615827112317, 34.9496654565697, 0], [33.6503067113669, 34.9264184568863, 0], [33.6478877116328, 34.9081384564035, 0], [33.6499177119296, 34.8900834562334, 0], [33.6469457117642, 34.8800854569826, 0], [33.6469157110402, 34.8730854567297, 0], [33.6468617110072, 34.8646664561855, 0], [33.6286397120357, 34.8415834566827, 0], [33.62191771156, 34.8378334566435, 0], [33.6154707115813, 34.817779456195, 0], [33.6116947110669, 34.8157774566275, 0], [33.5831107109999, 34.8188634566428, 0], [33.5589977119183, 34.8175544568296, 0], [33.5514717110934, 34.8137514564615, 0], [33.5460817110064, 34.8070264562301, 0], [33.5396657115642, 34.7989734565075, 0], [33.530692711598, 34.7958074560323, 0], [33.5228617108224, 34.7881124558871, 0], [33.5098877118984, 34.7866094559505, 0], [33.5038067118606, 34.7778054567755, 0], [33.4736407112995, 34.775970456568, 0], [33.4621387119086, 34.7733884562628, 0], [33.4516107114647, 34.7685284559232, 0], [33.4393887112113, 34.7603874568439, 0], [33.4202237112884, 34.7515564560734, 0], [33.4184987109424, 34.7507514565707, 0], [33.4136387117902, 34.748501455909, 0], [33.3949167113375, 34.7438314565771, 0], [33.375472711668, 34.7316934564424, 0], [33.371692711904, 34.7303624567258, 0], [33.3616677111081, 34.7305834560676, 0], [33.3455277115711, 34.7229154566974, 0], [33.3377227109996, 34.7230264561126, 0], [33.3266947116154, 34.7176664564286, 0], [33.319804710896, 34.7191394561074, 0], [33.3030017112371, 34.722751456, 0], [33.2969437106957, 34.7220004566027, 0], [33.2839427117552, 34.7170294560223, 0], [33.280444711175, 34.7141114568753, 0], [33.2765117108942, 34.7045294565464, 0], [33.2765007116874, 34.704498456584, 0], [33.2721407114756, 34.703361456372, 0], [33.1543347117269, 34.7105834559409, 0], [33.1368597110935, 34.7079434565857, 0], [33.1361957111592, 34.7078634565241, 0], [33.0970267111783, 34.6962774565171, 0], [33.0953067111646, 34.6968884562216, 0], [33.0948907104404, 34.6952514562783, 0], [33.0794717103079, 34.6894454561594, 0], [33.0645297108897, 34.6808894563053, 0], [33.0456127114474, 34.6661684566235, 0], [33.0279997112946, 34.656334455858, 0], [33.0213317108518, 34.6486394557579, 0], [33.0183607104988, 34.6384164566216, 0], [33.0151407111233, 34.6347774560618, 0], [33.0136687103198, 34.6245844564705, 0], [33.0144737104813, 34.6168324562122, 0], [33.015640711334, 34.6053624564059, 0], [33.0193597111079, 34.5963594566328, 0], [33.0242507107966, 34.5901684561566, 0], [33.0362207113198, 34.5780834557638, 0], [33.0416377114233, 34.5726394558658, 0], [33.0424997110549, 34.5685544558845, 0], [33.0408057112454, 34.5650294561695, 0], [33.0381397108431, 34.5634994564241, 0], [33.0308877107029, 34.5640834559711, 0], [33.0167237114298, 34.5696674563975, 0], [33.0117497107965, 34.571609456463, 0], [32.9998327104938, 34.5714994560874, 0], [32.9889717115408, 34.5755544556499, 0], [32.982223710861, 34.5726394558658, 0], [32.9720577111084, 34.5682484558845, 0], [32.9656107111296, 34.5688324566039, 0], [32.9558337108143, 34.5697514562658, 0], [32.9503327112243, 34.5690004558506, 0], [32.9457777107524, 34.5668064558733, 0], [32.9433897102844, 34.5656664566746, 0], [32.9420817104749, 34.5683594564659, 0], [32.9424707111827, 34.5692484558617, 0], [32.9435007110579, 34.5716404559243, 0], [32.9498327110135, 34.5758634559557, 0], [32.9496387105658, 34.5823064558782, 0], [32.9455567102883, 34.5921934566522, 0], [32.9397507107475, 34.5992774560331, 0], [32.9319157107223, 34.6192784561106, 0], [32.9311947113178, 34.6211394564729, 0], [32.920417710581, 34.6353074564103, 0], [32.9084747113446, 34.6461944562919, 0], [32.9122507105887, 34.6516684567117, 0], [32.9032217109647, 34.6518324561592, 0], [32.9022217105432, 34.651859456515, 0], [32.8941117112914, 34.6599424561476, 0], [32.8868337109471, 34.6643904564379, 0], [32.8595007112195, 34.6696664561839, 0], [32.8470007110318, 34.6658054559583, 0], [32.8328627106923, 34.6692234564199, 0], [32.8117797110586, 34.6612514558286, 0], [32.8035547105133, 34.6635814567644, 0], [32.7754447104531, 34.6605264558266, 0], [32.7671127109247, 34.6570814563714, 0], [32.7648317107102, 34.6541674559359, 0], [32.7530827106511, 34.6478614562351, 0], [32.7456667107873, 34.6467784566881, 0], [32.7380557106635, 34.6484454563856, 0], [32.7289157102661, 34.6479724559916, 0], [32.7194447109843, 34.6410564561471, 0], [32.7127757107291, 34.641166456394, 0], [32.7036667108681, 34.6440544565243, 0], [32.691139710664, 34.648056456104, 0], [32.6775817107723, 34.6508064559765, 0], [32.6479147106096, 34.6607214562057, 0], [32.6416627108909, 34.6620104559901, 0], [32.6301387105455, 34.6643904564379, 0], [32.6166647101404, 34.6694184561834, 0], [32.6099437107474, 34.674194456093, 0], [32.6048887100648, 34.6777494562978, 0], [32.5963327106351, 34.6823614560347, 0], [32.5761677102907, 34.693249456582, 0], [32.5661657102617, 34.6954724564986, 0], [32.5432507100284, 34.7015844562983, 0], [32.5326957108385, 34.7014734563027, 0], [32.5246387105368, 34.7061964566208, 0], [32.5204427100486, 34.7086374566402, 0], [32.5109177107339, 34.7079164567563, 0], [32.5099447103288, 34.7078324567667, 0], [32.5011677104351, 34.7027784564044, 0], [32.4954987106014, 34.7077484566918, 0], [32.4909437101295, 34.7097204568829, 0], [32.4905817107087, 34.7098884560754, 0], [32.4842487109406, 34.712665456776, 0], [32.4563597100741, 34.7345854559281, 0], [32.4505847097994, 34.7370264562774, 0], [32.4415017101425, 34.7358634565045, 0], [32.4321667107554, 34.748222455973, 0], [32.4244727109574, 34.7537764566778, 0], [32.4196927107718, 34.7544444567794, 0], [32.4122777107205, 34.7531134561404, 0], [32.4054447107417, 34.7584724564189, 0], [32.4082797099295, 34.7751964567341, 0], [32.4066387103404, 34.781528456817, 0], [32.4012487102534, 34.7895284566258, 0], [32.4012227100494, 34.7910844566744, 0], [32.4010847105299, 34.8019184566285, 0], [32.3924717103597, 34.8219184560782, 0], [32.3914447099217, 34.8379714569816, 0], [32.3868327099797, 34.8432234560865, 0], [32.3809737102183, 34.8457494567437, 0], [32.3773037101449, 34.8473054566382, 0], [32.3716127106272, 34.8522794569317, 0], [32.36577571055, 34.8521964565966, 0], [32.3619457100026, 34.854721456245, 0], [32.3550837103825, 34.8534434565516, 0], [32.3491397100518, 34.8579444567274, 0], [32.3413617107672, 34.8747484559988, 0], [32.3267787100622, 34.886055456769, 0], [32.3181377100632, 34.8927764564549, 0], [32.3171387107244, 34.8980294566363, 0], [32.3191677099384, 34.8999174563771, 0], [32.3264427108454, 34.9068074561004, 0], [32.3310017105669, 34.9192504570015, 0], [32.3269157097693, 34.9282224563485, 0], [32.3082237100407, 34.9485814567147, 0], [32.3093867103735, 34.9546124566991, 0], [32.3157237106615, 34.958889456576, 0], [32.3131947099664, 34.9658624566451, 0], [32.3181957106161, 34.9762764565105, 0], [32.3110847107031, 34.9947204566827, 0], [32.3107487102159, 34.9952244567845, 0], [32.3074987101163, 35.0000004566133, 0], [32.3032227106614, 35.0062794563897, 0], [32.3021927107862, 35.0078054561718, 0], [32.2957497100572, 35.0212514561663, 0], [32.2749447103576, 35.0465284571769, 0], [32.2733037094982, 35.0573044565098, 0], [32.2730827103045, 35.0588344569657, 0], [32.2762227107134, 35.0849994564231, 0], [32.2773897102957, 35.0896114571446, 0], [32.2787517101381, 35.0948064561881, 0], [32.2812497102968, 35.0983884563131, 0], [32.2876667108218, 35.0985264570714, 0], [32.296306709738, 35.0937234569375, 0], [32.2971117098995, 35.0932774564911, 0], [32.3008347101934, 35.0911944568095, 0], [32.3282207101416, 35.0676654565641, 0], [32.347167710308, 35.0544434567251, 0], [32.3644177099572, 35.0450554568754, 0], [32.3801387106032, 35.0408594566027, 0], [32.3976097107165, 35.0388334564863, 0], [32.4068067105841, 35.0388604570733, 0], [32.4258037102633, 35.0422214570309, 0], [32.4478337100981, 35.0493894565567, 0], [32.4711117108351, 35.0650824570872, 0], [32.4811937098307, 35.0718884563201, 0], [32.4926107099226, 35.0828054568167, 0], [32.4959717107957, 35.0860294571345, 0], [32.5068627104728, 35.0999454568549, 0], [32.5242237108955, 35.1344454570575, 0], [32.5308037100613, 35.1428604563035, 0], [32.5402217103929, 35.1500814570491, 0], [32.5494997103099, 35.1571964569454, 0], [32.5524177104423, 35.162861456862, 0], [32.5530547103602, 35.1723334572486, 0], [32.5562517102393, 35.1743314569322, 0], [32.5621947107576, 35.1732794565945, 0], [32.5657657103471, 35.1714634569513, 0], [32.5724187110631, 35.168083457034, 0], [32.5761947103072, 35.168693456514, 0], [32.5792507099591, 35.1691664564102, 0], [32.5809707099728, 35.1694454569537, 0], [32.5837517103981, 35.1705014562602, 0], [32.6007767103335, 35.1769444571914, 0], [32.6051937100155, 35.1768604565464, 0], [32.6108627111196, 35.1767764568529, 0], [32.6154437105251, 35.1788594570781, 0], [32.6164437109467, 35.1801944566392, 0], [32.6230277106325, 35.1889154567235, 0], [32.6288867103938, 35.1892204567488, 0], [32.6369437106955, 35.1864434569928, 0], [32.6559177108783, 35.1941104569667, 0], [32.6679727107005, 35.1935844572434, 0], [32.6768077111472, 35.1917494571882, 0], [32.693527711132, 35.1850284562998, 0], [32.7114717101692, 35.1845814564993, 0], [32.715057710756, 35.1836664568219, 0], [32.7343067101655, 35.1786384565195, 0], [32.7444457111721, 35.1778064572127, 0], [32.7493057103242, 35.1727484568623, 0], [32.7679177110862, 35.1633874570601, 0], [32.7849157110052, 35.1603314568183, 0], [32.8001937109106, 35.1507754571744, 0], [32.8118627107327, 35.1481664567205, 0], [32.8237497103114, 35.1425554568854, 0], [32.8332787114165, 35.1421394565552, 0], [32.8485837113384, 35.1431384563001, 0], [32.8545567113104, 35.1452784563454, 0], [32.8734167112825, 35.1547504569615, 0], [32.8990557112006, 35.1699184566296, 0], [32.9103317110654, 35.1766124571518, 0], [32.9149437110074, 35.1821404563536, 0], [32.9317207104623, 35.2266654570049, 0], [32.9360277104536, 35.2433894571052, 0], [32.9407307111098, 35.2615924567141, 0], [32.942111711199, 35.2669444566963, 0], [32.9459987112165, 35.2935824564025, 0], [32.9460297104826, 35.3156394567963, 0], [32.9435277110743, 35.3373604565369, 0], [32.9401397114552, 35.345249457013, 0], [32.9319727114629, 35.3531114570972, 0], [32.9298627109291, 35.3589704570614, 0], [32.9301107114097, 35.3655014569428, 0], [32.9305267108635, 35.3760264566879, 0], [32.9291117108006, 35.3874434569103, 0], [32.9248887102959, 35.3989714564495, 0], [32.9260287111321, 35.4024734570344, 0], [32.9345287109041, 35.4012794565359, 0], [32.9570847111537, 35.3918344574547, 0], [32.9904177108697, 35.3737224564863, 0], [33.0162507112355, 35.361667457041, 0], [33.0205577112267, 35.3620264569987, 0], [33.0346107109969, 35.3632504573506, 0], [33.040889710732, 35.3619464565057, 0], [33.0579457112039, 35.3547514567389, 0], [33.0744707109286, 35.3509714564748, 0], [33.0887227114788, 35.3514174573356, 0], [33.0991937111821, 35.3537784570859, 0], [33.1112517104416, 35.3575824565293, 0], [33.1192777114772, 35.3628044565713, 0], [33.1256947107318, 35.3631094572452, 0], [33.1661377105485, 35.3528594571901, 0], [33.1782227110948, 35.349777457345, 0], [33.2226677109521, 35.3548884564546, 0], [33.2306407104968, 35.349082457286, 0], [33.2436677109117, 35.3473894569099, 0], [33.2492487107388, 35.3435284570946, 0], [33.2552227117936, 35.3421934574383, 0], [33.2656407112764, 35.3454434570974, 0], [33.2701377111953, 35.3454174566324, 0], [33.282748710886, 35.3414154572312, 0], [33.2880287112824, 35.3419154571109, 0], [33.2950557117088, 35.3454434570974, 0], [33.310638711565, 35.3414154572312, 0], [33.3175847106716, 35.3396114565088, 0], [33.3472217113806, 35.3366394572552, 0], [33.3675267108694, 35.3306964564403, 0], [33.3796657114486, 35.3330844569347, 0], [33.4050557110737, 35.3305814565712, 0], [33.4606397110887, 35.3326684563699, 0], [33.4621387119086, 35.3323054569802, 0], [33.4688877111304, 35.3307494566314, 0], [33.4877777118266, 35.3327484568441, 0], [33.4974177111644, 35.3352504573606, 0], [33.5128327107769, 35.3350294568697, 0], [33.5334437112992, 35.3408054566697, 0], [33.5746647112609, 35.3442494570832, 0], [33.6116107115803, 35.3548624569575, 0], [33.6125827109025, 35.3551404572834, 0], [33.618831711184, 35.3535534569924, 0], [33.62891771197, 35.3535534569924, 0], [33.6469727117807, 35.3559724569687, 0], [33.6525417113181, 35.3575059567315, 0], [33.6827237114184, 35.3658064567512, 0], [33.7017787116507, 35.3744434572781, 0], [33.7140277119206, 35.3841664574525, 0], [33.7510257113776, 35.3996394568291, 0], [33.7729457115217, 35.4087794571501, 0], [33.7845837120778, 35.4108884573476, 0], [33.8030547113423, 35.411220456604, 0], [33.8295557121623, 35.4086684565374, 0], [33.8397217119149, 35.4118614569902, 0], [33.8569187113436, 35.4102784567769, 0], [33.8938597113305, 35.4199984569674, 0], [33.8990287122239, 35.4213604565212, 0], [33.9004707123032, 35.4217494568874, 0], [33.9266667119022, 35.4286124574367, 0], [33.9563327122525, 35.4381104568869, 0], [33.9729997120167, 35.440418456945, 0], [33.9845847110818, 35.4436384572373, 0], [34.0413057124959, 35.4681664573941, 0], [34.0771947116531, 35.483639456955, 0], [34.0908887114396, 35.4934464571877, 0], [34.1104737126067, 35.4986114574111, 0], [34.1293337125789, 35.5069434571124, 0], [34.1516687123644, 35.5273634572672, 0], [34.1634177124235, 35.5405544570165, 0], [34.1648067122823, 35.5421374567868, 0], [34.1751407122785, 35.547584456919, 0], [34.1806677120727, 35.554001456977, 0], [34.1808317117963, 35.5548324570874, 0], [34.182666711833, 35.5628054573041, 0], [34.1879467122293, 35.5634734575616, 0], [34.195136712567, 35.5606954575797, 0], [34.2046127121812, 35.5570264569886, 0], [34.212165711752, 35.5573044572806, 0], [34.2178877118063, 35.5603064575334, 0], [34.2212487126793, 35.5558324574936, 0], [34.2294997121582, 35.5586934572815, 0], [34.2365837120548, 35.557583457054, 0], [34.2380297126542, 35.5583344575127, 0], [34.2438617123991, 35.5613904572423, 0], [34.2474707124823, 35.5632784570949, 0], [34.2491377122754, 35.5646404575916, 0], [34.2568317120735, 35.5709994567402, 0], [34.2752757125919, 35.5724184576329, 0], [34.2851107121897, 35.5771374576872, 0], [34.2873347116637, 35.5771104574069, 0], [34.297195712736, 35.5769164572686, 0], [34.3045847125833, 35.5801924572177, 0], [34.3129467115653, 35.5862504575427, 0], [34.3234447125555, 35.5894164568288, 0], [34.327167711579, 35.5929984574084, 0], [34.3289187121291, 35.6015814576739, 0], [34.3328057121466, 35.6021654569162, 0], [34.3379437125034, 35.6005284567247, 0], [34.3426667119485, 35.6014174569645, 0], [34.3509447127143, 35.6088334569414, 0], [34.3586117124958, 35.6222234566912, 0], [34.3634987116645, 35.6251684575506, 0], [34.3791657122776, 35.6262204567819, 0], [34.387473712497, 35.6331944575982, 0], [34.3930017121036, 35.6347774575111, 0], [34.4061397120216, 35.6341934568122, 0], [34.4096107125853, 35.6340294568811, 0], [34.4194987124036, 35.6380844568603, 0], [34.4388617120238, 35.6532784575699, 0], [34.4479717116971, 35.6563604573824, 0], [34.4676097118143, 35.6518064570632, 0], [34.4826927127301, 35.6585544568529, 0], [34.5005837128172, 35.660137457042, 0], [34.5057487119201, 35.6633074567972, 0], [34.5099447124083, 35.6689724573026, 0], [34.5114707119743, 35.6768614577206, 0], [34.5158617127226, 35.6786124575961, 0], [34.5236127119907, 35.675693457442, 0], [34.5319447127894, 35.6775824572839, 0], [34.5329437121282, 35.6781964577419, 0], [34.5553317121342, 35.6915284568106, 0], [34.5679737123614, 35.6968044569002, 0], [34.5815007129871, 35.6961674569536, 0], [34.5858347129948, 35.6976664574803, 0], [34.5969737118821, 35.7015264576849, 0], [34.5979157130211, 35.6995014576308, 0]]]}}, {"type": "Feature", "properties": {"place_id": "262327UThe", "name": "Thebais"}, "geometry": {"type": "MultiPolygon", "coordinates": [[[[36.2429427135474, 23.567638446571, 0], [36.2417797131546, 23.5653054464156, 0], [36.2401657137235, 23.5655844469207, 0], [36.227001713607, 23.5678334462229, 0], [36.2292787128108, 23.5736394462502, 0], [36.2400287134287, 23.5721394469094, 0], [36.2413597134659, 23.5700834463663, 0], [36.2429427135474, 23.567638446571, 0]]], [[[36.1802787133006, 23.6235824466896, 0], [36.1850287134123, 23.6225834464733, 0], [36.1904717127792, 23.6234174469724, 0], [36.1917767128026, 23.6216394463977, 0], [36.1977767133088, 23.6213604464676, 0], [36.1996657131965, 23.6168064469072, 0], [36.208694713571, 23.6076944470047, 0], [36.2011687135025, 23.6024174466008, 0], [36.1971937133116, 23.6020564463923, 0], [36.1931117134643, 23.5980284467932, 0], [36.182304713483, 23.5942784463015, 0], [36.1797217133172, 23.5967214468134, 0], [36.1800277131234, 23.6019994464915, 0], [36.1828347135856, 23.6071394471451, 0], [36.1790547129199, 23.6154994466552, 0], [36.1802787133006, 23.6235824466896, 0]]], [[[35.508693712444, 23.8033884470677, 0], [35.5035827128971, 23.7989444466425, 0], [35.5053597126366, 23.8078324466785, 0], [35.5098617121726, 23.8159444472495, 0], [35.5118907131125, 23.8168054467076, 0], [35.5128327128105, 23.8149454465096, 0], [35.5106657128647, 23.8099724469026, 0], [35.5127487124104, 23.8048614472467, 0], [35.508693712444, 23.8033884470677, 0]]], [[[35.6071397123228, 23.8250564470785, 0], [35.6017227129697, 23.8126104467426, 0], [35.5987777123455, 23.8136124465591, 0], [35.6016387125696, 23.8171944462883, 0], [35.6008337131663, 23.8229444467002, 0], [35.6031117122373, 23.8313614463141, 0], [35.6063047122812, 23.829666446691, 0], [35.6071397123228, 23.8250564470785, 0]]], [[[35.8178337129789, 23.8345834470013, 0], [35.8157237123963, 23.8311944466355, 0], [35.8092497124397, 23.8316114463555, 0], [35.8056377125742, 23.8349434467202, 0], [35.8066947131778, 23.8369714468724, 0], [35.8107497131442, 23.8389164469503, 0], [35.8141677133516, 23.8438604467914, 0], [35.8161397126164, 23.84286144638, 0], [35.8178337129789, 23.8345834470013, 0]]], [[[35.3795287130772, 24.3038884469955, 0], [35.3832777120815, 24.2963044472976, 0], [35.3747787129655, 24.2988334471271, 0], [35.3662797126935, 24.3105274475235, 0], [35.3457487121924, 24.328167447484, 0], [35.3460007122368, 24.3300004478111, 0], [35.3507507123486, 24.3302494468168, 0], [35.3587497120004, 24.325416447423, 0], [35.3700297127209, 24.3233604476333, 0], [35.3670277127335, 24.3190004471009, 0], [35.3677787123749, 24.3164994475641, 0], [35.3715287124023, 24.314888447285, 0], [35.3732797121281, 24.3082214471202, 0], [35.3795287130772, 24.3038884469955, 0]]], [[[35.389778713075, 24.3252224473135, 0], [35.3822787130202, 24.3224454474595, 0], [35.3800277126743, 24.3245274470464, 0], [35.3797767124971, 24.3272784474446, 0], [35.3872797121533, 24.3311674471722, 0], [35.389778713075, 24.3304734474458, 0], [35.3912777127564, 24.3277224468848, 0], [35.389778713075, 24.3252224473135, 0]]], [[[35.4008067125952, 24.3194714474598, 0], [35.3965567131036, 24.3192504473281, 0], [35.3950537127976, 24.324054447339, 0], [35.402557712321, 24.3357504475108, 0], [35.4050567120868, 24.3364454473118, 0], [35.4105567131288, 24.3327774474831, 0], [35.4105567131288, 24.3300284475715, 0], [35.4058037122596, 24.3263604473558, 0], [35.4008067125952, 24.3194714474598, 0]]], [[[35.403804713114, 24.343111447495, 0], [35.401054713171, 24.343111447495, 0], [35.3905297127165, 24.3488334472456, 0], [35.3880277121933, 24.3577784469669, 0], [35.381279712803, 24.3639714473564, 0], [35.3895267118747, 24.3639714473564, 0], [35.3952787129611, 24.3616944470998, 0], [35.4008067125952, 24.3568614471737, 0], [35.4048047131983, 24.3453884471594, 0], [35.403804713114, 24.343111447495, 0]]], [[[35.3887217124715, 24.3769434474046, 0], [35.3837777127017, 24.3758884473649, 0], [35.3725017126057, 24.3825554475896, 0], [35.3709987122998, 24.3871384475545, 0], [35.3712507123441, 24.3917214476667, 0], [35.3733597130596, 24.395389447578, 0], [35.3779987128903, 24.4034174471431, 0], [35.379249711996, 24.4082504474243, 0], [35.3722497125614, 24.4206394469218, 0], [35.3737487122428, 24.4233894477017, 0], [35.379249711996, 24.42313944695, 0], [35.3852767123831, 24.4197214475319, 0], [35.3892787124549, 24.4148884474841, 0], [35.3910297121807, 24.4080274476275, 0], [35.3895267118747, 24.3965554471075, 0], [35.3910297121807, 24.3798044469956, 0], [35.3892787124549, 24.3770564472172, 0], [35.3887217124715, 24.3769434474046, 0]]], [[[35.1838347125307, 24.6463894481118, 0], [35.1827247120324, 24.6422784479283, 0], [35.1771927117738, 24.6452504477783, 0], [35.1613617122472, 24.6589714478957, 0], [35.1553347118601, 24.6605834472311, 0], [35.1528057126119, 24.6688324481245, 0], [35.147777712442, 24.675249447949, 0], [35.1485297119507, 24.677528447301, 0], [35.1575547128566, 24.6770844474769, 0], [35.1769187123402, 24.6608334480782, 0], [35.1773337126931, 24.6602784473052, 0], [35.1814467118899, 24.6548884480859, 0], [35.1839717128254, 24.6468624477931, 0], [35.1838347125307, 24.6463894481118, 0]]], [[[35.1484717127202, 24.6940554478162, 0], [35.1452217121571, 24.6901394476392, 0], [35.1432227118555, 24.691749447807, 0], [35.1378897129025, 24.707805447864, 0], [35.1388897118309, 24.7107774479323, 0], [35.1436657119564, 24.7089734473251, 0], [35.1484717127202, 24.6940554478162, 0]]], [[[35.0000007119443, 24.9699444483894, 0], [34.9983597126324, 24.9699444483894, 0], [34.9938047120458, 24.9722214480938, 0], [34.9925277117704, 24.9754444483427, 0], [34.9935267119876, 24.9786664473242, 0], [35.0000007119443, 24.9789164483618, 0], [35.0053907125724, 24.971361447641, 0], [35.0046387119079, 24.9699724475151, 0], [35.0000007119443, 24.9699444483894, 0]]], [[[33.9675827116188, 26.6560264489996, 0], [33.9648057106389, 26.6527784495365, 0], [33.9575537111599, 26.6609724490569, 0], [33.9521377116739, 26.6634444493367, 0], [33.9502797111357, 26.6689454499524, 0], [33.9506687114749, 26.6772214499499, 0], [33.9639167108355, 26.6819444490383, 0], [33.9689177111245, 26.6888884494557, 0], [33.9735267114729, 26.6903054490355, 0], [33.9750827116735, 26.68688944931, 0], [33.9743047109952, 26.6682774496707, 0], [33.9690287114055, 26.6626954492989, 0], [33.9675827116188, 26.6560264489996, 0]]], [[[33.9636657118142, 26.7784174500258, 0], [33.9669997116216, 26.7770824493726, 0], [33.9692237109307, 26.7807214496621, 0], [33.9722517109319, 26.7856384493276, 0], [33.9743047109952, 26.7854444496899, 0], [33.9772497116194, 26.7760564491255, 0], [33.9816667108881, 26.7703614497146, 0], [33.9927217114451, 26.7660824500437, 0], [33.9943357108762, 26.7603604499408, 0], [33.9935577113538, 26.7473334498958, 0], [33.9934997109675, 26.7461114491345, 0], [33.9944997110518, 26.7447494490064, 0], [34.0031397110872, 26.7328894494435, 0], [34.0042227117045, 26.727861449006, 0], [33.9986647114321, 26.721834449774, 0], [33.9976957106973, 26.7030834496446, 0], [33.9947517110962, 26.7060284490213, 0], [33.9946937107099, 26.706388449481, 0], [33.9931377116652, 26.7153344494853, 0], [33.9794737109285, 26.7430004499294, 0], [33.967334711043, 26.7527504500031, 0], [33.9560287114647, 26.7753624491031, 0], [33.9523047114511, 26.7863334493661, 0], [33.9544717113969, 26.7882214500769, 0], [33.9566117114619, 26.7900564496547, 0], [33.9591947116278, 26.7880284495704, 0], [33.9636657118142, 26.7784174500258, 0]]], [[[33.9848597109321, 26.8209174492595, 0], [33.9800567109257, 26.8160554490942, 0], [33.9772227117385, 26.8166944500171, 0], [33.9804457112648, 26.8256954494495, 0], [33.9765017115794, 26.8336944494141, 0], [33.9772227117385, 26.8373894492749, 0], [33.9823077112716, 26.8404164492288, 0], [33.9858897116547, 26.8390824496282, 0], [33.9875567109805, 26.8287504492617, 0], [33.9848597109321, 26.8209174492595, 0]]], [[[33.871082710991, 27.1594444497671, 0], [33.868000711228, 27.1591664504162, 0], [33.8666957112046, 27.1609994500117, 0], [33.8670847115437, 27.1688064504093, 0], [33.8708877114658, 27.1732214497398, 0], [33.8739737106974, 27.1728054495236, 0], [33.8750577111818, 27.1691384493904, 0], [33.873832710934, 27.1645284499392, 0], [33.871082710991, 27.1594444497671, 0]]], [[[33.9852217113903, 27.1668894500736, 0], [33.9795837113424, 27.1656954496701, 0], [33.9782797111861, 27.1681934501236, 0], [33.9792517115224, 27.1725824494221, 0], [33.9827767113863, 27.1778894500228, 0], [33.9863627112381, 27.1783884502843, 0], [33.9879457113196, 27.1738054501957, 0], [33.9864737115191, 27.1685274500994, 0], [33.9852217113903, 27.1668894500736, 0]]], [[[33.9841657118098, 27.1886944504779, 0], [33.9721107111685, 27.1885834496115, 0], [33.9723627112129, 27.2085554499545, 0], [33.9751127111559, 27.2145824496173, 0], [33.9781687109051, 27.2146114503058, 0], [33.9825827117283, 27.2121104503447, 0], [33.9862517109571, 27.2052784495548, 0], [33.9881667108585, 27.196333450023, 0], [33.9864427110136, 27.1908054498638, 0], [33.9841657118098, 27.1886944504779, 0]]], [[[33.8805277115855, 27.2172224496737, 0], [33.8708877114658, 27.2095284503844, 0], [33.8741117108593, 27.2196104499143, 0], [33.8741687113785, 27.219778450292, 0], [33.8753057106017, 27.2233624497258, 0], [33.8776097108423, 27.2243064501424, 0], [33.8835297115729, 27.2227494501748, 0], [33.8859177110577, 27.2188894502556, 0], [33.8805277115855, 27.2172224496737, 0]]], [[[33.9613347116927, 27.1866394498221, 0], [33.9559707110784, 27.1838054504579, 0], [33.9526407107396, 27.1842504501308, 0], [33.948501711529, 27.1874164496293, 0], [33.9466097108839, 27.1935824496784, 0], [33.9461937118198, 27.2055284494939, 0], [33.9430547115376, 27.2087234495261, 0], [33.9339987112822, 27.2119444501609, 0], [33.9255297116485, 27.2149444498729, 0], [33.9233057111835, 27.2189164494986, 0], [33.9207767107794, 27.2234174502701, 0], [33.9163627111121, 27.2279454501839, 0], [33.9036407112294, 27.2360844500805, 0], [33.9021377109234, 27.2386114498556, 0], [33.8973357107841, 27.2465844499598, 0], [33.8988347116215, 27.249805449982, 0], [33.9060287107142, 27.2501104503687, 0], [33.9073067108567, 27.2529164496296, 0], [33.9080277110158, 27.2544994500059, 0], [33.9051397109108, 27.2605284500252, 0], [33.9035267113469, 27.2638894501966, 0], [33.9050567115338, 27.2672504504869, 0], [33.9055297111171, 27.2682784495689, 0], [33.9063877115709, 27.2680554504436, 0], [33.9168627117322, 27.2656384500402, 0], [33.9259147113631, 27.2604444503067, 0], [33.9316677111607, 27.254083450001, 0], [33.9340557118014, 27.2474444504881, 0], [33.9318887106996, 27.2375274502282, 0], [33.9332237113613, 27.2334174502163, 0], [33.9488907107122, 27.215444450024, 0], [33.9523047114511, 27.2094994504289, 0], [33.9566117114619, 27.195528450516, 0], [33.961807711276, 27.1891674498654, 0], [33.9613347116927, 27.1866394498221, 0]]], [[[33.7576107109889, 27.514223450633, 0], [33.749389710775, 27.513639450687, 0], [33.7434157114385, 27.5161114501401, 0], [33.7436377108446, 27.5186384500115, 0], [33.7508047112122, 27.5226384502874, 0], [33.7559737111455, 27.5217784504921, 0], [33.7609177109153, 27.5170004506832, 0], [33.7576107109889, 27.514223450633, 0]]], [[[33.7384987115496, 27.5178894501915, 0], [33.7283597106769, 27.5085834500321, 0], [33.7244727115106, 27.5087514502188, 0], [33.7231677114872, 27.5108054502874, 0], [33.7284167111961, 27.5207504500649, 0], [33.7309457116001, 27.5230824504575, 0], [33.7360847108951, 27.5240554506788, 0], [33.739498710478, 27.5199714500359, 0], [33.7384987115496, 27.5178894501915, 0]]], [[[33.9301377109738, 27.5382504501051, 0], [33.9495017116134, 27.5345554498936, 0], [33.9536097114745, 27.5359724504256, 0], [33.9610827116483, 27.5358334504684, 0], [33.9642227117976, 27.5330834500269, 0], [33.9699447110898, 27.5281104506899, 0], [33.9768337113994, 27.5252784499807, 0], [33.9797787108676, 27.5240844503478, 0], [34.0049707117445, 27.5084994498425, 0], [34.0223357109266, 27.500166450337, 0], [34.0237507113638, 27.4986664499983, 0], [34.0270277118079, 27.4951664496913, 0], [34.038581710806, 27.4648614504883, 0], [34.0424727117527, 27.4546394498855, 0], [34.0412217114911, 27.4516394505217, 0], [34.0356107113241, 27.4465274501003, 0], [34.0302237114533, 27.4455544499531, 0], [34.0258067110287, 27.4484994499486, 0], [34.0244177117611, 27.4506954498445, 0], [34.0134737114851, 27.4679164504184, 0], [34.0057797117723, 27.4723894497528, 0], [33.9979177112593, 27.4769444500148, 0], [33.9866377116947, 27.491750450605, 0], [33.9752237114369, 27.4938894499779, 0], [33.9690817113002, 27.4950274504497, 0], [33.9582787107876, 27.5017514506795, 0], [33.9553337113194, 27.5036104500025, 0], [33.949138711288, 27.5042234506753, 0], [33.9394157117912, 27.4999714498597, 0], [33.933498711818, 27.4990004502638, 0], [33.9311677116965, 27.5005834506241, 0], [33.9279447110142, 27.5085834500321, 0], [33.9159167114097, 27.5226934499025, 0], [33.9174157110911, 27.5263884501192, 0], [33.9194457107422, 27.5264164507609, 0], [33.9241107117426, 27.5264724499728, 0], [33.9243057112678, 27.5313054506856, 0], [33.926807711791, 27.5370564499296, 0], [33.9301377109738, 27.5382504501051, 0]]], [[[33.7904167106471, 27.5430834504881, 0], [33.7803877113442, 27.5425284500289, 0], [33.7780267105844, 27.5454734499131, 0], [33.7784997113236, 27.5482214502755, 0], [33.7820817105508, 27.5487504500922, 0], [33.7848327115169, 27.5545274506036, 0], [33.7889177109657, 27.5570834508006, 0], [33.7895857112301, 27.5472224498802, 0], [33.7911377108062, 27.5463044498716, 0], [33.7904167106471, 27.5430834504881, 0]]], [[[33.8583067113464, 27.5519164500139, 0], [33.8606947108312, 27.5475824501003, 0], [33.8589447109726, 27.5443614502687, 0], [33.8550837106642, 27.5438324498131, 0], [33.849582710911, 27.5495284498511, 0], [33.8449447109474, 27.5490284499433, 0], [33.8420567108424, 27.5533334500445, 0], [33.844055711144, 27.5570564499583, 0], [33.848945711152, 27.5577774505093, 0], [33.8583067113464, 27.5519164500139, 0]]], [[[33.8796387106262, 27.5563054502502, 0], [33.8721657116083, 27.5559994501039, 0], [33.8695567114286, 27.5591664502525, 0], [33.8725817106724, 27.5621944498308, 0], [33.8785287112839, 27.5627234499668, 0], [33.8821677110303, 27.5593054504039, 0], [33.8796387106262, 27.5563054502502, 0]]], [[[33.7691657110101, 27.5513324504703, 0], [33.7679177115059, 27.54811144992, 0], [33.7580267112089, 27.5562494498451, 0], [33.7551117112231, 27.5608334505516, 0], [33.7563327108464, 27.56497245011, 0], [33.7594457111148, 27.5633884503526, 0], [33.7662777109051, 27.5556664499703, 0], [33.7691657110101, 27.5513324504703, 0]]], [[[33.8898627106103, 27.5798604504483, 0], [33.8878897114784, 27.5740834501025, 0], [33.8845297116573, 27.57541645062, 0], [33.8779717113005, 27.5831664501956, 0], [33.8810277110497, 27.5864164503135, 0], [33.8794447109682, 27.5891664499702, 0], [33.8719447109134, 27.5895274497923, 0], [33.8695837113095, 27.5925004500638, 0], [33.8711127116292, 27.5952494499302, 0], [33.8777777116425, 27.5971664497961, 0], [33.8834997109346, 27.5938054502361, 0], [33.8876957106644, 27.5883334499346, 0], [33.8898627106103, 27.5798604504483, 0]]], [[[33.7905007110472, 27.5888064498778, 0], [33.8021927113632, 27.5825274505757, 0], [33.8051107109505, 27.5777224506056, 0], [33.8036117112691, 27.5747224507551, 0], [33.7982487116778, 27.5721394502005, 0], [33.7919157114845, 27.5642514507007, 0], [33.7833907111987, 27.5646114504278, 0], [33.7808607109275, 27.5622764507317, 0], [33.778945711026, 27.5514454503523, 0], [33.7693597106681, 27.5566124507557, 0], [33.7643317104982, 27.5641384506766, 0], [33.7648317111183, 27.5664444499485, 0], [33.7681387110448, 27.56877744997, 0], [33.7766687106663, 27.567278450304, 0], [33.778945711026, 27.5693894499, 0], [33.7763327113777, 27.5718614504631, 0], [33.76833371057, 27.5722504500943, 0], [33.7667777115253, 27.5740544503116, 0], [33.7676927113424, 27.5802784506081, 0], [33.7643057104845, 27.5832214502406, 0], [33.7581947108532, 27.5785564502835, 0], [33.7444457110052, 27.5834444499728, 0], [33.7413337106039, 27.5861664506504, 0], [33.7429167106855, 27.5879724502794, 0], [33.7501947113342, 27.5963614503259, 0], [33.7536657114363, 27.6073894502204, 0], [33.7541127110058, 27.6088334501912, 0], [33.7616657109553, 27.621778450911, 0], [33.7649727108817, 27.6241114503259, 0], [33.7722207108921, 27.6223604500517, 0], [33.7782217112655, 27.6171664502057, 0], [33.7801397107684, 27.6107504500726, 0], [33.7803877113442, 27.5937504503776, 0], [33.7825017113954, 27.5910284504883, 0], [33.7905007110472, 27.5888064498778, 0]]], [[[33.7918327109515, 27.6219154503606, 0], [33.78983371065, 27.6168324507423, 0], [33.7844167112969, 27.6174714501017, 0], [33.7831657110353, 27.6266674500696, 0], [33.782665711571, 27.6303064499368, 0], [33.7849737112803, 27.6314714502209, 0], [33.7887497113214, 27.6280274499572, 0], [33.7899437110638, 27.6269434499916, 0], [33.7918327109515, 27.6219154503606, 0]]], [[[33.6823347112731, 27.6320554500819, 0], [33.681640710995, 27.6281394501468, 0], [33.6772237105703, 27.6289994502346, 0], [33.666194711183, 27.6424164501396, 0], [33.6681937114845, 27.6461104507989, 0], [33.6728327113153, 27.6468624500914, 0], [33.6783337110685, 27.6411954506362, 0], [33.6823347112731, 27.6320554500819, 0]]], [[[33.8096127116424, 27.6223604500517, 0], [33.8055007111568, 27.6213894508515, 0], [33.7939987110302, 27.6322784507989, 0], [33.7846687113412, 27.6526104503645, 0], [33.7874187112843, 27.6576944502876, 0], [33.7935567107964, 27.6621384500837, 0], [33.7989427108, 27.6628894505052, 0], [33.8153617108155, 27.652750450103, 0], [33.8166967114772, 27.6497784504334, 0], [33.8191947113758, 27.6371674500143, 0], [33.8175017108804, 27.6295544505267, 0], [33.8096127116424, 27.6223604500517, 0]]], [[[33.6425017111434, 27.6558894508112, 0], [33.6417777113829, 27.652666450691, 0], [33.6313627113422, 27.6591954504473, 0], [33.6268887103984, 27.6648884504975, 0], [33.6244167105135, 27.6733604508912, 0], [33.626110710876, 27.6800274505002, 0], [33.6291967112635, 27.6821384503561, 0], [33.6343617105723, 27.6801394506684, 0], [33.6366657108129, 27.666389450155, 0], [33.639804711095, 27.6607494499726, 0], [33.6425017111434, 27.6558894508112, 0]]], [[[33.8095287112423, 27.6806944504198, 0], [33.795028710597, 27.6674444506898, 0], [33.7872507104841, 27.6689454500492, 0], [33.7854467108636, 27.6700844509027, 0], [33.7856677115584, 27.6719174507523, 0], [33.792583710593, 27.6749994505216, 0], [33.7973907112239, 27.6821674501884, 0], [33.8071677116384, 27.6834454506429, 0], [33.8095287112423, 27.6806944504198, 0]]], [[[33.7429737112047, 27.6799164503024, 0], [33.7412497113598, 27.6750564507684, 0], [33.735862711489, 27.674083450164, 0], [33.7297517107018, 27.6673334499922, 0], [33.7240837111715, 27.6670284508703, 0], [33.7212797114667, 27.6649434504552, 0], [33.7180557109172, 27.6563894507346, 0], [33.7091947113429, 27.6457214501817, 0], [33.7053337110345, 27.6454454505158, 0], [33.7058607115356, 27.6617504504251, 0], [33.6992227114033, 27.6733894499828, 0], [33.7017217111691, 27.6796394508938, 0], [33.7068597105969, 27.6806104499635, 0], [33.7074437116171, 27.6803344503491, 0], [33.7133597105673, 27.6776944500856, 0], [33.7233627110124, 27.6810554504023, 0], [33.725139710752, 27.683139450382, 0], [33.7287217111351, 27.7020284502481, 0], [33.7322507116235, 27.7066674504266, 0], [33.7350847108108, 27.7064724507039, 0], [33.7406127116008, 27.6996384504921, 0], [33.7429737112047, 27.6799164503024, 0]]], [[[33.6967777113993, 27.6823334505623, 0], [33.6944427106532, 27.6818334505954, 0], [33.6849707113337, 27.6934454508036, 0], [33.6769187106313, 27.6967774503975, 0], [33.673751710601, 27.7029434506823, 0], [33.6702237111357, 27.7120834505716, 0], [33.671943711512, 27.717611450511, 0], [33.6749997112612, 27.7199444501694, 0], [33.6830827113131, 27.7152214503457, 0], [33.6911127114704, 27.7137224501502, 0], [33.6928337105579, 27.7022494507213, 0], [33.6990287105893, 27.6867214501646, 0], [33.6967777113993, 27.6823334505623, 0]]], [[[33.7083057115396, 27.7700004506546, 0], [33.7091107109429, 27.7513884509474, 0], [33.7033047112506, 27.7593614507349, 0], [33.7011377113047, 27.765556450592, 0], [33.7007487109656, 27.7728884504806, 0], [33.7038047107148, 27.7759174508309, 0], [33.7083057115396, 27.7700004506546, 0]]], [[[33.6090277112207, 27.762306450259, 0], [33.6091657113826, 27.7531114507159, 0], [33.6026657114122, 27.7553064502681, 0], [33.599498711382, 27.7607784508549, 0], [33.5960847106432, 27.763805450095, 0], [33.5884707107059, 27.7705274507172, 0], [33.587917711347, 27.7735004506646, 0], [33.5934187111002, 27.783695450921, 0], [33.6019447112531, 27.7835564506123, 0], [33.6074447111392, 27.7799724503667, 0], [33.6100847106684, 27.775861450343, 0], [33.6141127107539, 27.7671944505851, 0], [33.6121947112509, 27.7653334509861, 0], [33.6090277112207, 27.762306450259, 0]]], [[[33.6935277108361, 27.7714734500408, 0], [33.6932487109108, 27.7691114509885, 0], [33.6894987108834, 27.7697504504368, 0], [33.6807517111916, 27.7809164500323, 0], [33.6757247108889, 27.7893334504903, 0], [33.6766667105869, 27.79350145016, 0], [33.6824157109159, 27.7889734502093, 0], [33.6935277108361, 27.7714734500408, 0]]], [[[33.3818327110393, 31.0924454531401, 0], [33.3804167107349, 31.0895554540187, 0], [33.3728907106663, 31.0929714537449, 0], [33.3716927102994, 31.0980834534227, 0], [33.3742797110898, 31.0981104539715, 0], [33.3768887112695, 31.0978334532557, 0], [33.3818327110393, 31.0924454531401, 0]]], [[[33.3884437112907, 31.098638453263, 0], [33.3847507106266, 31.095693453292, 0], [33.3802227110768, 31.099805453263, 0], [33.3801957111959, 31.1014174539101, 0], [33.383167710545, 31.1017784535497, 0], [33.3868907106915, 31.1011654533045, 0], [33.3884437112907, 31.098638453263, 0]]], [[[33.3006667100753, 31.0984174534031, 0], [33.2964177104508, 31.09683445363, 0], [33.2875297109956, 31.0973054534488, 0], [33.2910007110977, 31.101638453718, 0], [33.3030017108213, 31.1061114536365, 0], [33.3048327103227, 31.1046104531429, 0], [33.3006667100753, 31.0984174534031, 0]]], [[[32.88791671022, 31.0954174531652, 0], [32.8805007105653, 31.0946104531328, 0], [32.8755267101572, 31.1018624539436, 0], [32.8770297104632, 31.1053044534083, 0], [32.8801957106263, 31.106971453373, 0], [32.8844987100126, 31.105444453774, 0], [32.8889167103044, 31.0981944536502, 0], [32.88791671022, 31.0954174531652, 0]]], [[[33.3731117102053, 31.1067774531737, 0], [33.3706937112381, 31.1033894537363, 0], [33.3642767106447, 31.1036114535364, 0], [33.3596117108002, 31.1063064538107, 0], [33.3606377108983, 31.1087494535306, 0], [33.3723607105638, 31.1086124538078, 0], [33.3731117102053, 31.1067774531737, 0]]], [[[33.3431137108764, 31.1124994537056, 0], [33.3403327104279, 31.1090834536083, 0], [33.3339727103537, 31.1065564534484, 0], [33.3076667106659, 31.105249453809, 0], [33.3058317105399, 31.1070554531323, 0], [33.3082777104111, 31.1101664540133, 0], [33.3146407100867, 31.1126934530994, 0], [33.3334997107704, 31.1123624534561, 0], [33.337749710262, 31.1133324537985, 0], [33.3431137108764, 31.1124994537056, 0]]], [[[33.1434707101527, 31.1085284534466, 0], [33.1419987103522, 31.1065824539667, 0], [33.1374437109215, 31.1113054535744, 0], [33.1370277107015, 31.1138614530897, 0], [33.143001710038, 31.1133064531493, 0], [33.1434707101527, 31.1085284534466, 0]]], [[[32.0911947100822, 31.127138453536, 0], [32.0872767092546, 31.1245274540466, 0], [32.0805017099834, 31.1280274534445, 0], [32.0779997094602, 31.1309454537062, 0], [32.080082709006, 31.1328334539697, 0], [32.0886957091605, 31.1302774538582, 0], [32.0911947100822, 31.127138453536, 0]]], [[[32.071445709728, 31.1360834532983, 0], [32.0713887092088, 31.1291944533647, 0], [32.0622217098283, 31.1331124531225, 0], [32.0633317091706, 31.1393054531102, 0], [32.0660017093381, 31.1398334537961, 0], [32.071445709728, 31.1360834532983, 0]]], [[[32.2473907099204, 31.1252784538713, 0], [32.2461397096588, 31.124389453933, 0], [32.2389457094102, 31.1294174535269, 0], [32.2388877090239, 31.1315844532174, 0], [32.2313347090744, 31.1407224534526, 0], [32.2264717101033, 31.1427784536718, 0], [32.2261657091412, 31.1451664531663, 0], [32.2306677098331, 31.1461104539611, 0], [32.2322237100337, 31.1448614539417, 0], [32.2462767099536, 31.1282764538945, 0], [32.2473907099204, 31.1252784538713, 0]]], [[[32.212276709397, 31.1762504535574, 0], [32.2079167094915, 31.1706394539266, 0], [32.2032507097799, 31.1708334540825, 0], [32.2019467096236, 31.173721453849, 0], [32.2066117094681, 31.1781674536551, 0], [32.212276709397, 31.1762504535574, 0]]], [[[32.2308047101278, 31.1757774532757, 0], [32.2347797091628, 31.1691384536617, 0], [32.2304457092711, 31.1712224541002, 0], [32.222251710094, 31.1755834533572, 0], [32.215137709621, 31.1771664536283, 0], [32.2211117101135, 31.1794454535865, 0], [32.2308047101278, 31.1757774532757, 0]]], [[[32.0864447099704, 31.1725004538037, 0], [32.0870287098347, 31.1693614538382, 0], [32.0836377095082, 31.1693894538144, 0], [32.0836107096273, 31.1693894538144, 0], [32.0774727089592, 31.1749174532738, 0], [32.077388709715, 31.1779444534449, 0], [32.0833627090515, 31.1798324532065, 0], [32.0854457097532, 31.1777234533792, 0], [32.0864447099704, 31.1725004538037, 0]]], [[[32.0735557091547, 31.1956124536299, 0], [32.0723347095314, 31.1945004540327, 0], [32.0682797095649, 31.1954994534004, 0], [32.0627517099308, 31.2029434539678, 0], [32.0592237093095, 31.2033064538474, 0], [32.0586927093399, 31.2045844534671, 0], [32.0636107090959, 31.2083604538854, 0], [32.0661657095137, 31.2071384532563, 0], [32.0735557091547, 31.1956124536299, 0]]], [[[33.4185567103692, 31.1723064540953, 0], [33.4682507113135, 31.1414454533737, 0], [33.4710847105007, 31.1390844539347, 0], [33.471862711179, 31.1384164540211, 0], [33.4719427109546, 31.1341384531308, 0], [33.4687237108968, 31.134416453095, 0], [33.4503597103417, 31.1473334531265, 0], [33.4446377110495, 31.1475564531794, 0], [33.434860710635, 31.1572224532445, 0], [33.4175837113217, 31.1667784535686, 0], [33.4083067103714, 31.1691114535426, 0], [33.4080277104461, 31.1641944540991, 0], [33.3914987111728, 31.1716384539048, 0], [33.3850827104465, 31.1730844532906, 0], [33.372112711144, 31.1802504533854, 0], [33.3570557105152, 31.1855274534713, 0], [33.3276677110644, 31.1958334534613, 0], [33.2947507111251, 31.2033334541015, 0], [33.2871937105511, 31.2062774539142, 0], [33.2739987110851, 31.2073064541673, 0], [33.2686117112144, 31.2090834536692, 0], [33.2671397102579, 31.2115004532427, 0], [33.2699737106011, 31.2133884538529, 0], [33.2760277108691, 31.2128624537868, 0], [33.315612710423, 31.2048894531962, 0], [33.3271677104443, 31.202583453406, 0], [33.3429457100762, 31.1972774538464, 0], [33.375167711026, 31.1891674537363, 0], [33.4060287113005, 31.1758064531937, 0], [33.4185567103692, 31.1723064540953, 0]]], [[[32.2113607097127, 31.2154444536372, 0], [32.2246397095788, 31.2117214535247, 0], [32.2271387093446, 31.2148894533492, 0], [32.2359737100611, 31.2033884541558, 0], [32.2419167100481, 31.2014444538782, 0], [32.252887710205, 31.2003064540806, 0], [32.2648627099149, 31.2010554534603, 0], [32.2751657098073, 31.2042504536503, 0], [32.2800297098016, 31.2023044541293, 0], [32.2819177098221, 31.1990834536033, 0], [32.2826957093445, 31.1977214533723, 0], [32.2819717095839, 31.1956944536858, 0], [32.2810827097806, 31.1931384540804, 0], [32.2782217095565, 31.1910284533515, 0], [32.2767487098889, 31.191194453811, 0], [32.2750017096317, 31.1914154540721, 0], [32.2713897097662, 31.1966114541116, 0], [32.2671397091186, 31.1962774538306, 0], [32.2667237100545, 31.1919174532802, 0], [32.2716107093051, 31.1800844535116, 0], [32.2604187096093, 31.189027453348, 0], [32.26239071003, 31.1943344534396, 0], [32.2599187101451, 31.1965824536455, 0], [32.2419737094114, 31.1985284532083, 0], [32.2399717095083, 31.1954444537037, 0], [32.2507787094896, 31.1812494538372, 0], [32.249389710222, 31.1747784534408, 0], [32.2463877090787, 31.1772504535324, 0], [32.2451667094554, 31.184084453549, 0], [32.242248709868, 31.1892224541147, 0], [32.2341657098161, 31.1929434534718, 0], [32.2268607092865, 31.1963064534015, 0], [32.2154167095463, 31.2043054541601, 0], [32.2064437098238, 31.2102774541451, 0], [32.2113607097127, 31.2154444536372, 0]]], [[[32.2015007099212, 31.2035274535032, 0], [32.177249710031, 31.2029724534729, 0], [32.1726117100675, 31.2045274540052, 0], [32.1599737094289, 31.2113054539025, 0], [32.1501967090144, 31.218973453519, 0], [32.1495817098006, 31.2266674541416, 0], [32.1557237099373, 31.2258344537974, 0], [32.1646387092734, 31.2148614539804, 0], [32.1703337098406, 31.2103884535502, 0], [32.1768877095728, 31.2085554533663, 0], [32.2001957098978, 31.2084164534986, 0], [32.2036937098808, 31.2071664539233, 0], [32.2015007099212, 31.2035274535032, 0]]], [[[32.1224177096589, 31.2140564540006, 0], [32.1184997099872, 31.2115274541234, 0], [32.1144447100208, 31.2127494534021, 0], [32.1113057097386, 31.2153054540098, 0], [32.1098597099519, 31.2246114532963, 0], [32.1138877100374, 31.2306384537449, 0], [32.1175277096509, 31.2305564533461, 0], [32.1132777090034, 31.2191104538902, 0], [32.1224177096589, 31.2140564540006, 0]]], [[[33.1634177107894, 31.2320004533369, 0], [33.1726957104509, 31.2303044540377, 0], [33.1826937104044, 31.2304444536266, 0], [33.195221710629, 31.2272774534829, 0], [33.1962207108462, 31.2272774534829, 0], [33.2062497101492, 31.2274434535879, 0], [33.230609710586, 31.2210564535754, 0], [33.25455471067, 31.2174454534429, 0], [33.2628067102334, 31.2145004538558, 0], [33.264667710373, 31.2114714533865, 0], [33.2621957104882, 31.2098884534738, 0], [33.2579157103582, 31.2098334532447, 0], [33.2456937110957, 31.2151664531894, 0], [33.2242777102599, 31.2173064537916, 0], [33.2081377101698, 31.2219444536601, 0], [33.196724710935, 31.2226944540259, 0], [33.1940007110057, 31.2233044533091, 0], [33.1820567106454, 31.2258604532297, 0], [33.1563607108356, 31.2279164535918, 0], [33.1289177107686, 31.2280824535628, 0], [33.1150287110244, 31.2275834534616, 0], [33.0906677107204, 31.2176954536028, 0], [33.0882227107164, 31.214306453236, 0], [33.0904167105432, 31.2118894532146, 0], [33.0954177108322, 31.2110274541376, 0], [33.094806709931, 31.2090284539605, 0], [33.082359710505, 31.2046944540663, 0], [33.062362710731, 31.2009714539175, 0], [33.0566677101638, 31.1999164533324, 0], [33.0499997105491, 31.1970554537965, 0], [33.0208897100005, 31.1761664537552, 0], [33.011833710901, 31.1748624534852, 0], [33.0007517104631, 31.1698604535155, 0], [32.9594997104275, 31.1563054541173, 0], [32.9457517104467, 31.1510274539833, 0], [32.9339187103674, 31.1443884532556, 0], [32.9294167108314, 31.1429444536221, 0], [32.9283907107332, 31.1436674534196, 0], [32.9275287108108, 31.1442774536228, 0], [32.936111710327, 31.1531394539727, 0], [32.9601937107057, 31.1602234534494, 0], [32.9643897104355, 31.1637234539207, 0], [32.9736097108666, 31.167999453198, 0], [32.9958617104552, 31.1738894537605, 0], [33.0227777100211, 31.186056453494, 0], [33.0454177100817, 31.1992784534234, 0], [33.0518077107941, 31.2050004539815, 0], [33.0564727106386, 31.2091944534871, 0], [33.0692787109214, 31.2168614538466, 0], [33.0864447099538, 31.2236674541109, 0], [33.0946657101676, 31.2269174536348, 0], [33.1065827106471, 31.2303044540377, 0], [33.1331107108969, 31.232750453961, 0], [33.1634177107894, 31.2320004533369, 0]]], [[[32.0452507091652, 31.2395554533427, 0], [32.0382767097443, 31.236555453306, 0], [32.0354727088836, 31.2378064538923, 0], [32.0346687093475, 31.239944453492, 0], [32.0436097098533, 31.2436104541269, 0], [32.0459447094434, 31.2415004538819, 0], [32.0452507091652, 31.2395554533427, 0]]], [[[32.1640547094091, 31.2406384540456, 0], [32.1642497100902, 31.2343884533643, 0], [32.1671677096775, 31.232973453486, 0], [32.1705817092604, 31.2332234540873, 0], [32.1756667099495, 31.2367784537335, 0], [32.1779447101764, 31.2368334540993, 0], [32.180137710136, 31.2342494539203, 0], [32.1829457093095, 31.2170564535916, 0], [32.1789437092377, 31.2164724535697, 0], [32.1744727090512, 31.218860453518, 0], [32.1559987092381, 31.2358344535338, 0], [32.152500709255, 31.2313324534748, 0], [32.1473617099601, 31.229917453297, 0], [32.145248709776, 31.2367494537254, 0], [32.139194709508, 31.2407224539261, 0], [32.139526709328, 31.2426944540373, 0], [32.1427237099965, 31.2444174536515, 0], [32.1620827089885, 31.2430554532075, 0], [32.1640547094091, 31.2406384540456, 0]]], [[[32.1013607096799, 31.2353894538453, 0], [32.096111709971, 31.232500454085, 0], [32.0835577097326, 31.2329164533472, 0], [32.0819167092648, 31.2344724538607, 0], [32.084972709014, 31.2386664535071, 0], [32.0810547093423, 31.2445274533612, 0], [32.0814707095623, 31.2486664538654, 0], [32.0849157096507, 31.2494454536729, 0], [32.0895007097196, 31.2479444535598, 0], [32.0996397094364, 31.2477224538892, 0], [32.0987517095002, 31.241972453534, 0], [32.1036687093891, 31.2388894538929, 0], [32.1013607096799, 31.2353894538453, 0]]], [[[32.3311387100272, 31.2144164534019, 0], [32.3284987093421, 31.2134434539915, 0], [32.3202217096322, 31.2173064537916, 0], [32.316501710243, 31.2219714535353, 0], [32.3140257097336, 31.2250554539922, 0], [32.3159717101405, 31.2279454533458, 0], [32.3132517096799, 31.2457214537908, 0], [32.3254737100983, 31.2556114536448, 0], [32.3450277097714, 31.2407494533777, 0], [32.3440017096733, 31.2363894533951, 0], [32.3433607092898, 31.2337224540568, 0], [32.3391117096653, 31.2246954535879, 0], [32.3311387100272, 31.2144164534019, 0]]], [[[31.9283337090748, 31.2525554536285, 0], [31.92594570959, 31.2512224534785, 0], [31.9191117089094, 31.2552224538004, 0], [31.9178887095518, 31.2580834537968, 0], [31.9196947089066, 31.2597214535596, 0], [31.9271667092133, 31.2599164537788, 0], [31.9307497094635, 31.2585564535352, 0], [31.9283337090748, 31.2525554536285, 0]]], [[[32.0283627090351, 31.2562504537915, 0], [32.026332709384, 31.256195453864, 0], [32.0247497093025, 31.2583334541377, 0], [32.0243607089633, 31.2626384536343, 0], [32.0289457090323, 31.2614444537154, 0], [32.0283627090351, 31.2562504537915, 0]]], [[[32.115055709766, 31.2560824539123, 0], [32.1128047094201, 31.2551674532739, 0], [32.1031117094057, 31.2586114540633, 0], [32.1045577091925, 31.2608054541472, 0], [32.1095547100128, 31.2626664536662, 0], [32.115055709766, 31.2560824539123, 0]]], [[[32.2613907099456, 31.2476674539346, 0], [32.257167709179, 31.2436104541269, 0], [32.2539717095335, 31.246055453346, 0], [32.2545817094116, 31.2513334532175, 0], [32.2502217095062, 31.2569714538307, 0], [32.2504997095643, 31.2601104536376, 0], [32.2561377096122, 31.263166454109, 0], [32.2607497095621, 31.262611453525, 0], [32.2619177092907, 31.2557504532717, 0], [32.268859709495, 31.254778453576, 0], [32.2613907099456, 31.2476674539346, 0]]], [[[32.1750837099523, 31.2556384537803, 0], [32.1748357093766, 31.2515274539168, 0], [32.1648067100736, 31.2601944539825, 0], [32.1565557092215, 31.2616674536673, 0], [32.1542517089809, 31.2620834538974, 0], [32.1546667093338, 31.2631954539092, 0], [32.1556667094181, 31.2658884540911, 0], [32.163887709632, 31.2655834536164, 0], [32.1730537091453, 31.2598894538789, 0], [32.1750837099523, 31.2556384537803, 0]]], [[[32.0857237098113, 31.2675284535089, 0], [32.0888597093361, 31.2639164542524, 0], [32.093582709567, 31.2655274532991, 0], [32.0966957098354, 31.2628064537015, 0], [32.0952227090118, 31.2612494536889, 0], [32.095806710032, 31.2591114542504, 0], [32.0938077097304, 31.2581944533738, 0], [32.0851667098279, 31.2603604535501, 0], [32.0837217099083, 31.2666114533966, 0], [32.0857237098113, 31.2675284535089, 0]]], [[[32.0278057090517, 31.265333453707, 0], [32.0253067092859, 31.2648334538771, 0], [32.0222207088984, 31.2669164535126, 0], [32.0234187092653, 31.2691114540344, 0], [32.0273897099876, 31.2709444542136, 0], [32.0316967099984, 31.2703894539292, 0], [32.0278057090517, 31.265333453707, 0]]], [[[31.9594727094073, 31.2541104537288, 0], [31.9526387098827, 31.252027454075, 0], [31.9420547091747, 31.2554434536165, 0], [31.9281387095496, 31.2700274537093, 0], [31.9249177097575, 31.2779734540299, 0], [31.9255277096356, 31.2815284540653, 0], [31.9285277098887, 31.2815834540455, 0], [31.9391937089507, 31.263416453831, 0], [31.9449157093987, 31.2595274538893, 0], [31.9604727094917, 31.2578054533042, 0], [31.9609167094598, 31.2560554539038, 0], [31.9594727094073, 31.2541104537288, 0]]], [[[32.1526377095498, 31.2712494541547, 0], [32.1503607091901, 31.27052745368, 0], [32.14727770956, 31.271110453643, 0], [32.1472207090408, 31.2732504535453, 0], [32.1451117094813, 31.2794434535204, 0], [32.1482507097634, 31.2829724539578, 0], [32.1529427094889, 31.2738894538032, 0], [32.1526377095498, 31.2712494541547, 0]]], [[[32.1387217099247, 31.269277453725, 0], [32.1361387097588, 31.2666114533966, 0], [32.1306647098865, 31.2700824534802, 0], [32.1251677096019, 31.2748894536272, 0], [32.1259467089914, 31.2810004536109, 0], [32.1295017094936, 31.2831934539818, 0], [32.1308597094117, 31.2825834533011, 0], [32.1293067099685, 31.2772774537429, 0], [32.1387217099247, 31.269277453725, 0]]], [[[32.0605547093467, 31.2825284539041, 0], [32.0565567098995, 31.2811394533792, 0], [32.0517507091356, 31.2816654535973, 0], [32.0511097099081, 31.2859994540986, 0], [32.0561677095603, 31.2858884536462, 0], [32.0605547093467, 31.2825284539041, 0]]], [[[32.1234747091065, 31.2863614542656, 0], [32.1228337098789, 31.2819174541347, 0], [32.1209717098721, 31.2807214537206, 0], [32.1106947099934, 31.2788334542684, 0], [32.10144471008, 31.2810844541279, 0], [32.0990837093202, 31.2836664533028, 0], [32.0993887092592, 31.2859724537603, 0], [32.1066937097888, 31.284334453348, 0], [32.1234747091065, 31.2863614542656, 0]]], [[[32.0843887091496, 31.2746654535052, 0], [32.0826377094238, 31.2702504541264, 0], [32.0778887091792, 31.2770274541945, 0], [32.0708047093445, 31.2814444539438, 0], [32.071029709508, 31.2816944536385, 0], [32.0762487097344, 31.2870824533909, 0], [32.0799717098809, 31.2876394535641, 0], [32.0832487091691, 31.2845004539088, 0], [32.0820547094267, 31.2803324536573, 0], [32.0843887091496, 31.2746654535052, 0]]], [[[31.9851117098538, 31.2901934542537, 0], [31.9887777094811, 31.2847784537887, 0], [31.994054708938, 31.2867224533674, 0], [31.99386070928, 31.2759434542325, 0], [31.9869177092086, 31.2757774534282, 0], [31.9869177092086, 31.2682224538581, 0], [31.980499709904, 31.2602784542526, 0], [31.9779727092342, 31.2621934537753, 0], [31.9780007089823, 31.2622774542424, 0], [31.982750709094, 31.2733894538677, 0], [31.9822507096298, 31.2882784541257, 0], [31.9851117098538, 31.2901934542537, 0]]], [[[31.8209997097408, 31.2908324533089, 0], [31.8198607096273, 31.2858334542012, 0], [31.8170287090185, 31.2860834541138, 0], [31.8114457097554, 31.2917214537382, 0], [31.810888709772, 31.2965284542241, 0], [31.813638709715, 31.298666454061, 0], [31.8169727095224, 31.2993894539607, 0], [31.8190557090682, 31.298334454138, 0], [31.8209997097408, 31.2908324533089, 0]]], [[[32.0926097093635, 31.2929724541499, 0], [32.0903327090038, 31.2885554540762, 0], [32.0865287092146, 31.2907504538269, 0], [32.0802767098199, 31.3025284536355, 0], [32.0801127096443, 31.3082774541247, 0], [32.0776677096403, 31.3091394533205, 0], [32.0826377094238, 31.3126944542272, 0], [32.0893897094386, 31.310556453709, 0], [32.0916937096792, 31.3046394537112, 0], [32.0896687093639, 31.3016114540831, 0], [32.0926097093635, 31.2929724541499, 0]]], [[[31.8352777098241, 31.3048324539517, 0], [31.8290557087559, 31.3009724540282, 0], [31.8259717092586, 31.3095554535248, 0], [31.8264167090939, 31.3134174541248, 0], [31.8291117094079, 31.3158894540757, 0], [31.8341677093259, 31.3158604536926, 0], [31.8384727096024, 31.3097234539601, 0], [31.8352777098241, 31.3048324539517, 0]]], [[[31.9864447096253, 31.2986944542628, 0], [31.9830287091522, 31.2974724538694, 0], [31.9686397099437, 31.2959724538003, 0], [31.9625287091565, 31.2978894537841, 0], [31.9525287094688, 31.2914444542003, 0], [31.9433327093172, 31.2903884537197, 0], [31.9240557098351, 31.2884734536015, 0], [31.9173337093027, 31.290138453369, 0], [31.9165007089954, 31.2830014535972, 0], [31.912750708968, 31.2751104538217, 0], [31.9150827089567, 31.2692224534849, 0], [31.9135837092753, 31.2659724542333, 0], [31.9035837095875, 31.2671944538447, 0], [31.9098607091288, 31.2821384536675, 0], [31.9060007098435, 31.2933064534052, 0], [31.9061107091014, 31.2981114539525, 0], [31.9092777091316, 31.2995544541522, 0], [31.912611708939, 31.2952784541693, 0], [31.9184727094161, 31.2954444542272, 0], [31.9295007089363, 31.3012214537766, 0], [31.9379157088082, 31.3097234539601, 0], [31.9354997095753, 31.3134994536343, 0], [31.9403057091832, 31.3214164537694, 0], [31.9364457098978, 31.3250004539087, 0], [31.9408897090475, 31.3302234534632, 0], [31.947750709609, 31.3312224537522, 0], [31.9510847094163, 31.3267234540219, 0], [31.9615557089531, 31.3251664539302, 0], [31.9676117089554, 31.3195554534334, 0], [31.9724447096001, 31.3190004539329, 0], [31.9743617092359, 31.3091944539799, 0], [31.9765837099666, 31.3060284536518, 0], [31.9876937089967, 31.3014714533737, 0], [31.9864447096253, 31.2986944542628, 0]]], [[[32.0274737092317, 31.3258344540555, 0], [32.0421677095351, 31.3011954533696, 0], [32.0422517099352, 31.2984164539361, 0], [32.0363617098429, 31.3012774536413, 0], [32.0333597098555, 31.2985844534926, 0], [32.0375827094662, 31.2937224533837, 0], [32.0414427099074, 31.2736394541667, 0], [32.0399437090701, 31.2706394542745, 0], [32.0304457097368, 31.2743894540524, 0], [32.029304709889, 31.2774714534733, 0], [32.0298347099915, 31.2859724537603, 0], [32.0272787097066, 31.2992234539374, 0], [32.0245287097635, 31.3019164536031, 0], [32.0248877094644, 31.3074434535317, 0], [32.0250547092415, 31.3099444534827, 0], [32.0234457091462, 31.3188614537131, 0], [32.020389709397, 31.3224454533516, 0], [32.0091937090766, 31.3295004542458, 0], [32.0064167092527, 31.3331104541707, 0], [32.0093047093576, 31.3347774542713, 0], [32.0146947099858, 31.3328614538148, 0], [32.0274737092317, 31.3258344540555, 0]]], [[[31.9703617088984, 31.3368344540461, 0], [31.9660287088739, 31.3286954533957, 0], [31.9524727088168, 31.3336104542241, 0], [31.9537227092112, 31.3366104540473, 0], [31.9586397091001, 31.3377224536604, 0], [31.9617507096342, 31.336471454159, 0], [31.9691657094217, 31.3379724541081, 0], [31.9703617088984, 31.3368344540461, 0]]], [[[31.9389437097965, 31.3314994538315, 0], [31.9360827095725, 31.3314174541995, 0], [31.9208887098049, 31.3389454542263, 0], [31.9187227097262, 31.341694453926, 0], [31.9194167088484, 31.3436664535426, 0], [31.9216937092081, 31.344055453741, 0], [31.9288887093239, 31.340944453603, 0], [31.9413897096676, 31.3386114538922, 0], [31.9414737089118, 31.336471454159, 0], [31.9389437097965, 31.3314994538315, 0]]], [[[31.9068897096468, 31.3384994541, 0], [31.9006937097483, 31.3376944542008, 0], [31.9004727090534, 31.3384994541, 0], [31.8978617091395, 31.3415544535693, 0], [31.8952217096103, 31.3450834535706, 0], [31.8939437094678, 31.3457224534311, 0], [31.8958057094746, 31.3455564541273, 0], [31.8966107088779, 31.3451114537929, 0], [31.8978617091395, 31.3431394538626, 0], [31.8985557094177, 31.3423614541541, 0], [31.9064997094405, 31.3421384535665, 0], [31.9084457098475, 31.3403604540922, 0], [31.9068897096468, 31.3384994541, 0]]], [[[32.1069987097278, 31.318166453486, 0], [32.1066937097888, 31.315694454052, 0], [32.1045837092062, 31.3158054539631, 0], [32.0974997093715, 31.322221453668, 0], [32.0885547093971, 31.3269444541345, 0], [32.0535017100174, 31.3461664538049, 0], [32.0524447094138, 31.3499164540002, 0], [32.0774467101013, 31.3395004536227, 0], [32.0864447099704, 31.3331394541773, 0], [32.1049467095316, 31.3235284534521, 0], [32.1069987097278, 31.318166453486, 0]]], [[[32.0373617099272, 31.3593064536355, 0], [32.0352787092256, 31.3571954533701, 0], [32.0307237097949, 31.3575554535095, 0], [32.0255857092112, 31.3601664536489, 0], [32.0175557090539, 31.3606664540113, 0], [32.0136687098876, 31.3644714533353, 0], [32.0146377094666, 31.3674714539137, 0], [32.0218887090784, 31.3669724540266, 0], [32.0373617099272, 31.3593064536355, 0]]], [[[32.0023617092863, 31.3715844541926, 0], [32.0022777088862, 31.3687784538257, 0], [32.0014157089637, 31.3684444538312, 0], [31.9974997090264, 31.3668884541095, 0], [31.9972227099913, 31.3667774542448, 0], [31.9952777094515, 31.3659994536748, 0], [31.9933607098158, 31.3668884541095, 0], [31.9865287100254, 31.3700564538541, 0], [31.9833057093431, 31.3689994538432, 0], [31.9786667095124, 31.3698614535624, 0], [31.9732497090034, 31.3805824542428, 0], [31.9731677094935, 31.3807504541904, 0], [31.9621657099871, 31.3895284535566, 0], [31.9624727096604, 31.3918344542322, 0], [31.9643617095482, 31.3925284543159, 0], [31.9680557089235, 31.3908064535309, 0], [31.9839447099923, 31.378694453484, 0], [31.998861709569, 31.3738064536303, 0], [31.9998607097862, 31.3731674541479, 0], [32.0023617092863, 31.3715844541926, 0]]], [[[31.8931947095607, 31.4050274534834, 0], [31.8899997097824, 31.3999444537494, 0], [31.8863607088801, 31.4001944534998, 0], [31.8843067089495, 31.4040834534825, 0], [31.8847777087985, 31.4064444538157, 0], [31.8866387089382, 31.4154724535375, 0], [31.8879457098519, 31.4158324542845, 0], [31.8943887093031, 31.4069444535395, 0], [31.8931947095607, 31.4050274534834, 0]]], [[[31.9358067092487, 31.3924444535663, 0], [31.9383607097993, 31.3908064535309, 0], [31.9542217088083, 31.3806384542587, 0], [31.9542777094603, 31.3786664533942, 0], [31.9492497092904, 31.3796944537575, 0], [31.9356117097235, 31.387083453417, 0], [31.9278057098625, 31.3916664533896, 0], [31.9244447090183, 31.3896104538285, 0], [31.9197767095723, 31.3914724540865, 0], [31.9182777098909, 31.3907774535475, 0], [31.9184437098009, 31.3853604538182, 0], [31.9096667094708, 31.3903884542659, 0], [31.9004447093054, 31.3911664541778, 0], [31.8953897092546, 31.3990844537459, 0], [31.8972777092752, 31.4043334540476, 0], [31.8989167088528, 31.4088614538969, 0], [31.8946387096131, 31.4223884533949, 0], [31.8963337098428, 31.423416453414, 0], [31.8980827098343, 31.4224724539766, 0], [31.8995287096211, 31.4195554534956, 0], [31.9036107094684, 31.4170284542891, 0], [31.9063337095306, 31.4103604534579, 0], [31.9149177089139, 31.401332454187, 0], [31.915056708943, 31.4011934542896, 0], [31.9201667097787, 31.399639454277, 0], [31.9285837093848, 31.3970834534253, 0], [31.9358067092487, 31.3924444535663, 0]]], [[[31.9715557097967, 31.3774164535005, 0], [31.9720267096458, 31.3740004538951, 0], [31.9582507099169, 31.3798884537067, 0], [31.9551947090117, 31.3860834538514, 0], [31.9545557095185, 31.386472454191, 0], [31.9430007094973, 31.3934994541893, 0], [31.9393337088469, 31.3993604537429, 0], [31.9311677094179, 31.4039724541587, 0], [31.9198897095877, 31.4135554540889, 0], [31.9176677088569, 31.4168054543032, 0], [31.9097787096189, 31.4284444540223, 0], [31.9103057089641, 31.4364724536187, 0], [31.9086117097574, 31.4394174541964, 0], [31.9015277099227, 31.4431384539057, 0], [31.9048327089589, 31.4480284542789, 0], [31.9111937089003, 31.4417784537124, 0], [31.9147227093887, 31.4400274538619, 0], [31.9211677097302, 31.4395004542905, 0], [31.9244727099223, 31.4285834539872, 0], [31.934583709891, 31.4214724536291, 0], [31.939306708966, 31.4085274543731, 0], [31.9454177097532, 31.401582454187, 0], [31.9675277097112, 31.3834174536965, 0], [31.9684167095146, 31.3820844543525, 0], [31.9715557097967, 31.3774164535005, 0]]], [[[30.8305837080692, 31.4413054534353, 0], [30.8273887082909, 31.44075045384, 0], [30.8238047081735, 31.4493334539931, 0], [30.8595007088269, 31.4649444535931, 0], [30.8602507086012, 31.4596944542765, 0], [30.8565007085738, 31.4540554539232, 0], [30.8463897086051, 31.4523624541224, 0], [30.8377787081849, 31.4477214534989, 0], [30.8305837080692, 31.4413054534353, 0]]], [[[30.8031127082541, 31.4635834537085, 0], [30.7946667078768, 31.4612504536285, 0], [30.7931677081954, 31.4648614543499, 0], [30.7957237084804, 31.4734444535788, 0], [30.7995837089216, 31.4772224542714, 0], [30.8043617087814, 31.47211045417, 0], [30.8031127082541, 31.4635834537085, 0]]], [[[31.8944167090511, 31.487112454189, 0], [31.8976667096143, 31.4728054543787, 0], [31.8941937097779, 31.4745824535008, 0], [31.8918617097892, 31.4790554537312, 0], [31.8916667091081, 31.4854454535244, 0], [31.8944167090511, 31.487112454189, 0]]], [[[30.8591117084878, 31.4981674540546, 0], [30.8548607079731, 31.497804454082, 0], [30.8511657087306, 31.5027504535201, 0], [30.8551947086833, 31.5086114543188, 0], [30.8602217078301, 31.5096664542287, 0], [30.862222707866, 31.5067784535828, 0], [30.8586677085197, 31.5023064537519, 0], [30.8591117084878, 31.4981674540546, 0]]], [[[31.8900547094114, 31.5061954543444, 0], [31.8879457098519, 31.5042784544442, 0], [31.8805827089359, 31.510250453752, 0], [31.8789447092254, 31.5131394537666, 0], [31.8807507097361, 31.5147784536107, 0], [31.8893337092523, 31.5091114538597, 0], [31.8900547094114, 31.5061954543444, 0]]], [[[31.9176387092417, 31.5050274541944, 0], [31.9203897090519, 31.4967234538294, 0], [31.9273607088713, 31.4883614535573, 0], [31.9349177094453, 31.4745824535008, 0], [31.944778709104, 31.4656394537648, 0], [31.9491947096615, 31.458999454348, 0], [31.9487497098262, 31.4550554537781, 0], [31.9446947098598, 31.4561124539826, 0], [31.9391677089369, 31.4612214537313, 0], [31.9216677091944, 31.4804994536629, 0], [31.9165847093955, 31.4836674541216, 0], [31.9129717096629, 31.483249453776, 0], [31.9106387098071, 31.4845014540651, 0], [31.9086667093864, 31.4920274542257, 0], [31.9055557088523, 31.4979994535338, 0], [31.9027217096651, 31.50352845428, 0], [31.8919447091662, 31.5109994539366, 0], [31.8899177091166, 31.5142234540369, 0], [31.8905837096467, 31.5175284537967, 0], [31.8955007095356, 31.5187774538365, 0], [31.9060267098572, 31.5023064537519, 0], [31.9115567092256, 31.4974994536944, 0], [31.9130287090262, 31.4988614535116, 0], [31.9073887092439, 31.5072494536437, 0], [31.9044727093909, 31.5201664540769, 0], [31.9055557088523, 31.5228064540108, 0], [31.9073047088438, 31.522054453489, 0], [31.9106107089031, 31.520639453955, 0], [31.9111937089003, 31.5176664543802, 0], [31.912445709029, 31.5113044536418, 0], [31.9176387092417, 31.5050274541944, 0]]], [[[30.9304717082661, 31.5247494538119, 0], [30.9303057083562, 31.5226934541957, 0], [30.9257507089255, 31.5227774544724, 0], [30.9243887083829, 31.5172214543383, 0], [30.9204737083127, 31.5210004536547, 0], [30.9235287081948, 31.5247494538119, 0], [30.9264167082997, 31.5257774543855, 0], [30.9304717082661, 31.5247494538119, 0]]], [[[31.8891947092232, 31.5229724540494, 0], [31.883638709841, 31.5217784542423, 0], [31.8794727095936, 31.5251384540838, 0], [31.8795287090897, 31.5256124535096, 0], [31.8799727090578, 31.529138454281, 0], [31.8842777093343, 31.5308614541532, 0], [31.8870837087735, 31.5301114535379, 0], [31.8896947098434, 31.5264454536507, 0], [31.8894997091623, 31.5250834537764, 0], [31.8891947092232, 31.5229724540494, 0]]], [[[31.8998337095602, 31.5215284537138, 0], [31.8979727094205, 31.5200004539791, 0], [31.894083709364, 31.5210554543953, 0], [31.8954167091355, 31.5247784537234, 0], [31.8961947098138, 31.5270004535338, 0], [31.8953347096256, 31.5302774543875, 0], [31.8968337093071, 31.5313054542171, 0], [31.902277709697, 31.5288044540379, 0], [31.9008337096445, 31.5245004544389, 0], [31.8998337095602, 31.5215284537138, 0]]], [[[30.9803337088547, 31.5354994543552, 0], [30.9858607086217, 31.5315284544691, 0], [30.9848887082854, 31.5287494539187, 0], [30.975389707929, 31.5323624540802, 0], [30.9687507079296, 31.5307774542498, 0], [30.9668337082938, 31.5316394543828, 0], [30.9706117080692, 31.5372504541098, 0], [30.9775277082597, 31.5386104539676, 0], [30.9816957082414, 31.5410274540028, 0], [30.9850277083145, 31.5386104539676, 0], [30.9803337088547, 31.5354994543552, 0]]], [[[31.1127777083999, 31.6014724545649, 0], [31.1844447090075, 31.5838894543568, 0], [31.1865277085533, 31.5853334538938, 0], [31.2054997080963, 31.5796944544102, 0], [31.2197497084316, 31.577833454029, 0], [31.2268047086511, 31.5756954540155, 0], [31.228445709119, 31.5751954535298, 0], [31.2322217091601, 31.5740544539327, 0], [31.2423327091289, 31.5690844536623, 0], [31.2698897090783, 31.5625554539414, 0], [31.2867777092084, 31.5548054536193, 0], [31.3003067082287, 31.5515274539737, 0], [31.3106937085213, 31.5458604536255, 0], [31.3205287093221, 31.541834453788, 0], [31.3500367090142, 31.5297394540641, 0], [31.3582787087502, 31.5263614537166, 0], [31.371500709253, 31.5168614540157, 0], [31.377138709301, 31.516361453566, 0], [31.385665709321, 31.5101664540385, 0], [31.395639708995, 31.5076944538685, 0], [31.4104447084235, 31.498722454351, 0], [31.4478607094532, 31.4813324536805, 0], [31.4983617083792, 31.4578344540073, 0], [31.5006107089908, 31.4553604534924, 0], [31.5082497090747, 31.4529434538304, 0], [31.5206107095222, 31.4490284533905, 0], [31.552166708786, 31.4421124541525, 0], [31.5546667095749, 31.4391934541697, 0], [31.560194709209, 31.4420834542471, 0], [31.5626667090939, 31.4414154539421, 0], [31.5639727089845, 31.4410554537756, 0], [31.5709707086848, 31.4415364543505, 0], [31.5858327086325, 31.4425564535559, 0], [31.6198617088043, 31.4480554534642, 0], [31.6604727096123, 31.4559994534369, 0], [31.6758067092761, 31.4605564542019, 0], [31.7063887096252, 31.465694453551, 0], [31.7143057086113, 31.4664724539314, 0], [31.7387507093154, 31.4724994536475, 0], [31.7741107095244, 31.4864734536916, 0], [31.7758887091311, 31.4892774538951, 0], [31.7985557090725, 31.4990274537061, 0], [31.8140277088983, 31.5082224542196, 0], [31.8360277095984, 31.5213054542189, 0], [31.8401397089281, 31.518417453597, 0], [31.8420567097198, 31.5211104541183, 0], [31.8446107091146, 31.5190274538437, 0], [31.8426387086939, 31.520639453955, 0], [31.8445287096047, 31.5231954535063, 0], [31.8439167088364, 31.5237504539791, 0], [31.8480547093358, 31.5296114540508, 0], [31.8609447088628, 31.5365834542741, 0], [31.8846957092887, 31.5383344543876, 0], [31.8855007098479, 31.5382504543106, 0], [31.9022507098161, 31.5365564540327, 0], [31.9044727093909, 31.5363334539661, 0], [31.9066947089657, 31.5361114543295, 0], [31.9193617092195, 31.5303614537554, 0], [31.9418607095166, 31.5165824536493, 0], [31.9575277088676, 31.5041104540631, 0], [31.961444709828, 31.4985004540364, 0], [31.9585557098559, 31.4958614538548, 0], [31.9528887090368, 31.4973054535927, 0], [31.9523627095588, 31.4946384542189, 0], [31.9723337093191, 31.4602224534544, 0], [31.9868337099644, 31.4417784537124, 0], [31.9876677089829, 31.4369714539866, 0], [31.9877777093968, 31.4363064539115, 0], [31.9884727095421, 31.432666454213, 0], [31.9932497095347, 31.4306104533928, 0], [31.996084709745, 31.4293884535065, 0], [32.0007517093239, 31.4256114536074, 0], [32.036888709188, 31.3820004541289, 0], [32.0489737093117, 31.371500453463, 0], [32.0546687098789, 31.3686674542193, 0], [32.0713617093279, 31.364694454267, 0], [32.0872767092546, 31.3565564534789, 0], [32.1077507092364, 31.3460564541877, 0], [32.1244437098414, 31.3333894539653, 0], [32.1354717093615, 31.3219454542242, 0], [32.1494177096249, 31.3112504534017, 0], [32.1848907098492, 31.2953344536146, 0], [32.1959457092503, 31.2919164539945, 0], [32.201637710216, 31.2888334538537, 0], [32.2026947096636, 31.2864724541612, 0], [32.2038347096442, 31.2839454533707, 0], [32.2021107097993, 31.2824174533171, 0], [32.1988907098744, 31.2830274540837, 0], [32.1863597100483, 31.2912214535173, 0], [32.1707237100469, 31.2956944533462, 0], [32.1436957091769, 31.3067784536702, 0], [32.1343617100192, 31.3145824539232, 0], [32.1290017100294, 31.3151394535215, 0], [32.1189727095705, 31.320194453835, 0], [32.1112517099768, 31.3280274538245, 0], [32.104000709209, 31.3294714541054, 0], [32.0974427100082, 31.3336654534261, 0], [32.0918357093098, 31.3337784541987, 0], [32.0876387097128, 31.3398614534742, 0], [32.0812767099043, 31.3429164541319, 0], [32.0762487097344, 31.3453334542029, 0], [32.0730557096905, 31.3532774538002, 0], [32.069526709202, 31.3552494534088, 0], [32.0613897093882, 31.3511654534374, 0], [32.0558317091158, 31.3574444534819, 0], [32.0512777095523, 31.3582494541437, 0], [32.0460287098435, 31.3624994536922, 0], [32.0391967088972, 31.3680554538485, 0], [32.0349157089002, 31.3684154538525, 0], [32.0252497099226, 31.3785004540297, 0], [32.0193327099493, 31.3797494536413, 0], [32.0146677089489, 31.3754994534959, 0], [32.0122497099818, 31.3836934543555, 0], [32.0098347094602, 31.3841114538165, 0], [32.0074467099754, 31.3881394536665, 0], [32.0044707100017, 31.3931394536069, 0], [31.9998607097862, 31.3948614540326, 0], [31.9967497092521, 31.400528454069, 0], [31.9907227100209, 31.3967224542651, 0], [31.9870837091186, 31.4018894541167, 0], [31.9853057095119, 31.4151664539372, 0], [31.9890007099103, 31.4168604541499, 0], [31.9840837100214, 31.4199444542138, 0], [31.9809177098583, 31.4184724537167, 0], [31.9761657100123, 31.4239164534336, 0], [31.9703887099352, 31.427360454159, 0], [31.969610709257, 31.4264714541126, 0], [31.9667777099369, 31.4232774536806, 0], [31.9591107089491, 31.4300274540278, 0], [31.9581107088647, 31.4318624543428, 0], [31.9602777099665, 31.4324434539329, 0], [31.9640567096091, 31.430416453719, 0], [31.9655557092906, 31.4323064539754, 0], [31.9652787090996, 31.4339164541667, 0], [31.9644167091771, 31.4389444538376, 0], [31.9650007090414, 31.4392514537877, 0], [31.9665547095078, 31.4400554533988, 0], [31.9717777092028, 31.4324434539329, 0], [31.9789717094514, 31.4294454541282, 0], [31.9837497093112, 31.4362224538883, 0], [31.9776937093089, 31.4438614535504, 0], [31.974861709856, 31.4486104541687, 0], [31.969389709718, 31.4526124541821, 0], [31.9659177097488, 31.4600834540734, 0], [31.9604727094917, 31.4633884535094, 0], [31.9551657093965, 31.4755004539513, 0], [31.953527709686, 31.4792784544533, 0], [31.9446107094597, 31.4825004540676, 0], [31.9411947089865, 31.488582453798, 0], [31.9404717090931, 31.4938334536328, 0], [31.9417227093547, 31.4963894540161, 0], [31.9283047094595, 31.5083614540381, 0], [31.9251937089255, 31.5111394538118, 0], [31.920639709362, 31.513000454156, 0], [31.9160277094121, 31.5212234538775, 0], [31.9133057092171, 31.5225274536614, 0], [31.9089717093254, 31.5293064540049, 0], [31.9038047091265, 31.5321384538294, 0], [31.9014167096417, 31.5334164537831, 0], [31.8885557097299, 31.5354444542383, 0], [31.8863337089992, 31.5358044538779, 0], [31.8820557097595, 31.5316104536459, 0], [31.8745007089199, 31.530971453842, 0], [31.8740277093365, 31.5259174537953, 0], [31.8737227093975, 31.5224724537873, 0], [31.8653337095393, 31.5203894543199, 0], [31.8633617091187, 31.5199164541615, 0], [31.8592227099081, 31.5164164540815, 0], [31.8524437088565, 31.5106944542215, 0], [31.8481107088319, 31.4970554536302, 0], [31.8537507097701, 31.4962764537974, 0], [31.8602777096214, 31.5003604543379, 0], [31.8604457092657, 31.4957774540246, 0], [31.8528327091956, 31.4838884536227, 0], [31.8603057093695, 31.4762784536712, 0], [31.8613057094538, 31.4701114538033, 0], [31.8669457092361, 31.46480545432, 0], [31.8715287095707, 31.4605004535693, 0], [31.8710557088315, 31.4401954539164, 0], [31.8760837090014, 31.4331114540754, 0], [31.8766937088795, 31.4265554539961, 0], [31.8730277092522, 31.4272784543201, 0], [31.8676947091432, 31.4381394535327, 0], [31.8486677088153, 31.457195453764, 0], [31.8411947097973, 31.4560834534804, 0], [31.8406397095482, 31.464555454271, 0], [31.8421387092297, 31.4678064538288, 0], [31.8414177090706, 31.4687784539287, 0], [31.8404737096383, 31.4700544542578, 0], [31.8346937088039, 31.466917453948, 0], [31.826694709152, 31.4580004540314, 0], [31.8259447093777, 31.4514164535132, 0], [31.8248617087604, 31.4416944536624, 0], [31.8260267088876, 31.438499454052, 0], [31.8446947095147, 31.4480004541659, 0], [31.845472709037, 31.448389454211, 0], [31.8476397089829, 31.4473054542449, 0], [31.8482787096321, 31.4450284540442, 0], [31.8459727096572, 31.4419994534843, 0], [31.8550837095415, 31.4410554537756, 0], [31.8579737093808, 31.4349444540414, 0], [31.8531387090018, 31.4272504539257, 0], [31.8589447098499, 31.4219174543409, 0], [31.8626937088543, 31.4135284538447, 0], [31.8680557097343, 31.4134164535525, 0], [31.8709457095736, 31.4148614536261, 0], [31.8824737097139, 31.4135554540889, 0], [31.8749447088879, 31.4081114538354, 0], [31.8749167091399, 31.4080834536381, 0], [31.8699727093701, 31.4040544536541, 0], [31.8608607096186, 31.4045274534116, 0], [31.8449447098247, 31.4087224542986, 0], [31.8421667089777, 31.40475045397, 0], [31.8398897097739, 31.4010274542916, 0], [31.8438897089555, 31.3930834541378, 0], [31.8411947097973, 31.3861394535481, 0], [31.8446677096338, 31.3855554535195, 0], [31.8496667090325, 31.388416453846, 0], [31.8516387094532, 31.3848054537427, 0], [31.8472787095477, 31.3801114535805, 0], [31.8315837092928, 31.3781114542272, 0], [31.826860709062, 31.3752504538406, 0], [31.8393327097905, 31.3695834541526, 0], [31.8478337097968, 31.3709454534171, 0], [31.8500007097427, 31.3627494534303, 0], [31.8621387097611, 31.3593884536364, 0], [31.8670277099019, 31.3563064540528, 0], [31.8745847093199, 31.3546654538704, 0], [31.8811117091713, 31.3589444534993, 0], [31.8847777087985, 31.353445454193, 0], [31.880888709898, 31.3497774540275, 0], [31.869611708779, 31.3513334536547, 0], [31.8462217089442, 31.3482224533464, 0], [31.8332507097745, 31.3524724540052, 0], [31.8231657098195, 31.3506104537593, 0], [31.8194167096592, 31.3511944538019, 0], [31.8103337095229, 31.3275834537573, 0], [31.8118057093234, 31.3234994534467, 0], [31.804889709133, 31.3148324536167, 0], [31.8012777092675, 31.3037224539628, 0], [31.7910827088987, 31.2911954533147, 0], [31.7849997090155, 31.2836954537165, 0], [31.7832777089048, 31.2788334542684, 0], [31.7845847098185, 31.2735824538763, 0], [31.7881667090457, 31.2725564536262, 0], [31.7911117096698, 31.2740554539783, 0], [31.7899727095564, 31.2855834536257, 0], [31.7914167096088, 31.2867224533674, 0], [31.7954997093233, 31.2879714536219, 0], [31.7991947097218, 31.2875254540661, 0], [31.8088057090704, 31.2863614542656, 0], [31.8184717092039, 31.2825834533011, 0], [31.8221667096023, 31.2836384535761, 0], [31.8268337091811, 31.2895284541561, 0], [31.8323897097192, 31.291111453903, 0], [31.8391667087246, 31.3002774541529, 0], [31.8424727087839, 31.301944453827, 0], [31.8481677093511, 31.2996944537589, 0], [31.8613057094538, 31.3036934537842, 0], [31.8686677093467, 31.3122214534288, 0], [31.872278709345, 31.3106934535184, 0], [31.8711947088605, 31.3094734535444, 0], [31.861999709732, 31.2992234539374, 0], [31.8566117088382, 31.287389453826, 0], [31.8534717098448, 31.2863334533636, 0], [31.8431397091812, 31.2896674541944, 0], [31.8396397094639, 31.2829174537999, 0], [31.8420567097198, 31.2747234539318, 0], [31.8403897092382, 31.2687224535143, 0], [31.837472709518, 31.2677234534051, 0], [31.8284437091435, 31.2741664535396, 0], [31.8283887095145, 31.2681944534986, 0], [31.8361117088426, 31.2605844540397, 0], [31.8462777095962, 31.2603894542125, 0], [31.8476947097678, 31.2574444532127, 0], [31.8445547096185, 31.2555274541621, 0], [31.8336397089577, 31.2550274537654, 0], [31.8321957089052, 31.2501664533088, 0], [31.8333897098035, 31.2463054539147, 0], [31.8470847087338, 31.2396944538748, 0], [31.8685837089466, 31.2352504538972, 0], [31.8760547093862, 31.2349454532731, 0], [31.8790557095064, 31.2355554535366, 0], [31.8849717096125, 31.2367494537254, 0], [31.8904727093657, 31.2401104540742, 0], [31.8958347090899, 31.2525824536498, 0], [31.8968047096918, 31.2633614541268, 0], [31.8999447098412, 31.2640554535057, 0], [31.9091667088506, 31.2623614536466, 0], [31.9107227090512, 31.2601664542052, 0], [31.9069177093949, 31.2563614535477, 0], [31.9063897090267, 31.2497764536904, 0], [31.8987217093276, 31.2390004533037, 0], [31.9000287090853, 31.2329444532983, 0], [31.9034177096776, 31.2323894539556, 0], [31.9232767092897, 31.2354454532617, 0], [31.934749709801, 31.2336384538819, 0], [31.9541117095504, 31.2349724533875, 0], [31.9630547097904, 31.2355844539112, 0], [31.9668617091811, 31.2453064537127, 0], [31.9691107097928, 31.2447224533404, 0], [31.9769727091499, 31.2327214537049, 0], [31.9823057092588, 31.2291394538265, 0], [31.9995277089432, 31.2273064534329, 0], [32.0065537095475, 31.2236384540327, 0], [32.0290267098309, 31.2206674537549, 0], [32.0326957090597, 31.2171384538408, 0], [32.0349157089002, 31.2150004532719, 0], [32.0434457096776, 31.2195834540786, 0], [32.0529177089971, 31.2149714535006, 0], [32.0519447099496, 31.2124444533168, 0], [32.0469707095415, 31.2095544536031, 0], [32.0376397099854, 31.2106114534396, 0], [32.0388877094896, 31.2039724539099, 0], [32.0381927093443, 31.1928334540415, 0], [32.0363617098429, 31.1852224536269, 0], [32.0355567092837, 31.1826954538134, 0], [32.0338327094388, 31.1780544533659, 0], [32.0364157096047, 31.1730844532906, 0], [32.02825170991, 31.1692224537632, 0], [32.0279167093327, 31.1632504533927, 0], [32.0315287091982, 31.1589714533131, 0], [32.039333709192, 31.1566394539616, 0], [32.0434457096776, 31.1530554534609, 0], [32.050277709468, 31.131221453461, 0], [32.0500227098221, 31.1271534532095, 0], [32.0499157090097, 31.1254734532649, 0], [32.050056709929, 31.1241954537065, 0], [32.0514717092104, 31.1101384533698, 0], [32.0551107089567, 31.1054174533307, 0], [32.0625267097673, 31.1062774534143, 0], [32.0655287097548, 31.1040554535593, 0], [32.0626677095307, 31.1016944540713, 0], [32.0557787092212, 31.100834454054, 0], [32.050693709688, 31.0933894538501, 0], [32.0323337097574, 31.0844444536488, 0], [32.0350837097004, 31.081777453931, 0], [32.0398907091754, 31.0816384531971, 0], [32.0485007097284, 31.078416454061, 0], [32.0564727094993, 31.0790554537114, 0], [32.0591667099463, 31.0858614534396, 0], [32.0610007090491, 31.0863344538305, 0], [32.0678337098625, 31.0820824539529, 0], [32.073696710074, 31.0815274534266, 0], [32.0801927094198, 31.0787224538718, 0], [32.084640709194, 31.0726104533388, 0], [32.0851937097088, 31.0709724536996, 0], [32.0905577091673, 31.0546394533022, 0], [32.09558470947, 31.0554444537445, 0], [32.1007237099209, 31.0693344535664, 0], [32.093139709466, 31.0820004536083, 0], [32.0955547099876, 31.0896114535764, 0], [32.1003347095818, 31.0901944540108, 0], [32.1078877095312, 31.0871654531669, 0], [32.1126677091253, 31.088194453278, 0], [32.1184467100926, 31.0816674531961, 0], [32.1244437098414, 31.07813845345, 0], [32.1345297096635, 31.0742224540045, 0], [32.1382217093046, 31.0728054539622, 0], [32.1402777101253, 31.0733604539283, 0], [32.1410177100722, 31.0747494534347, 0], [32.1411097094095, 31.0749164534956, 0], [32.1363907098032, 31.0844994534151, 0], [32.1350517096729, 31.0859664532002, 0], [32.1285557091711, 31.0930824540067, 0], [32.1267777095644, 31.0983044540598, 0], [32.1303067100528, 31.0991674532577, 0], [32.136222709003, 31.0933054538819, 0], [32.1383057097047, 31.0944994536665, 0], [32.1392217093889, 31.0995824537995, 0], [32.1589437098622, 31.1076104539864, 0], [32.160167709087, 31.111084453502, 0], [32.1536947089975, 31.1226124532403, 0], [32.1574447090248, 31.1305004534536, 0], [32.1614457092295, 31.1303614537717, 0], [32.1655547089577, 31.1267774533555, 0], [32.1726387099484, 31.1301674538824, 0], [32.1775017100754, 31.1284444532328, 0], [32.1817207090616, 31.1292234536861, 0], [32.1840287099267, 31.1320284539991, 0], [32.1826097100209, 31.1412774533171, 0], [32.1817207090616, 31.1471124538652, 0], [32.1732217099455, 31.1455554536955, 0], [32.1526687100552, 31.1384164540211, 0], [32.1417237099121, 31.1388604534927, 0], [32.1301117093717, 31.1436384535571, 0], [32.1124457097192, 31.1546934539679, 0], [32.1052207101211, 31.1556664540136, 0], [32.1028907098668, 31.161583454092, 0], [32.0978057091777, 31.1621384534877, 0], [32.0902487097596, 31.1654164533747, 0], [32.0979997099916, 31.1726954539973, 0], [32.1122207095558, 31.1780834535755, 0], [32.1205297096383, 31.1831664535938, 0], [32.1339727096801, 31.1737784540643, 0], [32.1393627091523, 31.1720564536607, 0], [32.1422507092573, 31.1730274536466, 0], [32.1467787099629, 31.182083454094, 0], [32.1321677090366, 31.1883884534664, 0], [32.1136937092234, 31.1850544540452, 0], [32.106029708993, 31.1889444537263, 0], [32.1002507091817, 31.1943054532644, 0], [32.1022797101215, 31.1975554534861, 0], [32.1028597093613, 31.204916453987, 0], [32.1057777101045, 31.2052234537227, 0], [32.1220557092007, 31.204916453987, 0], [32.1231957091813, 31.2031114534316, 0], [32.1222497100146, 31.198722453565, 0], [32.1239437092212, 31.1962514541738, 0], [32.127945709293, 31.1958614535194, 0], [32.1355287098807, 31.1919174532802, 0], [32.1480567101054, 31.1926674534905, 0], [32.1510847101066, 31.1888334538802, 0], [32.1505017101094, 31.1824174540338, 0], [32.1601377096046, 31.1725274539458, 0], [32.1714707090638, 31.1677494532639, 0], [32.1959457092503, 31.1701394534876, 0], [32.2158057098854, 31.1657774538323, 0], [32.2196387092899, 31.1624164534511, 0], [32.2159467096488, 31.1609724534661, 0], [32.2079167094915, 31.1621664536206, 0], [32.2071957093324, 31.1596104538821, 0], [32.2089997101088, 31.1523344532612, 0], [32.2156677097235, 31.1439724535171, 0], [32.2151947101402, 31.1416954534485, 0], [32.2049717100233, 31.1359444538822, 0], [32.2068597100439, 31.1348324531992, 0], [32.2124717100781, 31.135194453689, 0], [32.2184717094284, 31.1305274536885, 0], [32.2210847090766, 31.1234724539031, 0], [32.2188607097675, 31.1174454534613, 0], [32.2089727102279, 31.1101114532716, 0], [32.2064437098238, 31.1050284534966, 0], [32.2097777096312, 31.1009734534313, 0], [32.2125857099606, 31.1003914534853, 0], [32.2138057097167, 31.1001394531268, 0], [32.2281687100673, 31.1011394532825, 0], [32.2429997095095, 31.1033054537034, 0], [32.2497447092983, 31.1069374532137, 0], [32.2545547095307, 31.1095274537771, 0], [32.2607237095483, 31.1116104538101, 0], [32.2640267100062, 31.1127224535155, 0], [32.2762797097742, 31.1219444531052, 0], [32.2813337099578, 31.1314714537719, 0], [32.2792517091233, 31.1383054533337, 0], [32.2745287100483, 31.1448324534551, 0], [32.2715837094242, 31.1544174532821, 0], [32.2615857094708, 31.159471453348, 0], [32.2579727097382, 31.1637494536094, 0], [32.2646107098705, 31.1648064537057, 0], [32.273029709211, 31.1597214533652, 0], [32.2751387099264, 31.1604444537941, 0], [32.2786407093781, 31.1683334533621, 0], [32.2823607099231, 31.1688614535762, 0], [32.2824057097246, 31.1712664540423, 0], [32.2825017096864, 31.1760274537775, 0], [32.284721709527, 31.1790004535427, 0], [32.2864997102896, 31.191194453811, 0], [32.2838057098427, 31.1958334534613, 0], [32.2828907100256, 31.1977504534893, 0], [32.2832797092088, 31.1993884532715, 0], [32.2852787095104, 31.205166453657, 0], [32.2840277092488, 31.2198044532614, 0], [32.2780837093946, 31.222889453601, 0], [32.282165709242, 31.2289444533085, 0], [32.2862207092084, 31.229278453869, 0], [32.2757497096716, 31.2383614540283, 0], [32.2669187095797, 31.2460274533281, 0], [32.2777787094556, 31.2567214538351, 0], [32.2733047096677, 31.2612494536889, 0], [32.2744717095292, 31.2629454536017, 0], [32.2657207092128, 31.2698614533624, 0], [32.2603347092092, 31.2715834532959, 0], [32.2478907093846, 31.2687774540458, 0], [32.2438317099496, 31.2698324536349, 0], [32.2375567101426, 31.2749734536593, 0], [32.2308357094774, 31.2764164533629, 0], [32.227279709108, 31.2790834539693, 0], [32.2123337099162, 31.2792224535994, 0], [32.2074437099082, 31.2818604539074, 0], [32.2075007092715, 31.2843614541554, 0], [32.2075277091524, 31.2858044534572, 0], [32.2110297097599, 31.2871954537542, 0], [32.2650567095729, 31.2769454535739, 0], [32.2899437093549, 31.2722224539779, 0], [32.3118897102932, 31.2701954534656, 0], [32.3177497097473, 31.2724434535049, 0], [32.3134997102556, 31.2598894538789, 0], [32.3008047102538, 31.2431944535302, 0], [32.3035017103022, 31.2404444537065, 0], [32.3031657098577, 31.2333604535709, 0], [32.3030817094576, 31.2319164536079, 0], [32.2964177093115, 31.2317774534922, 0], [32.2925567101591, 31.2316954540819, 0], [32.2926107099209, 31.2297784532061, 0], [32.2965017097116, 31.2295834540067, 0], [32.297889710268, 31.229528453374, 0], [32.2998047101695, 31.2272774534829, 0], [32.3003887100338, 31.2206384537449, 0], [32.30897170955, 31.2187214539701, 0], [32.3131377097974, 31.2186104534733, 0], [32.3165557100048, 31.2178064531969, 0], [32.3180277098054, 31.2174454534429, 0], [32.3232497096333, 31.2108064532223, 0], [32.316833710063, 31.1980554534997, 0], [32.3156127092837, 31.1956384534624, 0], [32.3171657098829, 31.1750274537442, 0], [32.3187487099645, 31.1541124541448, 0], [32.3176957099854, 31.1376384531434, 0], [32.3172227092462, 31.1303334531492, 0], [32.3172227092462, 31.1297224539383, 0], [32.3172497091271, 31.1081944533958, 0], [32.3172767101639, 31.1025564535063, 0], [32.3172767101639, 31.0989724532713, 0], [32.3182227093306, 31.0998614537074, 0], [32.3449447092385, 31.1250554538758, 0], [32.3471107093172, 31.1328884534173, 0], [32.3482207098154, 31.1334434536136, 0], [32.3555267102121, 31.1369724534793, 0], [32.3569187102371, 31.143888453786, 0], [32.3634457100884, 31.1486114535541, 0], [32.3686107093971, 31.1634164540895, 0], [32.3722767101804, 31.165556454058, 0], [32.3762207098658, 31.1766394540718, 0], [32.3833357102059, 31.1891674537363, 0], [32.3807487094155, 31.1959994534023, 0], [32.3808327098156, 31.2019734539131, 0], [32.384166709623, 31.2066114534941, 0], [32.3820007095443, 31.2089444535888, 0], [32.3824997102972, 31.2091944534871, 0], [32.3795547096731, 31.2115554534908, 0], [32.3778347092968, 31.2133614535035, 0], [32.3746377097842, 31.2137504537284, 0], [32.368637709278, 31.2175274533547, 0], [32.354694709772, 31.220888453369, 0], [32.3531957100906, 31.2259164533514, 0], [32.349083709605, 31.2301674540767, 0], [32.3492507093821, 31.2335834536329, 0], [32.3495297093074, 31.2334444539928, 0], [32.3507237102057, 31.2359444533558, 0], [32.363193710044, 31.2275274533393, 0], [32.3644187102919, 31.2252214540462, 0], [32.405777709984, 31.2061674541674, 0], [32.4273337095601, 31.1891934533618, 0], [32.432334709849, 31.1842234535654, 0], [32.4684717097132, 31.1480824531206, 0], [32.4841957095833, 31.1293884532648, 0], [32.4911657095356, 31.1187494540267, 0], [32.4931107100753, 31.1158044533047, 0], [32.52639071034, 31.0883614534755, 0], [32.5533337097868, 31.066110453239, 0], [32.5641097104185, 31.0615274533076, 0], [32.5930827095165, 31.0543064531231, 0], [32.5993577104793, 31.0537114535266, 0], [32.6039167093786, 31.0532784537797, 0], [32.6071937098227, 31.0529724532963, 0], [32.6149717099356, 31.052221453175, 0], [32.6597517105925, 31.0544164538226, 0], [32.6774717100068, 31.0552774531584, 0], [32.6960567101009, 31.0569994532121, 0], [32.7227787100088, 31.0634724536717, 0], [32.7376677098374, 31.0644434532301, 0], [32.7693907100343, 31.0739994539014, 0], [32.7998047095832, 31.0864444531235, 0], [32.823970710362, 31.0963324535744, 0], [32.910026710178, 31.1400834531741, 0], [32.9198347099421, 31.143222453496, 0], [32.9241677099666, 31.1400834531741, 0], [32.920665710515, 31.139139453715, 0], [32.9143607100698, 31.1373884532562, 0], [32.9004707104584, 31.128221453752, 0], [32.8909727099692, 31.1241394537611, 0], [32.8799707104628, 31.1156944533742, 0], [32.8653907100419, 31.1129174539673, 0], [32.8085827097805, 31.083444453967, 0], [32.8019447096481, 31.0821664539429, 0], [32.7964707097758, 31.0772494536998, 0], [32.7955287100778, 31.0769734534615, 0], [32.7753067101403, 31.0713614533726, 0], [32.7521407106018, 31.0612774540164, 0], [32.7109987098241, 31.0556944535108, 0], [32.667526709948, 31.0477504535343, 0], [32.6646957103623, 31.0446954537302, 0], [32.6666107102638, 31.0429174535749, 0], [32.6721647099116, 31.041610453318, 0], [32.6764987098033, 31.040582453511, 0], [32.6787497101493, 31.0463624531438, 0], [32.685722709703, 31.0446664533507, 0], [32.7083057104003, 31.0469174539006, 0], [32.7101937104209, 31.0357224536798, 0], [32.699333710545, 31.03300145317, 0], [32.6956947096427, 31.0292494536023, 0], [32.7035567101557, 31.0245834537893, 0], [32.7080847097054, 31.0237504535403, 0], [32.7276657104153, 31.0291674532754, 0], [32.7427787105402, 31.041610453318, 0], [32.7470287100318, 31.0421654530611, 0], [32.7610017101761, 31.0380284536669, 0], [32.7623067101995, 31.0376394533844, 0], [32.7729987104311, 31.0366674533217, 0], [32.7811927096081, 31.0382214532273, 0], [32.8175547096358, 31.0645564532302, 0], [32.8289457106372, 31.0670544531354, 0], [32.8359987099666, 31.0731664534058, 0], [32.842388710679, 31.0730554536433, 0], [32.8550567107999, 31.0783334536254, 0], [32.863140710719, 31.085111453473, 0], [32.8681677098658, 31.0865844535696, 0], [32.8700827097673, 31.0843334531955, 0], [32.8804747105516, 31.0838334530959, 0], [32.8861967098437, 31.0849724536554, 0], [32.8892217102434, 31.085582453993, 0], [32.9071127100594, 31.0838334530959, 0], [32.9102217097033, 31.0873334539865, 0], [32.9131927103411, 31.0857774537456, 0], [32.917167710532, 31.0867784534365, 0], [32.9201127100002, 31.0856664538593, 0], [32.9197767107116, 31.0812494539942, 0], [32.9073907101175, 31.0746384535402, 0], [32.9030267107434, 31.0739444539999, 0], [32.9034727104458, 31.0712774537357, 0], [32.9068077101203, 31.0683614534406, 0], [32.9098897098833, 31.0679434531605, 0], [32.9324157100614, 31.0856954536192, 0], [32.9328887108006, 31.0891384536586, 0], [32.930667709937, 31.0913044535403, 0], [32.917915710572, 31.0915544540618, 0], [32.9160537105652, 31.0927774536538, 0], [32.9160007106705, 31.0962224538506, 0], [32.9248047097256, 31.1007504537408, 0], [32.930667709937, 31.0975284533091, 0], [32.936416710266, 31.0943894537999, 0], [32.9522517104171, 31.0905834532261, 0], [32.968223710863, 31.0785004533307, 0], [32.9793327100259, 31.0823614537748, 0], [32.98152971061, 31.079416453183, 0], [32.9805567104065, 31.0755004539099, 0], [32.9818877104437, 31.0703054536719, 0], [32.9741937107309, 31.0746934540303, 0], [32.9696387101443, 31.0750824533308, 0], [32.9678047098856, 31.0734444537051, 0], [32.9657787097031, 31.0692784539431, 0], [32.9731947105137, 31.0602224533353, 0], [32.9708597109235, 31.0576664534747, 0], [32.9637227100382, 31.0550274532868, 0], [32.9640277099773, 31.0527234534777, 0], [32.9747507107143, 31.0496944531125, 0], [32.9801947099483, 31.0454444533322, 0], [32.9863057107355, 31.0453054539612, 0], [32.9877207100169, 31.0456944536209, 0], [33.0003317107745, 31.0489994535711, 0], [33.0089457107961, 31.0456944536209, 0], [33.0128897104815, 31.0471384536651, 0], [33.0186117097737, 31.0527494538711, 0], [33.0226937107769, 31.0610824535189, 0], [33.0218047098176, 31.0616954538881, 0], [33.0194747107192, 31.0633334538998, 0], [33.0118597109148, 31.0686954539262, 0], [33.0110017104609, 31.0721114539133, 0], [33.0132797106878, 31.0765004540056, 0], [33.0209737104006, 31.0782514540065, 0], [33.0309447104731, 31.0843624533621, 0], [33.0485007108677, 31.0853614534596, 0], [33.0537797100589, 31.0884174537368, 0], [33.0539167103536, 31.0939444533998, 0], [33.0496407108483, 31.0949994540643, 0], [33.049499709929, 31.1002774538537, 0], [33.0541387109156, 31.1081394534911, 0], [33.0585827100653, 31.1106114536245, 0], [33.0657507103001, 31.1124724532892, 0], [33.0675547099206, 31.1154724531261, 0], [33.0641677102186, 31.1234434538029, 0], [33.0583877105401, 31.1204164534324, 0], [33.0491947099899, 31.1145004538436, 0], [33.0362517105683, 31.1094724536549, 0], [33.0302507101949, 31.1036114535364, 0], [33.0284727105882, 31.0994724538802, 0], [33.0313077107985, 31.092861453099, 0], [33.0287517105135, 31.0875554536948, 0], [33.0213057102206, 31.0869714531, 0], [33.0116657101008, 31.0893324532609, 0], [33.0023347105447, 31.0896114535764, 0], [32.9762497103957, 31.0891664535644, 0], [32.9720847100155, 31.0847494540217, 0], [32.9672777105404, 31.085111453473, 0], [32.9572227100678, 31.0938894531611, 0], [32.9539187108988, 31.0943604537239, 0], [32.9513327099755, 31.0946944539268, 0], [32.9512787102137, 31.0976944532425, 0], [32.9533887107962, 31.098861453953, 0], [32.9723327105912, 31.0973604536893, 0], [32.9802787103484, 31.0991114533939, 0], [33.0029457102899, 31.1098064531686, 0], [33.0107497104165, 31.1175004539122, 0], [33.0219727106178, 31.1399444536844, 0], [33.0337217102971, 31.1504724538152, 0], [33.057472710723, 31.1625274536035, 0], [33.0691947105213, 31.1692224537632, 0], [33.0934987103062, 31.1830824539937, 0], [33.1085547099118, 31.1897504535504, 0], [33.1205557107914, 31.189027453348, 0], [33.1208877106113, 31.1867504541231, 0], [33.1166647110006, 31.1848604533566, 0], [33.1121107102812, 31.1861384539189, 0], [33.1095007102344, 31.1833614535792, 0], [33.1023067099858, 31.1832504541084, 0], [33.0989157108152, 31.179750453253, 0], [33.1075557108505, 31.1741654540984, 0], [33.1120567105194, 31.1641384540346, 0], [33.1327787099211, 31.1386394532802, 0], [33.133415710836, 31.1378884533609, 0], [33.1447227102814, 31.1318894535878, 0], [33.1575857110834, 31.1158044533047, 0], [33.1571127103442, 31.1130274531573, 0], [33.1538887109507, 31.1141394540779, 0], [33.1421667099964, 31.1272504538117, 0], [33.1274457109681, 31.1297494534051, 0], [33.1233907110016, 31.1326674531411, 0], [33.1197517100993, 31.1408614537806, 0], [33.1157227101467, 31.1417214532444, 0], [33.1123047099392, 31.14030645346, 0], [33.1014177101824, 31.1265834540534, 0], [33.1049727106846, 31.1225284533929, 0], [33.1119727101193, 31.1191944539761, 0], [33.1133617105428, 31.1162224538575, 0], [33.1078877106705, 31.1111104537701, 0], [33.111610710817, 31.1104714539494, 0], [33.1159177108278, 31.1089444532357, 0], [33.117553710804, 31.1064454530967, 0], [33.1158907109469, 31.098611453854, 0], [33.1167797107502, 31.0933614532091, 0], [33.1195257100687, 31.0897214540255, 0], [33.1434447101389, 31.0807224539675, 0], [33.1532787110726, 31.0813334537303, 0], [33.1541107103568, 31.0795274534388, 0], [33.1523057108692, 31.0769734534615, 0], [33.1446117100004, 31.0752224536821, 0], [33.140667710315, 31.0726394531218, 0], [33.1410297107732, 31.0687504538937, 0], [33.145973710543, 31.0621944535092, 0], [33.1341097099582, 31.0441114533336, 0], [33.1416937104131, 31.038499453636, 0], [33.1537787105368, 31.0402504539651, 0], [33.1570817109947, 31.0407224531396, 0], [33.159473711104, 31.0410824532199, 0], [33.1683887104401, 31.0471664540557, 0], [33.1800537108752, 31.0496674536654, 0], [33.1934437110223, 31.0581114533993, 0], [33.2006957105013, 31.0554714535331, 0], [33.2145847102455, 31.0536384539041, 0], [33.2198907104735, 31.0541664536693, 0], [33.222221710595, 31.056722453488, 0], [33.2226377108151, 31.0633884539976, 0], [33.2182777109096, 31.0679174539493, 0], [33.1975827102329, 31.0639174531712, 0], [33.1956677103314, 31.0664154540172, 0], [33.2001387105179, 31.0692214533026, 0], [33.227859710643, 31.0732784539803, 0], [33.2317237105529, 31.0738604536747, 0], [33.2382777102851, 31.0787774539792, 0], [33.242668710696, 31.0859454540493, 0], [33.2448617106556, 31.082777453333, 0], [33.2402767105867, 31.0733054536571, 0], [33.2430007105159, 31.0692214533026, 0], [33.2467237106624, 31.0697234539996, 0], [33.248722710964, 31.0764164539587, 0], [33.2570007105411, 31.0753884539729, 0], [33.259361710145, 31.0768054531393, 0], [33.2606127104066, 31.0816384531971, 0], [33.2730567102312, 31.0843334531955, 0], [33.2838597107438, 31.0909174538391, 0], [33.2899437104942, 31.0919434536483, 0], [33.2909437105785, 31.0830004536339, 0], [33.294998710545, 31.0796394534495, 0], [33.300609710712, 31.0788064538611, 0], [33.3076407106521, 31.0736394536081, 0], [33.3134727103581, 31.0741674532419, 0], [33.3139997108591, 31.0701394534174, 0], [33.3141097101171, 31.0693604533802, 0], [33.3112797103985, 31.06405645407, 0], [33.3046377107975, 31.0632494531128, 0], [33.3030817105969, 31.0611664532491, 0], [33.3073887106077, 31.0587214537857, 0], [33.3257797110438, 31.0580824531472, 0], [33.3284147100813, 31.0604174536152, 0], [33.3298347110102, 31.068222453883, 0], [33.3327217100921, 31.0703334531852, 0], [33.346359710815, 31.0680004535769, 0], [33.3459167107141, 31.0631944539247, 0], [33.3478057106018, 31.061611453635, 0], [33.3614157104207, 31.0606674531863, 0], [33.3653337112483, 31.064611453611, 0], [33.3606377108983, 31.0728054539622, 0], [33.3615577112071, 31.0815274534266, 0], [33.3601387113013, 31.0856384539121, 0], [33.3528067108908, 31.0791114535164, 0], [33.3493047102832, 31.0804444531707, 0], [33.3460277109951, 31.0844994534151, 0], [33.3449177104968, 31.0844994534151, 0], [33.3268627105052, 31.0844724539477, 0], [33.3186687101723, 31.0808884535641, 0], [33.3106657110518, 31.0812494539942, 0], [33.3074457111269, 31.0832504532338, 0], [33.3032497102412, 31.0930554540084, 0], [33.305305711062, 31.0967504537385, 0], [33.3098067107308, 31.0977494532578, 0], [33.3144157110792, 31.0939164539121, 0], [33.3181647100835, 31.0937214540346, 0], [33.3193627104504, 31.0994724538802, 0], [33.3521117107454, 31.100639453531, 0], [33.3555267101955, 31.0896954538409, 0], [33.3662227110516, 31.0875554536948, 0], [33.3714717107605, 31.0887774534974, 0], [33.3740847104087, 31.0838054535986, 0], [33.3748327104487, 31.0824164537566, 0], [33.3903047102744, 31.0810284532849, 0], [33.3918347104613, 31.0849434536748, 0], [33.3901407112547, 31.0895004532191, 0], [33.3911667101969, 31.0918064534387, 0], [33.4002227104523, 31.0926384531715, 0], [33.4018897109339, 31.08783345349, 0], [33.4053617109032, 31.0876674531546, 0], [33.409557710633, 31.0911674533991, 0], [33.4105567108502, 31.0950834535245, 0], [33.4083597102661, 31.0978054539245, 0], [33.3876117108506, 31.1034164537665, 0], [33.3861127111692, 31.1052784535297, 0], [33.3904997109556, 31.1133614540193, 0], [33.3945007111601, 31.1131934537089, 0], [33.4055557105612, 31.1062504532079, 0], [33.4138337112943, 31.1051944531882, 0], [33.4194717101863, 31.102777453633, 0], [33.4333347110727, 31.1015834539751, 0], [33.4352767108551, 31.1021934535703, 0], [33.4386407113007, 31.1032504539361, 0], [33.4521377111043, 31.1073604531651, 0], [33.4599157112172, 31.1044734533867, 0], [33.4633067103878, 31.1086384537632, 0], [33.4632497110246, 31.1113894534581, 0], [33.4578327105155, 31.1168324534206, 0], [33.4582787102179, 31.1214164537775, 0], [33.4524157111624, 31.1208894539312, 0], [33.4414717108864, 31.1360834532983, 0], [33.4429747111924, 31.1420844533783, 0], [33.4485817107349, 31.1416954534485, 0], [33.4558907107331, 31.1344454537988, 0], [33.4623607112212, 31.130638453584, 0], [33.4797217109346, 31.1288334530914, 0], [33.4846957113427, 31.1264444535801, 0], [33.4885827105089, 31.1245844531745, 0], [33.5020567110562, 31.1237224538533, 0], [33.5032507107986, 31.1236384539989, 0], [33.5298047110622, 31.114584453869, 0], [33.5450287103122, 31.1124994537056, 0], [33.6060297107019, 31.1116944534238, 0], [33.6476407104384, 31.1134164538678, 0], [33.6542207113403, 31.1136664535874, 0], [33.7416647117127, 31.1257494531067, 0], [33.753355705226, 31.1088695621852, 0], [32.6171913826519, 30.0147194187777, 0], [32.6024632088543, 29.8956193006683, 0], [32.5914457096731, 29.9025554526442, 0], [32.5886657102477, 29.9077774527097, 0], [32.5792507102915, 29.9156114528944, 0], [32.572334710101, 29.9182224529774, 0], [32.5762787097864, 29.9286384522935, 0], [32.5822487096543, 29.9317494521478, 0], [32.5834997099159, 29.9340844520745, 0], [32.5811957096753, 29.9378604526207, 0], [32.5813907103564, 29.939277452226, 0], [32.5815277094952, 29.9404454521658, 0], [32.5786097099079, 29.9437774529523, 0], [32.5788347100714, 29.9498614527481, 0], [32.5838317097359, 29.9677504520307, 0], [32.5839727094992, 29.9781384523747, 0], [32.5820847094787, 29.9802224528597, 0], [32.57808371043, 29.9790844524939, 0], [32.5760577102475, 29.9709454530668, 0], [32.573276709799, 29.9687784529316, 0], [32.564971710341, 29.9696674527641, 0], [32.562194710517, 29.9748894529626, 0], [32.5807497099729, 29.9983064526651, 0], [32.5752797095692, 30.00000045305, 0], [32.5703627096803, 30.0015274526846, 0], [32.5686957103546, 30.00000045305, 0], [32.5660017099077, 29.9975284524232, 0], [32.5607797100798, 29.9859444524992, 0], [32.5585557096147, 29.9836674525046, 0], [32.5556377100274, 29.980638452118, 0], [32.5530817097425, 29.9780004528447, 0], [32.5550847095126, 29.9759734525183, 0], [32.5555267097464, 29.9755284521219, 0], [32.5559737104719, 29.9684164520118, 0], [32.5621377099979, 29.9655834523142, 0], [32.5631677095646, 29.965110452188, 0], [32.564140709768, 29.963638452234, 0], [32.5667497099477, 29.9596674520695, 0], [32.5611387097806, 29.9584714524259, 0], [32.5595287098182, 29.9581394521904, 0], [32.5583617099567, 29.9578894528137, 0], [32.5548897099874, 29.9598884528014, 0], [32.5480537095726, 29.9593044525515, 0], [32.5412787103014, 29.9561674523732, 0], [32.5349157094698, 29.9571954529071, 0], [32.5288887102386, 29.9576664526909, 0], [32.5228887097324, 29.9581394521904, 0], [32.5044177095208, 29.9533334525361, 0], [32.4975287103671, 29.9463064528968, 0], [32.4944157100987, 29.9449994527802, 0], [32.4852797100678, 29.9412234527591, 0], [32.4782487101277, 29.9365004521832, 0], [32.4775277099686, 29.9360274529298, 0], [32.4753877099036, 29.929805452149, 0], [32.4741097097612, 29.9260824525827, 0], [32.4749987095645, 29.9226384525639, 0], [32.4671667096898, 29.910083452166, 0], [32.4665267091734, 29.904556452233, 0], [32.4585267096544, 29.8894734527705, 0], [32.4710547098791, 29.8750554521162, 0], [32.476387709988, 29.8721674523423, 0], [32.4764717103881, 29.8694174521277, 0], [32.473415709483, 29.8652234522018, 0], [32.4788627094744, 29.858917452593, 0], [32.4888617092949, 29.8595834520223, 0], [32.4910017093599, 29.8577784528384, 0], [32.5062487101781, 29.8587784526619, 0], [32.5081947094291, 29.8551674521808, 0], [32.4978067104253, 29.8397774528385, 0], [32.4863057101659, 29.8273884521503, 0], [32.4860577095901, 29.8250274526654, 0], [32.4854737097258, 29.8197784524652, 0], [32.4702757093337, 29.8075274520697, 0], [32.4558337102306, 29.7966674520172, 0], [32.4496117103183, 29.7940004528689, 0], [32.4362227100383, 29.7826944520949, 0], [32.4161117103819, 29.7588334521777, 0], [32.3984457095734, 29.7325004523254, 0], [32.3958327099252, 29.731777451888, 0], [32.3956687097495, 29.7280824522965, 0], [32.384693710124, 29.7074164522895, 0], [32.3829727098806, 29.7032514519073, 0], [32.3773347098326, 29.6985284518852, 0], [32.3610007100844, 29.6805004522994, 0], [32.3599167096, 29.6574174521694, 0], [32.359695710061, 29.6526664527461, 0], [32.3631407101494, 29.642416452261, 0], [32.3656967092785, 29.6358054521662, 0], [32.363304710325, 29.6306384526847, 0], [32.3624997097659, 29.6288604523602, 0], [32.3589707092774, 29.6228044520953, 0], [32.3580557094603, 29.618667452032, 0], [32.3501397091855, 29.6106664518024, 0], [32.3416407100694, 29.595556452437, 0], [32.3413317095058, 29.5884434521028, 0], [32.3496937094831, 29.5805834517396, 0], [32.3568037093316, 29.5704174519963, 0], [32.3606947102782, 29.5631394525388, 0], [32.3619997103016, 29.5544454517993, 0], [32.3693887100754, 29.5435834522824, 0], [32.3697207098954, 29.540832452276, 0], [32.3735847098052, 29.5340274519731, 0], [32.3797767102351, 29.5291124519385, 0], [32.3838617096839, 29.5234714518454, 0], [32.3929177099393, 29.5195274521214, 0], [32.3968047102615, 29.5120274524512, 0], [32.4056137098083, 29.5066944523787, 0], [32.4212767096906, 29.5001394518955, 0], [32.4317207093464, 29.4918884524762, 0], [32.4441947098093, 29.4868604525922, 0], [32.4521677094474, 29.4741674524254, 0], [32.4734457101213, 29.4588334515962, 0], [32.4760017104063, 29.4570004520369, 0], [32.4799467099588, 29.4469724522999, 0], [32.4831397100028, 29.4445284524094, 0], [32.4934737104007, 29.4412784521186, 0], [32.4976957101443, 29.4400004522706, 0], [32.4996107100457, 29.4372764519018, 0], [32.5008887101882, 29.4288064524449, 0], [32.5054747101243, 29.4243054524942, 0], [32.5134437102938, 29.4205834521007, 0], [32.517192710454, 29.41697345182, 0], [32.5210577102311, 29.4160004521122, 0], [32.5230297094958, 29.4155004518247, 0], [32.5371937096967, 29.4052224515328, 0], [32.5412487096631, 29.4004724515154, 0], [32.5481377099727, 29.3978614521183, 0], [32.559970710052, 29.3866384519236, 0], [32.5652777101472, 29.3842224522298, 0], [32.5675017094563, 29.3791944522732, 0], [32.5728877094599, 29.3738064521407, 0], [32.5722507097009, 29.3684994518481, 0], [32.5803077097391, 29.3615554523046, 0], [32.5803877095147, 29.3578894521833, 0], [32.5844727101194, 29.3519994519595, 0], [32.5906107096316, 29.3475284523627, 0], [32.5941657101338, 29.3418614524636, 0], [32.5934717098556, 29.3383884522813, 0], [32.5997507102871, 29.3192214518335, 0], [32.6027227096362, 29.3059734523375, 0], [32.6012497099685, 29.302250451907, 0], [32.6029167104501, 29.2981664521885, 0], [32.6093907104068, 29.2911664517546, 0], [32.6060827106132, 29.2871954515644, 0], [32.6043897101178, 29.2818894521076, 0], [32.6058047105551, 29.2780004517228, 0], [32.6114737099526, 29.2721384519546, 0], [32.6163067105973, 29.2674164516589, 0], [32.615112709699, 29.2625824523165, 0], [32.6184737105431, 29.253915451887, 0], [32.6246377100691, 29.2492214522786, 0], [32.6285287098598, 29.2396944518139, 0], [32.6299437102971, 29.2362214519765, 0], [32.627109709954, 29.2338884516374, 0], [32.6250577097577, 29.2221394522278, 0], [32.626472710195, 29.208610451612, 0], [32.6254997099915, 29.2055834517542, 0], [32.6266097104897, 29.2028614521363, 0], [32.6351127102303, 29.1984444517073, 0], [32.6413617100235, 29.1792774516589, 0], [32.647529710174, 29.1736394517836, 0], [32.6440277095665, 29.1666944514025, 0], [32.6476097099496, 29.1598604513772, 0], [32.647834710113, 29.1408064514393, 0], [32.6505857099232, 29.1360554515929, 0], [32.6505287105599, 29.1282214522468, 0], [32.6537207095808, 29.1255554515749, 0], [32.6561397095711, 29.1237504519809, 0], [32.6578067100527, 29.1194914521617, 0], [32.6586387104928, 29.117361451887, 0], [32.6653327101212, 29.1115284514803, 0], [32.6667517100271, 29.0968344520797, 0], [32.6615567100801, 29.0857224519854, 0], [32.6537517100863, 29.0743334516644, 0], [32.6408887104402, 29.0660284520122, 0], [32.6432227101632, 29.0631394517141, 0], [32.6481097105697, 29.0571674519629, 0], [32.6493347096616, 29.0523054512363, 0], [32.6444747102919, 29.0545004517873, 0], [32.637638709877, 29.0615274516499, 0], [32.6302797095856, 29.0600834517487, 0], [32.6239437097909, 29.053972451247, 0], [32.6238597105467, 29.0468334521349, 0], [32.6295287099442, 29.0398334517542, 0], [32.6316687100091, 29.0288624515048, 0], [32.6266407098392, 29.0204714516775, 0], [32.6311957104258, 29.0162224517393, 0], [32.6236117099709, 29.0064164512175, 0], [32.6195567100045, 28.9916384513654, 0], [32.6201097105193, 28.9808334512336, 0], [32.6228337104486, 28.9765284516, 0], [32.6301957103415, 28.9638334511222, 0], [32.6363067099727, 28.9602774519506, 0], [32.6370547100127, 28.9595284512114, 0], [32.6587797102562, 28.9384444514382, 0], [32.6688617106097, 28.9220834512889, 0], [32.6761667099834, 28.9015564513084, 0], [32.6790007103265, 28.8933624520007, 0], [32.6781967096345, 28.8834724517336, 0], [32.705581710471, 28.8526384515675, 0], [32.7093047106175, 28.849832451335, 0], [32.7187767099371, 28.8465824518766, 0], [32.7254717105886, 28.8402784516265, 0], [32.7328337104814, 28.8273334514687, 0], [32.7362517106889, 28.8154454518398, 0], [32.7527507104799, 28.8017504517823, 0], [32.7598617101955, 28.7993604514626, 0], [32.7781677103644, 28.7969434514316, 0], [32.7995837100442, 28.784277451345, 0], [32.8063317105904, 28.7739714514024, 0], [32.8133887105443, 28.7631664509359, 0], [32.8247227098706, 28.7355844511361, 0], [32.8326957106646, 28.7293054517702, 0], [32.8281937099727, 28.7211664514302, 0], [32.8278047107895, 28.7158894511646, 0], [32.831222709841, 28.704221450928, 0], [32.8371127099334, 28.6970004518206, 0], [32.8380547107873, 28.690111451639, 0], [32.8438337105986, 28.6768894510849, 0], [32.841861710178, 28.6727224513277, 0], [32.8428347103814, 28.6646934509052, 0], [32.8456387100863, 28.6592214511382, 0], [32.8477517102703, 28.6551384514209, 0], [32.8538627099016, 28.6501944510282, 0], [32.8631667107328, 28.6191384517854, 0], [32.8676947102825, 28.5937214516411, 0], [32.8681677098658, 28.5836104508257, 0], [32.8654707098175, 28.5769154510328, 0], [32.8661387100819, 28.5711674510691, 0], [32.8727497103333, 28.5669444508861, 0], [32.8813627104878, 28.5657214514075, 0], [32.8895267101824, 28.5612774509573, 0], [32.9114727099648, 28.5570834515904, 0], [32.9274447104107, 28.5518604512906, 0], [32.9338077100864, 28.5464444515518, 0], [32.9346657105402, 28.5432494515065, 0], [32.9404987101133, 28.5387494511058, 0], [32.952278710298, 28.523361450777, 0], [32.9650007101807, 28.5132504513545, 0], [32.9673047104213, 28.5031664507618, 0], [32.9739457101551, 28.4970834510142, 0], [32.9829177100104, 28.4905834516199, 0], [33.001415710103, 28.4893054516746, 0], [33.0046387107853, 28.4847504507937, 0], [33.0068897099753, 28.4772224514772, 0], [33.0075567103726, 28.4763604509742, 0], [33.011417710681, 28.4713324514065, 0], [33.0229727107022, 28.4659994506633, 0], [33.0261657107461, 28.4628624508007, 0], [33.0352217110016, 28.4409444508415, 0], [33.0405547099546, 28.435304450747, 0], [33.0531967100617, 28.4038044507247, 0], [33.0803877100843, 28.3714444514697, 0], [33.0825007102683, 28.3689444511637, 0], [33.0914457102428, 28.3659994512279, 0], [33.103942709962, 28.362388451005, 0], [33.1105277101997, 28.3581394511813, 0], [33.1127207101593, 28.3522224514362, 0], [33.11436071076, 28.3232784505766, 0], [33.1169167098891, 28.3165834510611, 0], [33.1245277102249, 28.3094444511053, 0], [33.127250710287, 28.3028334512581, 0], [33.1263047099644, 28.2991394505804, 0], [33.1279987103269, 28.2920554511673, 0], [33.1326947106769, 28.2907504511673, 0], [33.1448327106953, 28.2817494507881, 0], [33.1513597105466, 28.2793334509383, 0], [33.1582797102057, 28.2714174510989, 0], [33.1605567105654, 28.2611104513219, 0], [33.1651387110329, 28.2536104508631, 0], [33.1633877101511, 28.2503604512792, 0], [33.1718907110476, 28.2401394510193, 0], [33.1795007103604, 28.2354454509076, 0], [33.1826937104044, 28.2313614508406, 0], [33.1860007103308, 28.2220004511052, 0], [33.1908347108426, 28.2187504510112, 0], [33.1986387109693, 28.2134724507599, 0], [33.2022787105828, 28.2126104511301, 0], [33.2148627103036, 28.1937504509529, 0], [33.2256127109216, 28.1865564509314, 0], [33.2375267106436, 28.174583450761, 0], [33.2427487104716, 28.1719174507471, 0], [33.243915710333, 28.1655004507696, 0], [33.2417227103734, 28.1585564506445, 0], [33.2426947107097, 28.1493894510024, 0], [33.2453617101198, 28.1448324511058, 0], [33.2513887105069, 28.1421664510082, 0], [33.2742237100927, 28.1402224503677, 0], [33.2779427107705, 28.136888450708, 0], [33.2794997108383, 28.135500450506, 0], [33.2816967102666, 28.1297784513052, 0], [33.2908897108167, 28.123277450865, 0], [33.2993887110887, 28.111694451074, 0], [33.3064727109235, 28.1076394511913, 0], [33.3154457106459, 28.0979994508897, 0], [33.3178337101307, 28.0954174509961, 0], [33.3199467103148, 28.0948334504501, 0], [33.3233077111589, 28.0938894506424, 0], [33.3343047101736, 28.087165450388, 0], [33.3369717107396, 28.0828344509455, 0], [33.3373607110788, 28.0771104506194, 0], [33.3353887106581, 28.071806450918, 0], [33.3377227103811, 28.0580564512991, 0], [33.3424727104928, 28.0530544505283, 0], [33.3518067108064, 28.0520554510226, 0], [33.3531387107107, 28.049778450593, 0], [33.3578607110744, 28.0475564509378, 0], [33.3594177111422, 28.0474724507426, 0], [33.3645827104509, 28.0471934510806, 0], [33.3693887112147, 28.0394444511348, 0], [33.3722767113196, 28.036972450428, 0], [33.3733907112865, 28.0333064505554, 0], [33.37836071107, 28.0303894510692, 0], [33.4075277109819, 28.0347214509452, 0], [33.4132767113109, 28.0325284505468, 0], [33.4169997103014, 28.0265824508482, 0], [33.4225007112106, 28.0223064505719, 0], [33.4329187108526, 28.0194724505825, 0], [33.4466097103143, 28.0061114505065, 0], [33.47455671047, 27.993084450962, 0], [33.4781957113723, 27.9913884505789, 0], [33.4881407102751, 27.9846384511262, 0], [33.5136107112102, 27.9480284510077, 0], [33.5225567110518, 27.9391674509452, 0], [33.5262797111983, 27.9332504503914, 0], [33.5352217104153, 27.9253334510084, 0], [33.5419737104301, 27.9086664503292, 0], [33.5573617110116, 27.8929734508372, 0], [33.5622217103813, 27.888027450124, 0], [33.5651397111245, 27.8830284506661, 0], [33.564609711022, 27.8689994501329, 0], [33.5678597104293, 27.8603054503748, 0], [33.5749437114199, 27.8532774508079, 0], [33.5814707112713, 27.8503894506002, 0], [33.5883337104111, 27.8419724508468, 0], [33.5896957109537, 27.8371654507628, 0], [33.5849997106038, 27.8249164504222, 0], [33.5871657106825, 27.8189714507569, 0], [33.5839997105194, 27.8069994500525, 0], [33.5948337103816, 27.7919734502124, 0], [33.5920567105576, 27.7880284508307, 0], [33.5860827112211, 27.7900274500484, 0], [33.5806657107121, 27.7899434510005, 0], [33.5760847112677, 27.7859724501221, 0], [33.5750847111833, 27.786167450734, 0], [33.5714157107986, 27.786832450453, 0], [33.5704997111144, 27.7962494502405, 0], [33.5677797106537, 27.8035564501177, 0], [33.5616957109033, 27.8124444509676, 0], [33.5570257105672, 27.8144434509259, 0], [33.5506667103601, 27.8074724500612, 0], [33.5457767103521, 27.8076114504612, 0], [33.5403067111044, 27.8098334502229, 0], [33.5279427110554, 27.8220824502572, 0], [33.5196117104276, 27.8258614509971, 0], [33.5022247107004, 27.8302234503177, 0], [33.4931107112146, 27.8349174501998, 0], [33.4884457113701, 27.8357774505012, 0], [33.4825557112778, 27.8324714510131, 0], [33.477306710413, 27.8232234503037, 0], [33.4725837113381, 27.8128054500674, 0], [33.4778907102774, 27.8038614507663, 0], [33.4813617103794, 27.7980004509845, 0], [33.4922217114112, 27.7970014505608, 0], [33.4946407114015, 27.7915284505413, 0], [33.5022507107142, 27.7849734506276, 0], [33.5041397106019, 27.7810844507606, 0], [33.5045287109411, 27.77258345089, 0], [33.5074467105284, 27.7682784505248, 0], [33.5113607107314, 27.765806450217, 0], [33.5141377105554, 27.7639714510015, 0], [33.5181657106409, 27.7613054505703, 0], [33.5188067110244, 27.7594724508977, 0], [33.5196647103223, 27.757028450034, 0], [33.5211377111459, 27.7528324501021, 0], [33.5248077113977, 27.7501394507719, 0], [33.5284157106387, 27.7490274502489, 0], [33.5313077102122, 27.7481384501291, 0], [33.5387767109175, 27.7487224502868, 0], [33.5392497105008, 27.7488614500837, 0], [33.5485267102952, 27.7518334501261, 0], [33.5514987108002, 27.7590004500957, 0], [33.5545547105494, 27.762251450279, 0], [33.5602497111166, 27.7602504502621, 0], [33.5631947105848, 27.754554450125, 0], [33.5632787109849, 27.750194450733, 0], [33.5569997105534, 27.7395554508726, 0], [33.5551377105466, 27.7280274500011, 0], [33.5518607112584, 27.7236114502493, 0], [33.5456967105766, 27.7212504502953, 0], [33.5440297112508, 27.7136384505496, 0], [33.5412217109215, 27.7110554501822, 0], [33.5359997110936, 27.7153604509215, 0], [33.531860710727, 27.7155284504755, 0], [33.5278327106415, 27.709278450292, 0], [33.5326117103685, 27.7019994505742, 0], [33.5403067111044, 27.7053054507474, 0], [33.5436667109255, 27.7048894508417, 0], [33.5468067110748, 27.7021944501035, 0], [33.5477797112783, 27.6991944499632, 0], [33.5508887109221, 27.6898324506987, 0], [33.5549737103709, 27.6842234501879, 0], [33.5553627107101, 27.6836944502425, 0], [33.5623897111815, 27.6801114503812, 0], [33.5675547104902, 27.6801114503812, 0], [33.5771107113658, 27.6800844501706, 0], [33.5799717104339, 27.6782784508414, 0], [33.5813067110956, 27.6753064501703, 0], [33.5799717104339, 27.6704734508347, 0], [33.5798607113088, 27.6700004504777, 0], [33.5808067104755, 27.6692224499561, 0], [33.5858617105263, 27.6650274506723, 0], [33.5885847105884, 27.6574444505241, 0], [33.5893897111476, 27.6551954507895, 0], [33.5904997104899, 27.6545274505295, 0], [33.5977217104865, 27.6502494505505, 0], [33.5965847112633, 27.6415004501444, 0], [33.5939447105782, 27.6401944504354, 0], [33.593250711456, 27.6398624504517, 0], [33.5896117105536, 27.6416394503567, 0], [33.5847207106785, 27.648945450569, 0], [33.5737497105216, 27.6653324502597, 0], [33.5681387103546, 27.6703054505182, 0], [33.5656127107079, 27.6725824507485, 0], [33.5609437113947, 27.6748044505301, 0], [33.5605277111747, 27.669277450804, 0], [33.5629467111649, 27.6628894505052, 0], [33.5708357104029, 27.6540284506045, 0], [33.5635837109239, 27.6557774503593, 0], [33.5557787109301, 27.660028450039, 0], [33.5407487113382, 27.6793614506923, 0], [33.5363047110326, 27.6818334505954, 0], [33.5313877111437, 27.6822224506608, 0], [33.5021097109508, 27.6599734506796, 0], [33.4998627112294, 27.65650045026, 0], [33.4974177112254, 27.6488894503849, 0], [33.4980547109844, 27.6478614499566, 0], [33.5011407113719, 27.6429734508171, 0], [33.5159147102949, 27.6381114502351, 0], [33.5234987107498, 27.6324734508606, 0], [33.5516127106827, 27.6018624500499, 0], [33.5561377106309, 27.593639450728, 0], [33.5637517105682, 27.5854724501557, 0], [33.5685537107075, 27.5609434504606, 0], [33.561000710758, 27.5491394506606, 0], [33.5623327106623, 27.5480004502136, 0], [33.5613067105642, 27.5312214504249, 0], [33.5642207106829, 27.5261934499921, 0], [33.5676117110094, 27.5244164503967, 0], [33.5703887108334, 27.5244444505156, 0], [33.5864187105097, 27.5246654508006, 0], [33.5954707112965, 27.5215554505675, 0], [33.5965537107578, 27.5185834504186, 0], [33.5951117104397, 27.5135274504414, 0], [33.6000557113654, 27.5096954507449, 0], [33.6045577109014, 27.5026114501846, 0], [33.6092497106268, 27.4985564502968, 0], [33.6229437108458, 27.4966664505594, 0], [33.6263357110395, 27.494417450036, 0], [33.6290817115139, 27.4831944498149, 0], [33.6341097105279, 27.4756664503592, 0], [33.6327217111274, 27.4657784502239, 0], [33.634609711148, 27.4600564499157, 0], [33.6473617105131, 27.4521674499675, 0], [33.6536407109446, 27.4451394499576, 0], [33.6657217104437, 27.43105545052, 0], [33.6787227114077, 27.4218064503607, 0], [33.6818887115707, 27.4169994503296, 0], [33.6827777113741, 27.4091954500479, 0], [33.6909447106702, 27.398056450252, 0], [33.6933597111918, 27.3918894496017, 0], [33.6906397107312, 27.3851944498031, 0], [33.6841927106554, 27.385555449697, 0], [33.6784177114686, 27.3763044504299, 0], [33.6787227114077, 27.3735564501779, 0], [33.6841397107608, 27.3726944496991, 0], [33.6862227114624, 27.3708894503369, 0], [33.6889727114055, 27.3594434501334, 0], [33.6946947106976, 27.3549174497233, 0], [33.6953047105757, 27.3494164504788, 0], [33.6972507109826, 27.3400004496971, 0], [33.7073897106994, 27.3330004503835, 0], [33.7152787110933, 27.3225554505887, 0], [33.7201957109822, 27.3198604502767, 0], [33.7280547107378, 27.3107494503675, 0], [33.7389187112383, 27.3067494496451, 0], [33.7455827113843, 27.3070564496465, 0], [33.7523047107608, 27.304388449833, 0], [33.7596397107728, 27.2959724503204, 0], [33.7650567112818, 27.2942224497636, 0], [33.7658347108042, 27.2936114503523, 0], [33.771831710553, 27.2887784501886, 0], [33.780109711286, 27.2849734500723, 0], [33.7918057110706, 27.2759174501306, 0], [33.807025710852, 27.2717224494919, 0], [33.8186957106228, 27.2652224495775, 0], [33.8297767111935, 27.2630554505073, 0], [33.8380547107707, 27.259222449598, 0], [33.8422247116426, 27.2556114501861, 0], [33.847442710846, 27.2494714499637, 0], [33.8509177115727, 27.2405284503978, 0], [33.849693711192, 27.2354714496499, 0], [33.8456387112255, 27.2324444498047, 0], [33.8429187107649, 27.2257504498975, 0], [33.8422777115373, 27.2165544494318, 0], [33.8438607116188, 27.2135834498242, 0], [33.8505827109954, 27.2086654502166, 0], [33.8518907106202, 27.207695450237, 0], [33.8534737107017, 27.2045004495204, 0], [33.8450857107108, 27.2000274505161, 0], [33.8431667113407, 27.1981104499034, 0], [33.830638711116, 27.1853884502736, 0], [33.8273887117087, 27.18030544953, 0], [33.827999711454, 27.1725004503379, 0], [33.830001711357, 27.1684434498917, 0], [33.8330267106008, 27.1622224501531, 0], [33.8362777110311, 27.1507774496689, 0], [33.8347207109633, 27.1476384498501, 0], [33.8320547114204, 27.1422214496416, 0], [33.8336947108652, 27.1339724499389, 0], [33.8322227110647, 27.1293604499112, 0], [33.8312767107421, 27.1243054497955, 0], [33.8289457106206, 27.1219444500106, 0], [33.8287507110954, 27.1217504503631, 0], [33.8290297110207, 27.1209714494033, 0], [33.8327487116986, 27.1105274497262, 0], [33.8408057105809, 27.1039714502342, 0], [33.8534737107017, 27.0969714500297, 0], [33.8607787112313, 27.0888064503601, 0], [33.8648607110787, 27.0878334498282, 0], [33.8829157110703, 27.0835284496001, 0], [33.8891377109826, 27.0785564497061, 0], [33.8904457106075, 27.0769154498741, 0], [33.8964467109808, 27.0694444501584, 0], [33.9069717114353, 27.0516394502019, 0], [33.9064717108151, 27.048889449513, 0], [33.9029167114688, 27.0476954497916, 0], [33.8923347116511, 27.0521664496879, 0], [33.8882487111792, 27.0498334501978, 0], [33.8848617114772, 27.0366934494108, 0], [33.888053711654, 27.0286944499452, 0], [33.9074707110323, 27.0132774493143, 0], [33.9126397109656, 27.0108054500337, 0], [33.9150007117254, 27.0069444498695, 0], [33.9122507117824, 27.00322144929, 0], [33.9055827110118, 27.0017774495282, 0], [33.9025847116489, 26.9971394500566, 0], [33.9062237113953, 26.9932784502613, 0], [33.9113617108231, 26.9917224499928, 0], [33.9243317112816, 26.9806114498445, 0], [33.9259147113631, 26.9776384493852, 0], [33.9190827115728, 26.9720554502871, 0], [33.9211657111185, 26.9693334499271, 0], [33.9250267114269, 26.9684444500232, 0], [33.9304427109128, 26.9643614494349, 0], [33.9358597114219, 26.9426114496478, 0], [33.9439737108234, 26.9312234501622, 0], [33.9610557117674, 26.9185274501123, 0], [33.9652487107399, 26.9109994491717, 0], [33.9679987106829, 26.8956394496971, 0], [33.9686127111855, 26.8950274501275, 0], [33.9700857108532, 26.8935834499888, 0], [33.9739157106561, 26.894556449717, 0], [33.9802517116068, 26.899665449892, 0], [33.9879157106813, 26.9011114494058, 0], [33.9882777111396, 26.9011114494058, 0], [33.9930267113842, 26.9009434493221, 0], [33.9951097109299, 26.8986664496241, 0], [33.99519371133, 26.8933884496655, 0], [33.9905547114993, 26.8808884499355, 0], [33.9900017109845, 26.8793334497771, 0], [33.9916117109469, 26.8726674495847, 0], [33.991806711628, 26.8724724492585, 0], [34.0009467111276, 26.8631384497397, 0], [34.0036127118264, 26.8551104491075, 0], [34.000499711558, 26.8387774492711, 0], [33.9997787113989, 26.8379994494248, 0], [33.9989737108398, 26.8371394497859, 0], [33.9885827110786, 26.8494454499235, 0], [33.980335710851, 26.8546394494381, 0], [33.9749717113925, 26.8602224501186, 0], [33.9722787108128, 26.8630564493177, 0], [33.965637711079, 26.8618334500163, 0], [33.959583710811, 26.8541944500162, 0], [33.951500710759, 26.8472214490914, 0], [33.948806711468, 26.8370834500723, 0], [33.9484177111289, 26.8360554501141, 0], [33.9448627117826, 26.8266944496666, 0], [33.949554711508, 26.8196104494857, 0], [33.951694711573, 26.8116114497321, 0], [33.9505537117252, 26.8021664494124, 0], [33.946804711565, 26.7961674500034, 0], [33.9399457107378, 26.7921944494339, 0], [33.9376947115478, 26.7884734498967, 0], [33.9493067109323, 26.7614994495167, 0], [33.9601667108082, 26.7521954497842, 0], [33.9601937106891, 26.749916449647, 0], [33.9495017116134, 26.7472494498669, 0], [33.9434167108399, 26.7428344491143, 0], [33.9421957112166, 26.7389164494274, 0], [33.9443327116801, 26.7308884496453, 0], [33.9388047108901, 26.7250824497569, 0], [33.9377217114287, 26.7200834494811, 0], [33.9373627117278, 26.7184164498301, 0], [33.9375007107338, 26.7171934497228, 0], [33.9375007107338, 26.717167449149, 0], [33.9391097108291, 26.7018894498392, 0], [33.9353607118248, 26.6758884499718, 0], [33.935943711822, 26.6717774492584, 0], [33.9365007118054, 26.6678624490629, 0], [33.9388617114093, 26.6635284492177, 0], [33.9396937106934, 26.6627774498447, 0], [33.9530837108406, 26.6505834494115, 0], [33.9571957113262, 26.6485554495408, 0], [33.9689717108863, 26.646639449017, 0], [33.9836387113088, 26.6380554490742, 0], [33.9893077107063, 26.6364994490654, 0], [33.9936947116486, 26.6317214491018, 0], [34.0025297112091, 26.6205564496878, 0], [34.0176927116272, 26.6126674495194, 0], [34.0218627113432, 26.6058334494591, 0], [34.0271957114522, 26.5888884492595, 0], [34.0322227117549, 26.5798344490765, 0], [34.035305711385, 26.5742784494424, 0], [34.0348057119208, 26.5719724491453, 0], [34.0401117109929, 26.5570834495575, 0], [34.0587237109679, 26.5370564495762, 0], [34.0615007107919, 26.5303894494218, 0], [34.0624167116321, 26.5281394491655, 0], [34.0709727112673, 26.5169714488698, 0], [34.0738907108546, 26.5073604488822, 0], [34.0802497110617, 26.4888054496234, 0], [34.0801127119228, 26.4800834496054, 0], [34.0824437108884, 26.4764444492277, 0], [34.0847777117673, 26.4741674493442, 0], [34.0841677118893, 26.4603614495687, 0], [34.0860297107402, 26.4551104491534, 0], [34.1002507114602, 26.4375554493479, 0], [34.1046947117658, 26.4288614489613, 0], [34.1054157119249, 26.4256664496514, 0], [34.1081967112174, 26.4130554496717, 0], [34.113388711563, 26.4050564492077, 0], [34.1145827113054, 26.4041384493508, 0], [34.1349987109009, 26.3882774494727, 0], [34.1375847118242, 26.3843884495862, 0], [34.137195711485, 26.3740564489164, 0], [34.1534467118562, 26.3595014496119, 0], [34.1584747120261, 26.3470554487499, 0], [34.1681407110036, 26.3421934488517, 0], [34.181026711062, 26.3299164496583, 0], [34.1878057109577, 26.3157214490376, 0], [34.1915287111042, 26.3024444489318, 0], [34.189109711114, 26.29161044862, 0], [34.1943897113282, 26.2737504490449, 0], [34.1993067112171, 26.2655274491795, 0], [34.2075537114447, 26.2584724492593, 0], [34.2096937115097, 26.2549434486858, 0], [34.2098887110348, 26.2546124492949, 0], [34.2091677108757, 26.2500004489954, 0], [34.2173047118454, 26.2275564490492, 0], [34.2196967119548, 26.2188894495502, 0], [34.2236677115211, 26.2046394492462, 0], [34.2298057110333, 26.2003324486397, 0], [34.2319457110982, 26.1914154488471, 0], [34.2432517118324, 26.1809444492703, 0], [34.2481657109639, 26.1724724488408, 0], [34.2508317116628, 26.1601104493605, 0], [34.2693327113568, 26.1439434487167, 0], [34.2745817110657, 26.1290834493945, 0], [34.2828597117987, 26.1212774491431, 0], [34.2866937110703, 26.1176664486874, 0], [34.2868887117514, 26.1174714492019, 0], [34.2905007116169, 26.1119724493248, 0], [34.2910537109758, 26.1092224491227, 0], [34.286220711487, 26.1041944491536, 0], [34.2818877114624, 26.0996384489862, 0], [34.2817497113005, 26.0995004487994, 0], [34.2818337117006, 26.0995004487994, 0], [34.2855567118471, 26.0993064487581, 0], [34.2870567113957, 26.0985284491904, 0], [34.2898907117388, 26.0970554490481, 0], [34.2960817111456, 26.0899714484952, 0], [34.3021927119328, 26.0895824489409, 0], [34.3065267118245, 26.087528448395, 0], [34.3083877119642, 26.0779174488251, 0], [34.3169177115857, 26.0655844486868, 0], [34.3180547119648, 26.0524994486847, 0], [34.3209727115521, 26.0454734489697, 0], [34.3276947120846, 26.0293884487391, 0], [34.3272517119836, 26.0222494493412, 0], [34.3290557116041, 26.0192774490652, 0], [34.3386117113237, 26.0032764493289, 0], [34.3419997120488, 25.9941384483921, 0], [34.3458907118396, 25.985195449282, 0], [34.3635297116112, 25.9733884486045, 0], [34.374500711768, 25.9695834484187, 0], [34.3788337117926, 25.9657234484548, 0], [34.379722711596, 25.9634174484922, 0], [34.3858607111082, 25.9471664489844, 0], [34.396831711265, 25.9408054489779, 0], [34.4003067119917, 25.9339714489392, 0], [34.4048887113032, 25.9213624487539, 0], [34.4133607116943, 25.9108624484224, 0], [34.4172517114851, 25.9028604492759, 0], [34.4169157121965, 25.8842504482645, 0], [34.417583711305, 25.8831124484999, 0], [34.420776711349, 25.8778324485233, 0], [34.4192777116676, 25.8743894487707, 0], [34.4188047120842, 25.8695564485351, 0], [34.4213907118516, 25.8654444483397, 0], [34.4244467116008, 25.863416448595, 0], [34.4291117114453, 25.8517224486255, 0], [34.4360277116358, 25.8458064488823, 0], [34.4363067115611, 25.8435004485415, 0], [34.4310267113468, 25.8381944488815, 0], [34.4350817113132, 25.8356954483772, 0], [34.4523317119016, 25.8351384489303, 0], [34.4631117120019, 25.8302784483427, 0], [34.4714437113409, 25.8265554487227, 0], [34.4725267119582, 25.8185004489481, 0], [34.4807207122911, 25.8103044491761, 0], [34.4829447116003, 25.8041114483229, 0], [34.4846117120819, 25.799528448635, 0], [34.4915547121533, 25.7883344484346, 0], [34.5068897116842, 25.7732774488559, 0], [34.5198597121427, 25.767389448986, 0], [34.5260277122932, 25.7573334484482, 0], [34.5379987113785, 25.7491394487779, 0], [34.5400547121993, 25.7466394481833, 0], [34.5411377116607, 25.7363054490778, 0], [34.5483327117764, 25.7251114485963, 0], [34.5541957119879, 25.718250448554, 0], [34.5613597115981, 25.710945448423, 0], [34.5634467117684, 25.7036114481462, 0], [34.5708357115422, 25.6976944481112, 0], [34.5733877123586, 25.6931114481387, 0], [34.568943712053, 25.6793064481487, 0], [34.5710297123562, 25.672889448783, 0], [34.5853047116821, 25.6583064483723, 0], [34.5853617122013, 25.6498054485328, 0], [34.5856667121403, 25.6447504486121, 0], [34.5910837114935, 25.6300834487683, 0], [34.5924147115306, 25.6280004482298, 0], [34.6105537119223, 25.5994454485835, 0], [34.6204457120864, 25.5953614487921, 0], [34.6260837121344, 25.5857504484589, 0], [34.6273617122769, 25.5850274482068, 0], [34.6385267120918, 25.5787224484532, 0], [34.6383627119162, 25.5663054486073, 0], [34.6473047122891, 25.5525834478585, 0], [34.6428337121026, 25.5417784488066, 0], [34.64616771191, 25.5337504480612, 0], [34.6454737116318, 25.5259434482969, 0], [34.652637712398, 25.5158884482708, 0], [34.6536677119647, 25.5113054488435, 0], [34.6547247114124, 25.5032764482662, 0], [34.657028711653, 25.5009994486611, 0], [34.6788907121912, 25.4822774488969, 0], [34.6809997117507, 25.4708064485682, 0], [34.6792227120112, 25.4648054479284, 0], [34.6779177119878, 25.460500448512, 0], [34.6777767122244, 25.4599994480011, 0], [34.678417711452, 25.4586944487833, 0], [34.6803327113535, 25.4547504482869, 0], [34.6854437120563, 25.4497224486994, 0], [34.6912767116294, 25.4465274482706, 0], [34.6930547123921, 25.4426384483523, 0], [34.6970557114408, 25.4125824484421, 0], [34.7011687117935, 25.3983894488221, 0], [34.7052497117737, 25.3915274481457, 0], [34.7144167123101, 25.3830834487292, 0], [34.7177237122366, 25.3771114478759, 0], [34.7271117123119, 25.3723334484742, 0], [34.73500071155, 25.363445448544, 0], [34.7374997124717, 25.3590564483209, 0], [34.7406127115842, 25.3535824483367, 0], [34.7411657120989, 25.3495004478372, 0], [34.7421957116657, 25.3418884479116, 0], [34.7399717123565, 25.3336104483496, 0], [34.7458037120625, 25.3285824486668, 0], [34.7486117123919, 25.3228604475893, 0], [34.7496687118396, 25.3150554484853, 0], [34.7563627126239, 25.2962784484981, 0], [34.7875557115624, 25.2672784478578, 0], [34.7951927119119, 25.2567504477709, 0], [34.7972487115768, 25.2503334486883, 0], [34.7962767123964, 25.241388448112, 0], [34.8074987115746, 25.2168614479714, 0], [34.8148887123714, 25.2075004479607, 0], [34.8121377125612, 25.2019734480312, 0], [34.8131377114897, 25.2001384486109, 0], [34.8270567118722, 25.1946944484253, 0], [34.8298347115633, 25.1903324484031, 0], [34.8364187119338, 25.1853334478724, 0], [34.8424987122155, 25.1830564477072, 0], [34.8457797121282, 25.1784724476247, 0], [34.8463057116062, 25.1748044476242, 0], [34.8443077123277, 25.1704444482282, 0], [34.8516387117151, 25.1702504486061, 0], [34.8546677115834, 25.1686384477352, 0], [34.8564457123461, 25.1654454479412, 0], [34.8559997114877, 25.1544174479016, 0], [34.8605847127126, 25.1468624476472, 0], [34.8699457117511, 25.1372514485326, 0], [34.8793337118265, 25.1219154480227, 0], [34.8778877120397, 25.112054447911, 0], [34.8837207116128, 25.1038054478591, 0], [34.883777712132, 25.0881944484719, 0], [34.8900837124444, 25.0861664479681, 0], [34.8936387117907, 25.0831944483449, 0], [34.8966947115399, 25.0763054476152, 0], [34.8997237125641, 25.0747224477702, 0], [34.9022487123437, 25.0751954482547, 0], [34.9057777116763, 25.0713064475985, 0], [34.9060557117344, 25.0693604476907, 0], [34.907611711935, 25.0580004476006, 0], [34.9159737119122, 25.045416447684, 0], [34.9203337118177, 25.0263614483121, 0], [34.9266397121301, 25.0218044478909, 0], [34.9309737120218, 25.0144734480396, 0], [34.9347497120629, 25.0110554475574, 0], [34.9438327121992, 25.0065004476192, 0], [34.9478877121657, 25.0023614482429, 0], [34.9483877116299, 25.0000004484115, 0], [34.951221711973, 24.9872494475879, 0], [34.949974712336, 24.9824164482953, 0], [34.9442217125384, 24.9761944475738, 0], [34.9384997120903, 24.9605824483531, 0], [34.943553712274, 24.9495834481658, 0], [34.9486127117934, 24.9456944483681, 0], [34.9591947116111, 24.9400274481899, 0], [34.959720712245, 24.9397504480286, 0], [34.9667777121989, 24.9333614480976, 0], [34.96880771185, 24.9294724477586, 0], [34.9678347128024, 24.9230274478892, 0], [34.9688607117446, 24.9186664478502, 0], [34.980472712285, 24.9065554473915, 0], [34.9865577119025, 24.8960284475929, 0], [34.9883347116421, 24.8909724476689, 0], [34.9878887119397, 24.875360447404, 0], [34.996223712036, 24.862304448121, 0], [34.9977497127543, 24.8556674475592, 0], [34.9953047127503, 24.8363894472963, 0], [34.9976127124595, 24.825611447909, 0], [35.0000007119443, 24.821388448024, 0], [35.0031927121211, 24.8157504476155, 0], [35.0087207117553, 24.810722447868, 0], [35.0344167127209, 24.7942774481081, 0], [35.0432517122815, 24.7844444477093, 0], [35.0510827122891, 24.7709164481612, 0], [35.0548637128219, 24.7675004476643, 0], [35.0621377116901, 24.765667447359, 0], [35.066444711701, 24.7615544477729, 0], [35.0686957120469, 24.7571944472807, 0], [35.0669447123211, 24.7548884477492, 0], [35.0717247119152, 24.7523884472899, 0], [35.0767787120989, 24.7464444472135, 0], [35.0924457126057, 24.7150274481909, 0], [35.0937507126291, 24.6978344480564, 0], [35.0917517123275, 24.6936954471854, 0], [35.0882497128759, 24.687723447399, 0], [35.0945547121652, 24.6721384474952, 0], [35.0983317120735, 24.6689454471704, 0], [35.1098907127192, 24.6641384471817, 0], [35.1106687122416, 24.6611674474201, 0], [35.1026957126035, 24.6407224476727, 0], [35.1031957120677, 24.6365834480756, 0], [35.1069717121089, 24.6299434471642, 0], [35.1188047121882, 24.6171394472533, 0], [35.1188047121882, 24.6136954471238, 0], [35.115055712028, 24.6088624477481, 0], [35.1158337127062, 24.6065824473717, 0], [35.1190837121135, 24.6047494480462, 0], [35.1265837121683, 24.6136954471238, 0], [35.133861712817, 24.6107504471537, 0], [35.1389167128678, 24.6050284472647, 0], [35.1448327118179, 24.5856384471073, 0], [35.1452217121571, 24.5843884478352, 0], [35.1489987120654, 24.5800284479569, 0], [35.1658327124337, 24.56788844786, 0], [35.168335712824, 24.5635544476408, 0], [35.1691097128778, 24.5589714476916, 0], [35.1673627126206, 24.5568884474536, 0], [35.1558347124802, 24.5550274480174, 0], [35.1515547123504, 24.5520554476013, 0], [35.1498077120932, 24.5486104479536, 0], [35.1543617128126, 24.5369164471752, 0], [35.1526107119308, 24.5325544470947, 0], [35.1383627124858, 24.5194434478113, 0], [35.1413887127527, 24.5128064479212, 0], [35.1569447118225, 24.501138447954, 0], [35.1629717122097, 24.4981674480081, 0], [35.1740267127666, 24.4828054475334, 0], [35.1775287122183, 24.4800554471145, 0], [35.1883317127309, 24.4766384472296, 0], [35.1963347130073, 24.4718344476332, 0], [35.2013897119021, 24.4599174474162, 0], [35.2073897124083, 24.4567224478487, 0], [35.2089157119707, 24.4484444472301, 0], [35.2089157119707, 24.4456944476916, 0], [35.2257507122061, 24.4239444468631, 0], [35.2257507122061, 24.4150014470427, 0], [35.2285277120301, 24.4090274474059, 0], [35.2395557127061, 24.4010274474341, 0], [35.2505837122263, 24.3934724475667, 0], [35.2610817127999, 24.3900284472537, 0], [35.265861712394, 24.3856944472893, 0], [35.2723887122453, 24.3746664469162, 0], [35.2781377125743, 24.3705564470038, 0], [35.2974167129466, 24.3655284467898, 0], [35.302696712005, 24.3581944470536, 0], [35.3066947126081, 24.3586674466932, 0], [35.3086927130425, 24.3625564470956, 0], [35.3144457128401, 24.3623334477453, 0], [35.3196947125489, 24.3591114477182, 0], [35.322444712492, 24.3561384474996, 0], [35.3249747127632, 24.3455834474017, 0], [35.3319747121979, 24.3430824469767, 0], [35.3322227127736, 24.3352774475647, 0], [35.3340837129133, 24.3338334472784, 0], [35.3375017131207, 24.3311384470791, 0], [35.3445017125554, 24.3206124474153, 0], [35.3497507122642, 24.31991544686, 0], [35.3560297126957, 24.3162494471794, 0], [35.3730277120837, 24.2942504471904, 0], [35.3815537122366, 24.2864434477378, 0], [35.389556712513, 24.282333447282, 0], [35.3960577123506, 24.2745284474257, 0], [35.3960577123506, 24.2717784475869, 0], [35.392555712899, 24.2683334468799, 0], [35.4115567132131, 24.2490564474017, 0], [35.4188047120676, 24.2394444468151, 0], [35.4220547126308, 24.2256664475668, 0], [35.4248047125738, 24.2217774476664, 0], [35.4335557128902, 24.219028447206, 0], [35.4358067120802, 24.2162784470701, 0], [35.4310577129915, 24.2107774474507, 0], [35.4313047125442, 24.207777447602, 0], [35.4308057129472, 24.1894434469723, 0], [35.4467777122371, 24.1692504473502, 0], [35.4472777128572, 24.1687774467986, 0], [35.4605297128425, 24.1555004471822, 0], [35.4667517127547, 24.1527214466423, 0], [35.4717487124192, 24.1463054470545, 0], [35.4814987129528, 24.1428604473099, 0], [35.4827507130815, 24.1373614467888, 0], [35.486251712666, 24.1348324471186, 0], [35.4929737131984, 24.1247504474716, 0], [35.4924737125783, 24.115110446909, 0], [35.4989437130663, 24.1041104471809, 0], [35.502445712518, 24.1031954474584, 0], [35.5099447127056, 24.1047784475476, 0], [35.5121957130515, 24.1079994469778, 0], [35.5116957124314, 24.11188944702, 0], [35.5039717120803, 24.1242774467739, 0], [35.4992217131244, 24.1288604467204, 0], [35.4973607129848, 24.1293054466693, 0], [35.4932217126183, 24.1302514471111, 0], [35.4909707122723, 24.1339174476171, 0], [35.4947207122997, 24.1394154475458, 0], [35.4994737120129, 24.1391944468721, 0], [35.5164717125569, 24.131611446834, 0], [35.5246967122394, 24.1242504471966, 0], [35.5326657124089, 24.1132504469225, 0], [35.5509147132144, 24.1132224469408, 0], [35.5548897122494, 24.1116104473164, 0], [35.5678597127079, 24.1001394469115, 0], [35.578582712289, 24.0939444469909, 0], [35.5845837126623, 24.0879724467376, 0], [35.5883067128088, 24.0797214474237, 0], [35.5940287132569, 24.0663894468253, 0], [35.6075827124237, 24.044971447271, 0], [35.6107217127059, 24.0400014472731, 0], [35.6119467129537, 24.0347214474732, 0], [35.607944712882, 24.0244164471906, 0], [35.607917713001, 24.0207504471553, 0], [35.6178897129407, 24.0127224474422, 0], [35.629112713142, 24.0074154474548, 0], [35.6370857127801, 24.0016674471469, 0], [35.6425827130647, 24.0012224467074, 0], [35.6450847124319, 24.0028054471391, 0], [35.6463317132249, 24.0087774470868, 0], [35.656555713209, 24.0050834475017, 0], [35.6637767133385, 24.0043884471029, 0], [35.6705287133533, 24.0073604466427, 0], [35.6797487126284, 24.003889447426, 0], [35.6942217133929, 24.0027214466616, 0], [35.6944427129318, 24.0000004473575, 0], [35.7103047129638, 23.9961664473167, 0], [35.7194717135002, 23.9936104468493, 0], [35.7221687123927, 23.9928344474657, 0], [35.7298627132614, 23.9852774466036, 0], [35.7384457127776, 23.9806674465401, 0], [35.7616387133529, 23.9588894465661, 0], [35.7681127133096, 23.9444714465651, 0], [35.7724157126959, 23.9253334468064, 0], [35.7798347131079, 23.91638944689, 0], [35.7879447130408, 23.9127214473147, 0], [35.793972713295, 23.9070284473268, 0], [35.7948607132313, 23.9038044465902, 0], [35.7937247127193, 23.9001674471774, 0], [35.7916947130682, 23.8969994466611, 0], [35.7876667129827, 23.8907224465037, 0], [35.7736937128384, 23.9117774471532, 0], [35.7657207132003, 23.9193324463971, 0], [35.7616387133529, 23.9309154465035, 0], [35.7451667134428, 23.9373894473525, 0], [35.7396667124009, 23.9370844464665, 0], [35.7386667134724, 23.9336664466786, 0], [35.7385297131777, 23.9332214469969, 0], [35.7201657126225, 23.9289724469365, 0], [35.7155267127917, 23.9242784466553, 0], [35.7094727125237, 23.9226384472314, 0], [35.7004437133051, 23.9137494473165, 0], [35.6962777130577, 23.912277446956, 0], [35.6943897130371, 23.9116384471391, 0], [35.6891407133283, 23.9115564467718, 0], [35.6767237133846, 23.9133054473199, 0], [35.6603317132501, 23.9220274473305, 0], [35.653362713165, 23.922916446686, 0], [35.6470567128526, 23.9274734470298, 0], [35.6421927128584, 23.9289174464482, 0], [35.6383897129363, 23.9300274467742, 0], [35.6211127124671, 23.9275554468029, 0], [35.6046377129555, 23.9275554468029, 0], [35.5974737121893, 23.9293884470667, 0], [35.5857237126429, 23.935693447302, 0], [35.5741127131256, 23.9463334473079, 0], [35.5727767125967, 23.9485284464881, 0], [35.5689167133114, 23.9549714471683, 0], [35.5652507125282, 23.956916446826, 0], [35.5589987131335, 23.9563884473346, 0], [35.5460817125697, 23.9510554467809, 0], [35.5140577130584, 23.9260824467979, 0], [35.5118597126071, 23.927499447247, 0], [35.5129437130915, 23.9297774466005, 0], [35.5314717126665, 23.9439454466812, 0], [35.5311927127412, 23.9453604466658, 0], [35.5217787126521, 23.9407504472378, 0], [35.5201117121704, 23.9426384470795, 0], [35.526779712941, 23.9476944469944, 0], [35.5359997122162, 23.9492494472909, 0], [35.5373037123725, 23.9494724473591, 0], [35.5576407132155, 23.9610274474345, 0], [35.5557217126895, 23.9633614473257, 0], [35.5470847122556, 23.9661384473417, 0], [35.5400547121826, 23.9720844468515, 0], [35.5370827128335, 23.9723894473568, 0], [35.5342487124904, 23.9701674473993, 0], [35.5237237131918, 23.9762234466842, 0], [35.5155567127398, 23.9780564471925, 0], [35.5103347129119, 23.9786664466666, 0], [35.5036927133109, 23.9742774466184, 0], [35.5018347127727, 23.9706384474064, 0], [35.5032237131962, 23.9669434474947, 0], [35.4970287131649, 23.9611664470866, 0], [35.5025827128127, 23.9559724465647, 0], [35.4971967128091, 23.9513054469359, 0], [35.4957777129033, 23.9460834470248, 0], [35.4949457124632, 23.9454444465166, 0], [35.4914167131306, 23.9427774464781, 0], [35.486888712425, 23.9415284474378, 0], [35.4859167120887, 23.9344444473204, 0], [35.4826927126952, 23.9281124467053, 0], [35.4773907130917, 23.9333054473534, 0], [35.4745567127486, 23.9301954473627, 0], [35.4778907125559, 23.9259724465056, 0], [35.475944712149, 23.9198344467653, 0], [35.4773907130917, 23.9177224470878, 0], [35.4818617121222, 23.9178334466052, 0], [35.4825557124004, 23.9159714468799, 0], [35.4790847122983, 23.9091954468431, 0], [35.4792217125931, 23.9057504465212, 0], [35.4826927126952, 23.905195446808, 0], [35.4850547121662, 23.9083324469683, 0], [35.4861677122659, 23.9048614474086, 0], [35.4840857125873, 23.8943884472284, 0], [35.4861107129026, 23.8808064468742, 0], [35.4919437124758, 23.8609444463888, 0], [35.4888877127266, 23.8520834465339, 0], [35.4904447127943, 23.8458614471756, 0], [35.4873357119945, 23.8425004473203, 0], [35.4835547126176, 23.8416944466441, 0], [35.480945712438, 23.8449724468768, 0], [35.4786687120783, 23.8443604468349, 0], [35.4785537123286, 23.8413884471766, 0], [35.4838607124238, 23.835945446439, 0], [35.4824447121194, 23.8302494468731, 0], [35.4856377121634, 23.8216954473328, 0], [35.4848327127601, 23.8180004469262, 0], [35.4844707123019, 23.8162234467782, 0], [35.4798627129766, 23.8131394467661, 0], [35.4797517126956, 23.8090284463813, 0], [35.4748347128067, 23.8041114465571, 0], [35.4760287125491, 23.7946954473267, 0], [35.478611712715, 23.7905004471254, 0], [35.4771957124106, 23.78524944633, 0], [35.4792217125931, 23.7787784465589, 0], [35.4832237126648, 23.7791384465718, 0], [35.4891937125327, 23.7863064464561, 0], [35.4938047126154, 23.7976114463765, 0], [35.4965557124256, 23.7980004463448, 0], [35.4969447127647, 23.794555446978, 0], [35.4865837124859, 23.7753624465821, 0], [35.4862217131836, 23.7714734465976, 0], [35.48911271289, 23.7688884466083, 0], [35.4950297128633, 23.7741944465625, 0], [35.4980017122124, 23.7816944473043, 0], [35.5031127129152, 23.7849734466533, 0], [35.5033347123213, 23.785444447289, 0], [35.5057797123253, 23.7906384464577, 0], [35.5097507130475, 23.789611447286, 0], [35.5141377128339, 23.7793884466702, 0], [35.5169987130579, 23.7605004467472, 0], [35.5158617126788, 23.7419724470142, 0], [35.5130277123357, 23.7390844468428, 0], [35.5105557124508, 23.7398334470155, 0], [35.5092777123083, 23.746277446851, 0], [35.5054747123863, 23.7514444467563, 0], [35.5045817131143, 23.7546674466378, 0], [35.5065277123653, 23.7605844469695, 0], [35.5051117132168, 23.762916447114, 0], [35.5008887124502, 23.7630274469981, 0], [35.497444712229, 23.7576394472097, 0], [35.4915547121366, 23.759639446632, 0], [35.4864157128417, 23.7549724464454, 0], [35.4875837125703, 23.7528614472671, 0], [35.4917487129506, 23.7509174471121, 0], [35.4960287130805, 23.7446114467386, 0], [35.4983067121514, 23.7454724467812, 0], [35.5029457131381, 23.7430284465023, 0], [35.5020297122979, 23.7306934464404, 0], [35.5030827122769, 23.7249164471908, 0], [35.5074997127016, 23.7078344469024, 0], [35.5095557123664, 23.7020284463565, 0], [35.508915713006, 23.6976944465932, 0], [35.5092247124137, 23.6921944467968, 0], [35.5133057123938, 23.6875004462592, 0], [35.513473713194, 23.6793064469101, 0], [35.513694712733, 23.6696114470583, 0], [35.5110017133091, 23.6490554463615, 0], [35.5130007124548, 23.6340824465696, 0], [35.5103607129256, 23.630027446256, 0], [35.5034447127352, 23.6313894460775, 0], [35.4998327128697, 23.6351664471091, 0], [35.4947777128189, 23.6474434465385, 0], [35.4910547126724, 23.6477774469677, 0], [35.4909437123914, 23.6372514472183, 0], [35.4873357119945, 23.6332224463883, 0], [35.4914437130115, 23.6294444467716, 0], [35.4921957125201, 23.6220834462798, 0], [35.4947207122997, 23.6236114465863, 0], [35.4953347128023, 23.6272504468779, 0], [35.4973337131039, 23.6274164467737, 0], [35.5007787131922, 23.6186104469538, 0], [35.5010267126121, 23.6171664469533, 0], [35.5051117132168, 23.5916674464641, 0], [35.5076377128635, 23.5929714470908, 0], [35.508804712725, 23.5979734471327, 0], [35.5086677124302, 23.6085284469386, 0], [35.5106397128509, 23.6082494466331, 0], [35.5117497121932, 23.6045554471212, 0], [35.510501712689, 23.5890004463213, 0], [35.5070007131045, 23.5737224467892, 0], [35.5092507124274, 23.5663334462572, 0], [35.5061117133012, 23.5545004468963, 0], [35.5073057130436, 23.5457494465357, 0], [35.505722712962, 23.5359444461718, 0], [35.5036127123794, 23.5318604468477, 0], [35.5020297122979, 23.5306664464007, 0], [35.4969717126456, 23.5267774466031, 0], [35.4928057123982, 23.5062774463789, 0], [35.4889187120761, 23.501112446281, 0], [35.4873887130451, 23.4928894463505, 0], [35.4920847122391, 23.4849724465783, 0], [35.4906657123333, 23.4794994460546, 0], [35.4944157123607, 23.472528446629, 0], [35.4963877127813, 23.464445446284, 0], [35.5036927133109, 23.4596384469257, 0], [35.510307713031, 23.449361446125, 0], [35.5200277129263, 23.4426674468279, 0], [35.5270277123609, 23.4289174467356, 0], [35.533359712687, 23.4248334465457, 0], [35.5348057124738, 23.4238894463161, 0], [35.5393067132986, 23.4097784459853, 0], [35.5438617127292, 23.4045834468021, 0], [35.5416107123833, 23.3970834464097, 0], [35.5458607130308, 23.3903064465296, 0], [35.545944712275, 23.3850274462807, 0], [35.5480847123399, 23.3824444460492, 0], [35.5557517133278, 23.3810824459966, 0], [35.5582777129745, 23.3754994462203, 0], [35.5605547121783, 23.3470004460976, 0], [35.5556377122894, 23.3409444469279, 0], [35.5550007125304, 23.3368344462713, 0], [35.55760971271, 23.3264444463631, 0], [35.554554712828, 23.3166674460442, 0], [35.5556677129277, 23.3122764468562, 0], [35.5628057125242, 23.2811104467085, 0], [35.5760847123903, 23.2555004464603, 0], [35.575508892942, 23.2539920507129, 0], [35.471503792359, 23.2506969719657, 0], [33.0859778193854, 23.1944854228436, 0], [33.1104447524356, 22.698809418669, 0], [32.4498375600799, 22.1900062754899, 0], [32.4566088107162, 22.0042994069336, 0], [32.5110048932834, 20.5037479982558, 0], [30.3212143847114, 20.4693687404392, 0], [30.4031588649028, 22.0064394920959, 0], [30.4190821169123, 22.3032346706797, 0], [31.312125173823, 23.7219346572584, 0], [30.4924829160629, 24.7259829738607, 0], [27.6176182820851, 24.8259497068989, 0], [27.4925116903245, 31.2065592037901, 0], [27.541334705257, 31.2076664535609, 0], [27.549833705529, 31.2064994540743, 0], [27.5548327049278, 31.2045274540052, 0], [27.5574437048417, 31.201584453693, 0], [27.5638047047831, 31.1944164536141, 0], [27.5666947057782, 31.1931954534826, 0], [27.6340277053382, 31.1949734537148, 0], [27.6392237051524, 31.191610453874, 0], [27.6445007057652, 31.1825274537026, 0], [27.6531657047912, 31.1788334536267, 0], [27.6649437052416, 31.1798614538605, 0], [27.6905277049032, 31.1779994534214, 0], [27.7067227057783, 31.1841664537043, 0], [27.7149717057402, 31.1830274540031, 0], [27.7302787055231, 31.1857774539402, 0], [27.7643607055896, 31.1973894533087, 0], [27.7817497050511, 31.2051394539262, 0], [27.8255557056374, 31.2178324538489, 0], [27.8278887054932, 31.2185264537052, 0], [27.8298347059001, 31.2190834531978, 0], [27.8358327055161, 31.2223344535254, 0], [27.8483047050887, 31.2336674538566, 0], [27.856805705095, 31.2455564532994, 0], [27.8618607051458, 31.2456394536366, 0], [27.8679167051481, 31.2429444536205, 0], [27.8701957052421, 31.2334724537874, 0], [27.8671397054929, 31.2239174536318, 0], [27.8680287052963, 31.2193894540034, 0], [27.8689177050996, 31.2149444536033, 0], [27.867195704989, 31.1989444536585, 0], [27.8702777059079, 31.1889724538451, 0], [27.875860705171, 31.1823884541627, 0], [27.8885847059439, 31.1733054533037, 0], [27.888889705883, 31.1724164536423, 0], [27.8912227057388, 31.1658894539686, 0], [27.8896677054053, 31.1411664539998, 0], [27.8945277059309, 31.1224444534712, 0], [27.9010567055166, 31.1123884533742, 0], [27.9080017053222, 31.1066664540701, 0], [27.9184437052438, 31.1010834535917, 0], [27.9365827056355, 31.094333453099, 0], [27.951166705525, 31.0922774534398, 0], [27.9687507056676, 31.0916674535154, 0], [28.0009447057135, 31.090500453517, 0], [28.0250557057075, 31.0865554530911, 0], [28.0338617056528, 31.0869714531, 0], [28.0403887055041, 31.0895004532191, 0], [28.0867787061235, 31.0896664533219, 0], [28.1140557062805, 31.0910834534461, 0], [28.1279457058918, 31.0917774535641, 0], [28.1403067063394, 31.0939164539121, 0], [28.1570837061885, 31.0936104535296, 0], [28.1818887053047, 31.0813334537303, 0], [28.209888706511, 31.0749434536973, 0], [28.2554437059329, 31.0746674536946, 0], [28.2630007065068, 31.076166453215, 0], [28.2768057058509, 31.0752774538344, 0], [28.3199157064247, 31.0671944534256, 0], [28.3338337057841, 31.0683324533431, 0], [28.3465277059188, 31.0715824537837, 0], [28.3595567054748, 31.0766394533426, 0], [28.3635277061971, 31.0765004540056, 0], [28.379028705638, 31.0828614536987, 0], [28.3969997063855, 31.0845544531496, 0], [28.3988347065114, 31.0847224536354, 0], [28.4158617055147, 31.0894164537721, 0], [28.4241107066325, 31.0893614538818, 0], [28.4345557061555, 31.0841944532298, 0], [28.4630287057892, 31.0772494536998, 0], [28.4794997058321, 31.0640834533947, 0], [28.4915007067117, 31.0581664535459, 0], [28.4991667066764, 31.0567494539041, 0], [28.5050567056129, 31.0574724536148, 0], [28.5289997059625, 31.0504434539777, 0], [28.5303897062532, 31.0505834539576, 0], [28.5512217060687, 31.0528894534292, 0], [28.5583897063036, 31.051944453405, 0], [28.5722507062997, 31.0404454535762, 0], [28.5828347058518, 31.0386944538622, 0], [28.5911947060947, 31.0354174535594, 0], [28.6110847062122, 31.01636145341, 0], [28.6302507065692, 31.0099454538714, 0], [28.6580017061767, 31.0039444531447, 0], [28.6618887064988, 31.0030844530297, 0], [28.6882787065868, 31.0033054534473, 0], [28.7051657068498, 31.005222453562, 0], [28.7103887065449, 31.0031944534541, 0], [28.7145557066594, 30.9956954538805, 0], [28.7193897060154, 30.9909444531469, 0], [28.732166706683, 30.9851954539659, 0], [28.7566397059792, 30.9840834536761, 0], [28.758667705896, 30.9819454539337, 0], [28.7570007065703, 30.97488945397, 0], [28.7612787069659, 30.9701384538802, 0], [28.7774167061658, 30.9619714532783, 0], [28.7893627062604, 30.9555834533343, 0], [28.793861706195, 30.9554154539783, 0], [28.7959177070158, 30.9539724532543, 0], [28.8246117061884, 30.9519994532182, 0], [28.8323617065532, 30.9420544533727, 0], [28.832027706999, 30.9351944535564, 0], [28.8363617068907, 30.9256384538362, 0], [28.8431667068002, 30.9178044535144, 0], [28.8528887064298, 30.9098604535546, 0], [28.8795837064568, 30.8953344533309, 0], [28.888416706283, 30.8911114529392, 0], [28.8945277070702, 30.8853894531333, 0], [28.9048887061931, 30.8780554535871, 0], [28.9109727070994, 30.8737504534273, 0], [28.9476107062949, 30.8613604529623, 0], [28.974361706974, 30.848167453138, 0], [28.9821397070869, 30.8414444530775, 0], [28.9791397068338, 30.836944453641, 0], [28.9804447068572, 30.8326954533028, 0], [28.9886957065534, 30.8308334530637, 0], [28.9921117070266, 30.8362504530177, 0], [28.9945837069114, 30.8373054532654, 0], [29.0000007062646, 30.832361453577, 0], [29.0025557066824, 30.831028453501, 0], [29.0112497064796, 30.8277494533094, 0], [29.0135557064545, 30.8292214537321, 0], [29.025417706149, 30.8256114536666, 0], [29.0298617064546, 30.8226394528616, 0], [29.0326677070497, 30.8209434533383, 0], [29.0342217063601, 30.8215004531253, 0], [29.0358337072127, 30.8211384530165, 0], [29.0412507065658, 30.8200554533097, 0], [29.0434727061407, 30.818805453043, 0], [29.0498887068669, 30.8187214534805, 0], [29.0547507071268, 30.817638453321, 0], [29.0628607070597, 30.8162494531739, 0], [29.063333706643, 30.8167494528542, 0], [29.0644727067564, 30.8158894534602, 0], [29.0821387064089, 30.8146114535072, 0], [29.0917497069134, 30.8142224537426, 0], [29.0944447072275, 30.8139174532619, 0], [29.0987227064672, 30.8137224528213, 0], [29.1008057071688, 30.8142774534171, 0], [29.1120287062142, 30.8139994536751, 0], [29.1130277064314, 30.814527453255, 0], [29.114666707165, 30.814167453044, 0], [29.1156947069974, 30.8146664529589, 0], [29.1183897073115, 30.8143614528951, 0], [29.1331947067399, 30.8156664532917, 0], [29.1342227065723, 30.8161944536359, 0], [29.1347777068214, 30.8157504535406, 0], [29.1373887067354, 30.8163604528135, 0], [29.1600837064249, 30.8190554530082, 0], [29.1605837070451, 30.8195284529764, 0], [29.1622217067556, 30.8191664533757, 0], [29.1648337065367, 30.8197784530449, 0], [29.1743057070122, 30.821222453443, 0], [29.1748047066092, 30.8217224530436, 0], [29.1895007066469, 30.8243884528862, 0], [29.1931117066452, 30.8254454536043, 0], [29.2306677064153, 30.8363614533573, 0], [29.2427217071894, 30.8388884534421, 0], [29.2450827067933, 30.8395274537787, 0], [29.249000706465, 30.840610453173, 0], [29.2515837066309, 30.8416674529245, 0], [29.25213870688, 30.8412494529601, 0], [29.260360706961, 30.8453884533549, 0], [29.2687777065672, 30.8467774537106, 0], [29.2782237070289, 30.8486934537215, 0], [29.2957237067714, 30.8565564532447, 0], [29.3158057068127, 30.8659444530775, 0], [29.3256957072425, 30.8692494534926, 0], [29.3366397075185, 30.8721674531507, 0], [29.3481947063838, 30.8764724529934, 0], [29.3578897072884, 30.8827784531197, 0], [29.3729437071598, 30.8865834531579, 0], [29.3877777073594, 30.8950554535285, 0], [29.3980277073572, 30.8975834529927, 0], [29.403055707527, 30.902389453678, 0], [29.4248337065092, 30.9118064537715, 0], [29.4542507067312, 30.9245284532147, 0], [29.4637777068356, 30.9301944534938, 0], [29.4950007075683, 30.9427774537597, 0], [29.5293887074409, 30.9614164534146, 0], [29.5380007065723, 30.9645274534407, 0], [29.5523337074405, 30.9729174539534, 0], [29.5565547073169, 30.9754164531591, 0], [29.575471707231, 30.9899734531931, 0], [29.5984387077757, 31.0044174535673, 0], [29.6488347067796, 31.0361114538705, 0], [29.6595557077823, 31.044834453992, 0], [29.6694717070699, 31.0484444540614, 0], [29.678054707742, 31.0572774532396, 0], [29.6863617069344, 31.0612774540164, 0], [29.7074167071791, 31.0809724536193, 0], [29.7328337070636, 31.0932774532161, 0], [29.7425007070642, 31.097973453747, 0], [29.7525277077888, 31.1048054534303, 0], [29.7800007073381, 31.1293054538304, 0], [29.7878607069609, 31.1420274538826, 0], [29.8022217075772, 31.1327224536743, 0], [29.8166107079415, 31.1330544538591, 0], [29.8262507069053, 31.1373334534498, 0], [29.8398347078664, 31.1477504531138, 0], [29.842027707826, 31.1515004532015, 0], [29.8437507078038, 31.1545564533158, 0], [29.8478607073992, 31.1572494537843, 0], [29.8518627074709, 31.1571674540626, 0], [29.8598617071228, 31.1673604538191, 0], [29.882139707881, 31.1854444537472, 0], [29.8811397077967, 31.1898324537416, 0], [29.8777507072045, 31.1911394535897, 0], [29.8806957078286, 31.1983604535157, 0], [29.8740827078428, 31.1981104536563, 0], [29.8629177080279, 31.1915834532408, 0], [29.8628617073759, 31.1915554538945, 0], [29.8622227078826, 31.1936114536489, 0], [29.8705557070887, 31.202194453717, 0], [29.8756397079106, 31.2021674541265, 0], [29.8799997078161, 31.205555453977, 0], [29.8788897073179, 31.2112504535089, 0], [29.8834997075334, 31.2100274541439, 0], [29.8836677071777, 31.2097774534819, 0], [29.8896947075648, 31.2008344539617, 0], [29.8988607070781, 31.1997774536227, 0], [29.9044997069932, 31.2028334533099, 0], [29.9104997074994, 31.2092494540878, 0], [29.9152507074784, 31.2103614533328, 0], [29.9295007078136, 31.2184714535578, 0], [29.9403327079414, 31.2257784536272, 0], [29.9558627069976, 31.2399154534676, 0], [29.9598617074679, 31.2400834534516, 0], [29.9731107078516, 31.2525274535616, 0], [29.9785557081087, 31.2554724538133, 0], [29.9858897070976, 31.2633344542244, 0], [29.9862217080735, 31.2642234540146, 0], [29.9882227081094, 31.2698324536349, 0], [29.9972227077127, 31.2713334534761, 0], [29.9981117075161, 31.2748054535203, 0], [30.0000007074038, 31.2764454540302, 0], [30.0075837079916, 31.2829724539578, 0], [30.00633270773, 31.286138453413, 0], [30.0102217077864, 31.2888054536858, 0], [30.0136397079939, 31.2898614541185, 0], [30.0166957077431, 31.2876954535963, 0], [30.0235557072815, 31.2888604533727, 0], [30.0339717071893, 31.2940824533458, 0], [30.0455837077297, 31.3073614536881, 0], [30.0441667075581, 31.3141934533687, 0], [30.0479457072007, 31.3184724540461, 0], [30.0561397075337, 31.3206124542041, 0], [30.0658347072824, 31.3292504540013, 0], [30.0732497082258, 31.3308884536525, 0], [30.0754457077869, 31.3293614537297, 0], [30.0747507076416, 31.3274994542029, 0], [30.0710567071103, 31.3266664542349, 0], [30.0694447074135, 31.3227214533046, 0], [30.0672497077196, 31.3173614534824, 0], [30.0701387076917, 31.3131104535445, 0], [30.0686957075064, 31.3098334535773, 0], [30.0718067080405, 31.3067494534446, 0], [30.0745837078645, 31.2992784534718, 0], [30.0827217075454, 31.291555454038, 0], [30.0856387072655, 31.2815834540455, 0], [30.089527707322, 31.2782784539665, 0], [30.0954517075212, 31.2771534538284, 0], [30.1016677070747, 31.2759724540574, 0], [30.1155837078557, 31.2755834541654, 0], [30.1238067078039, 31.27130545404, 0], [30.1419447071725, 31.2714994541971, 0], [30.1618887082078, 31.2676664534923, 0], [30.1738057075313, 31.2701664538407, 0], [30.2106957079271, 31.2800274534479, 0], [30.2524717077064, 31.2989734533148, 0], [30.2881107078406, 31.3238884540691, 0], [30.2974457080213, 31.3338604537483, 0], [30.313249707667, 31.3507214539569, 0], [30.3378627080154, 31.3945004542215, 0], [30.3510287078662, 31.431444453509, 0], [30.3538897080902, 31.4441664542086, 0], [30.3540287081193, 31.4482784540713, 0], [30.3545837083684, 31.4687504541035, 0], [30.3525827083325, 31.4766944543573, 0], [30.3458617076672, 31.4888324537398, 0], [30.3467777073515, 31.4916114537016, 0], [30.3478057083399, 31.4911934543536, 0], [30.3498057085086, 31.4903604544116, 0], [30.3530007082869, 31.4859164536032, 0], [30.3557777081108, 31.4772774541527, 0], [30.3622497083331, 31.4653344540055, 0], [30.3772507083099, 31.4479714541105, 0], [30.3869177083105, 31.441888453664, 0], [30.3882777079629, 31.4410284535594, 0], [30.3956017082802, 31.4409464538414, 0], [30.3957787078848, 31.4409444538234, 0], [30.3958417076069, 31.4412004538173, 0], [30.3961107077048, 31.4422784534383, 0], [30.3966387080729, 31.444471453874, 0], [30.3878327081276, 31.444915453934, 0], [30.3828607074539, 31.4479444539149, 0], [30.3737777084735, 31.4590834536728, 0], [30.3734727073785, 31.4597774541559, 0], [30.3620837084232, 31.4852774538078, 0], [30.3499167076337, 31.4986114537668, 0], [30.3512497074051, 31.5046384539627, 0], [30.356388707856, 31.5089434542808, 0], [30.3595567077534, 31.5097504543916, 0], [30.3715287078618, 31.5055824541752, 0], [30.3903337076277, 31.4931664542906, 0], [30.3998607077321, 31.4841114536695, 0], [30.412611708386, 31.4749164542837, 0], [30.4216387078702, 31.4708884542648, 0], [30.4279447081826, 31.4676664541514, 0], [30.4401117078162, 31.4644164534344, 0], [30.4467227080677, 31.4605274540898, 0], [30.4691947084839, 31.4546394535655, 0], [30.4831947085091, 31.4528334540383, 0], [30.5143607075667, 31.4555284536641, 0], [30.5325837083585, 31.4598334542349, 0], [30.6122787082332, 31.4785824544014, 0], [30.6730007086977, 31.4968054539848, 0], [30.7690837080823, 31.5255284538117, 0], [30.8109727078769, 31.5403324535014, 0], [30.8341677081866, 31.5485284537689, 0], [30.8479997085675, 31.5508064535998, 0], [30.8606117080364, 31.5557784542662, 0], [30.8869727085091, 31.5589164543221, 0], [30.9105547082677, 31.5649454543874, 0], [30.9506667083227, 31.5778064539067, 0], [30.9668067084129, 31.5830004537967, 0], [30.9703067081302, 31.5824164543905, 0], [30.9717507081826, 31.5796944544102, 0], [30.9424177083608, 31.5707494539733, 0], [30.93811070835, 31.5651114543508, 0], [30.9318617085568, 31.5676674536499, 0], [30.8827787085136, 31.5512214538015, 0], [30.8644447085967, 31.5476664539292, 0], [30.859888708143, 31.5451944541123, 0], [30.8526937080272, 31.5413054543308, 0], [30.8417777086552, 31.5398064542122, 0], [30.8360277084591, 31.5302224541506, 0], [30.8321667081507, 31.5268894540181, 0], [30.8132787078518, 31.5187224537255, 0], [30.8104437087975, 31.5156384541715, 0], [30.8046957083357, 31.5129454536007, 0], [30.7964177087585, 31.5126664543527, 0], [30.7932497088612, 31.5111944544445, 0], [30.7886947082746, 31.5055274541821, 0], [30.7782237087378, 31.5001394543326, 0], [30.7470837085381, 31.4904174544027, 0], [30.7364997078302, 31.4858604543417, 0], [30.7350277080296, 31.4851954543881, 0], [30.7219717085927, 31.4836384542687, 0], [30.7128887084564, 31.4778324541936, 0], [30.6931667079831, 31.4583604541656, 0], [30.6858617086094, 31.4542214537428, 0], [30.671693707784, 31.4539724539031, 0], [30.6666947083853, 31.4524444537106, 0], [30.6606107086349, 31.4448894538107, 0], [30.6507497078203, 31.4381394535327, 0], [30.6438887084148, 31.4363064539115, 0], [30.6342777079102, 31.435972453491, 0], [30.6194727084818, 31.4322774539947, 0], [30.614500707808, 31.4281384543314, 0], [30.6119997083079, 31.4260564534199, 0], [30.5908057080341, 31.4216674542674, 0], [30.5846937085357, 31.4207784535162, 0], [30.5734997079496, 31.4261394535081, 0], [30.5680277078116, 31.422722453877, 0], [30.5583617076781, 31.4239994534432, 0], [30.5544457077408, 31.4220274539254, 0], [30.5457497082093, 31.3905564534482, 0], [30.5493887079557, 31.3867784536074, 0], [30.5537497077283, 31.3905834533945, 0], [30.5588057076463, 31.3914454534091, 0], [30.5680827085965, 31.3869434535465, 0], [30.5805557080363, 31.3892234537938, 0], [30.582527708457, 31.3869724537271, 0], [30.5854727079252, 31.386638454269, 0], [30.5892777075816, 31.3796384541657, 0], [30.5925567077599, 31.3776954541047, 0], [30.6045287078683, 31.3847504538588, 0], [30.6191947084236, 31.3859444540725, 0], [30.6234437080481, 31.3860834538514, 0], [30.6293337081404, 31.3803064543109, 0], [30.6306387081639, 31.3869994537171, 0], [30.6462237080049, 31.3909724538417, 0], [30.6529167077662, 31.3907514542013, 0], [30.6582507077423, 31.3966394538027, 0], [30.6626947080478, 31.3988614535381, 0], [30.6623617083607, 31.4064164541076, 0], [30.668638707902, 31.4210834543163, 0], [30.6739737077452, 31.4212494543447, 0], [30.6840847077139, 31.4168054543032, 0], [30.687084707967, 31.4155004535026, 0], [30.6974717082596, 31.416305453859, 0], [30.7004167077278, 31.4102234537941, 0], [30.7127227085464, 31.4041944536617, 0], [30.722555708457, 31.3873334538649, 0], [30.7269177080968, 31.3851664543158, 0], [30.7293057087375, 31.3856944538742, 0], [30.7378337086247, 31.3981384542121, 0], [30.743722707694, 31.4038334542247, 0], [30.7546677078371, 31.4044434535328, 0], [30.7561957082897, 31.4058614541871, 0], [30.7628617081701, 31.4125004539663, 0], [30.7690277085862, 31.4120274539505, 0], [30.7717787083964, 31.4166944542454, 0], [30.7703347083439, 31.4189454537892, 0], [30.7719177084255, 31.4254174534537, 0], [30.7704447087578, 31.4281124534993, 0], [30.7721677087355, 31.4320834538252, 0], [30.7918607084377, 31.4460274536643, 0], [30.7958057079902, 31.4456944543169, 0], [30.8001677087859, 31.4453604538243, 0], [30.8103337083836, 31.4395004542905, 0], [30.811111707906, 31.4338054536498, 0], [30.8178067085575, 31.427360454159, 0], [30.8215007079329, 31.4283884539215, 0], [30.8314727078725, 31.4268894534457, 0], [30.8421667078385, 31.4327224537311, 0], [30.8451387083435, 31.4321384535887, 0], [30.8480287081827, 31.4271944540981, 0], [30.8566387087357, 31.4263054534641, 0], [30.8714447080313, 31.4295564538896, 0], [30.8763337081722, 31.4283334539307, 0], [30.8828337081426, 31.4202784535355, 0], [30.8957507087064, 31.4115274536894, 0], [30.8999727084499, 31.4128054540614, 0], [30.9092217084962, 31.4218064534279, 0], [30.9109177085931, 31.4225824538965, 0], [30.9194457084803, 31.4264714541126, 0], [30.9224727086143, 31.4304714534741, 0], [30.932333708273, 31.4378894543037, 0], [30.9358887087751, 31.4485554542101, 0], [30.9392517081977, 31.4511944543587, 0], [30.9443057083814, 31.4515844538562, 0], [30.9554157085673, 31.4480284542789, 0], [30.9716957085537, 31.4489994536533, 0], [30.9798887090195, 31.4451394540897, 0], [30.9845007089693, 31.4496384536027, 0], [30.989000708771, 31.4506954537969, 0], [30.9962767085295, 31.4554994539671, 0], [31.004917708432, 31.4663044536742, 0], [31.0049997090978, 31.4706674536378, 0], [31.0008337088503, 31.4742224536305, 0], [31.002832707996, 31.4777224540652, 0], [31.0070837085107, 31.4785274543012, 0], [31.0087227080883, 31.4801674542422, 0], [31.0104167084509, 31.481861453613, 0], [31.0216677084002, 31.5007784541059, 0], [31.0240557090409, 31.5074994539422, 0], [31.021139708032, 31.5131394537666, 0], [31.021804708695, 31.5165824536493, 0], [31.0250837088734, 31.5146394544672, 0], [31.0463337086433, 31.5184994544305, 0], [31.0664157086845, 31.5179734543473, 0], [31.0804997091098, 31.5144994539227, 0], [31.0841387088562, 31.5100274539479, 0], [31.0885277083769, 31.51427845384, 0], [31.0919727084652, 31.5148334540726, 0], [31.0931667082076, 31.5121384544709, 0], [31.0922777084043, 31.5033604535366, 0], [31.091638708911, 31.4971944542832, 0], [31.0900847084447, 31.4957504538168, 0], [31.0978897084385, 31.4884164537909, 0], [31.1026937083121, 31.4888054534983, 0], [31.1057777089652, 31.4916384541188, 0], [31.1082497088501, 31.5029454534978, 0], [31.1166667084563, 31.5197224542706, 0], [31.1173327089865, 31.5229434535772, 0], [31.1144447088815, 31.5283604539067, 0], [31.1141117091944, 31.5289174543424, 0], [31.1040557088547, 31.5461674535151, 0], [31.0999167084881, 31.5500834539098, 0], [31.0996117085491, 31.5503884540493, 0], [31.0842227081004, 31.5533624538416, 0], [31.0790007082725, 31.5569174543872, 0], [31.0709997088863, 31.5623604543058, 0], [31.0454157080688, 31.572584453883, 0], [31.0360277079934, 31.5727504540352, 0], [31.0278607086973, 31.5763894535067, 0], [31.0018617086828, 31.5824164543905, 0], [30.9937787086308, 31.5842784543017, 0], [30.9766947079524, 31.5835284536844, 0], [30.9765547080562, 31.5865004544059, 0], [31.0268617084801, 31.6004444540849, 0], [31.0522787083646, 31.6009994538706, 0], [31.0730557085512, 31.6032504540294, 0], [31.0919997083461, 31.6023884540091, 0], [31.1127777083999, 31.6014724545649, 0]]], [[[31.4745005919478, 22.2250823130309, 0], [31.4740759512573, 22.2249150982297, 0], [31.4745005711413, 22.2250822841399, 0], [31.4835834499065, 22.2192783361741, 0], [31.4745005919478, 22.2250823130309, 0]]], [[[31.4103336330079, 22.1814441686954, 0], [31.4083061220435, 22.1781120304978, 0], [31.4085273735721, 22.1784725198692, 0], [31.4103336330079, 22.1814441686954, 0]]], [[[31.3211667089482, 22.0133614447664, 0], [31.3185277092862, 22.0064164452332, 0], [31.3211677088154, 22.0133614447664, 0], [31.323415708404, 22.0192224450519, 0], [31.3211667089482, 22.0133614447664, 0]]], [[[32.3083877096856, 22.0041394449615, 0], [32.240696709136, 22.0040554449736, 0], [32.2766787099408, 22.0040994453307, 0], [32.3083877096856, 22.0041394449615, 0]]]]}}]}